[2026-08-30 00:24:49] [orchestrator] [COLLECT] 扫描 cache，发现 237 个目录
[2026-08-30 00:24:49] [orchestrator] [COLLECT] 跳过 2026_wind_A_cantilever_beam_structured_triboelectric_nanogenerator_for_micro_vibration_energy_harves：缺少 score.json 或 index.json（reviewer 尚未完成）
[2026-08-30 00:24:49] [orchestrator] [COLLECT] 跳过 2026_wind_Integrated_charge_excitation_triboelectric_nanogenerator_for_all_weather_wave_energy_harve：缺少 score.json 或 index.json（reviewer 尚未完成）
[2026-08-30 00:24:49] [orchestrator] [COLLECT] 跳过 2026_wind_Small_A_Dual_Module_Triboelectric_Nanogenerator_With_Ultrahigh_Charging_Efficiency_for_Broadband_Vibration_Wind_Harvestin：缺少 score.json 或 index.json（reviewer 尚未完成）
[2026-08-30 00:24:49] [orchestrator] [COLLECT] 跳过 2026_wind_Wind_energy_driven_rabbit_hair_TENG_for_railway_detection：缺少 score.json 或 index.json（reviewer 尚未完成）
[2026-08-30 00:24:49] [orchestrator] [COLLECT] 跳过 3D-omnidirectional-and-distance-enhanced-triboelectric-acoust_2026_Nano-Ener：缺少 score.json 或 index.json（reviewer 尚未完成）
[2026-08-30 00:24:49] [orchestrator] [COLLECT] 跳过 A-dynamically-cross-linked-LA-Arg-NMA-hydrogel-with-integrated-sel_2026_Nano：缺少 score.json 或 index.json（reviewer 尚未完成）
[2026-08-30 00:24:49] [orchestrator] [COLLECT] 跳过 A-multi-dimensional-tactile-perception-system-based-on-triboelect_2024_Nano-：缺少 score.json 或 index.json（reviewer 尚未完成）
[2026-08-30 00:24:49] [orchestrator] [COLLECT] 跳过 A-real-time-self-powered-wireless-pressure-sensing-system-based-_2025_Nano-E：缺少 score.json 或 index.json（reviewer 尚未完成）
[2026-08-30 00:24:49] [orchestrator] [COLLECT] 跳过 A-self-powered-wearable-structured-foam-built-in-electrode-triboel_2026_Nano：缺少 score.json 或 index.json（reviewer 尚未完成）
[2026-08-30 00:24:49] [orchestrator] [COLLECT] 跳过 A-wearable-sign-language-translation-device-utilizing-silicone-hy_2025_Nano-：缺少 score.json 或 index.json（reviewer 尚未完成）
[2026-08-30 00:24:49] [orchestrator] [COLLECT] 跳过 ACS Energy Letters-Self-Propelled Nanocellulose Aerogel Eco-Robots for Self-Powered Aquatic Environment Perception：缺少 score.json 或 index.json（reviewer 尚未完成）
[2026-08-30 00:24:49] [orchestrator] [COLLECT] 跳过 ACS Nano-Neuromorphic Computing-Assisted Triboelectric Capacitive-Coupled Tactile Sensor Array for Wireless Mixed Reality Interaction：缺少 score.json 或 index.json（reviewer 尚未完成）
[2026-08-30 00:24:49] [orchestrator] [COLLECT] 跳过 ACS Nano-Neuromorphic-Computing-Assisted Triboelectric-Capacitive-Coupled Tactile Sensor Array for Wireless Mixed Reality Interaction：缺少 score.json 或 index.json（reviewer 尚未完成）
[2026-08-30 00:24:49] [orchestrator] [COLLECT] 跳过 ACS Nano-Triboelectric Spectroscopy for In-Situ Detection of Gas Molecules in Liquid：缺少 score.json 或 index.json（reviewer 尚未完成）
[2026-08-30 00:24:49] [orchestrator] [COLLECT] 跳过 ACS Nano-Triboelectric Spectroscopy for identification of Metal Ion Valence States in Aqueous Solutions：缺少 score.json 或 index.json（reviewer 尚未完成）
[2026-08-30 00:24:49] [orchestrator] [COLLECT] 跳过 Adv Funct Materials - 2022 - Han - Hybrid Triboelectric‐Electromagnetic Nanogenerator with a Double‐Sided Fluff and Double：缺少 score.json 或 index.json（reviewer 尚未完成）
[2026-08-30 00:24:49] [orchestrator] [COLLECT] 跳过 Adv Funct Materials - 2022 - Qu - Spherical Triboelectric Nanogenerator Based on Eccentric Structure for Omnidirectional：缺少 score.json 或 index.json（reviewer 尚未完成）
[2026-08-30 00:24:49] [orchestrator] [COLLECT] 跳过 Adv Funct Materials - 2022 - Qu - Spherical Triboelectric Nanogenerator Based on Eccentric Structure for Omnidirectional_1：缺少 score.json 或 index.json（reviewer 尚未完成）
[2026-08-30 00:24:49] [orchestrator] [COLLECT] 跳过 Adv Funct Materials - 2022 - Yang - Barycenter Self‐Adapting Triboelectric Nanogenerator for Sea Water Wave High‐Entropy：缺少 score.json 或 index.json（reviewer 尚未完成）
[2026-08-30 00:24:49] [orchestrator] [COLLECT] 跳过 Adv Funct Materials - 2022 - Yu - Moisture Resistant and Stable Wireless Wind Speed Sensing System Based on Triboelectric：缺少 score.json 或 index.json（reviewer 尚未完成）
[2026-08-30 00:24:49] [orchestrator] [COLLECT] 跳过 Adv Funct Materials - 2023 - Mu - Achieving High‐Efficiency Wind Energy Harvesting Triboelectric Nanogenerator by Coupling (1)：缺少 score.json 或 index.json（reviewer 尚未完成）
[2026-08-30 00:24:49] [orchestrator] [COLLECT] 跳过 Adv Funct Materials - 2023 - Yang - A Swing Self‐Regulated Triboelectric Nanogenerator for High‐Entropy Ocean Breaking：缺少 score.json 或 index.json（reviewer 尚未完成）
[2026-08-30 00:24:49] [orchestrator] [COLLECT] 跳过 Adv Funct Materials - 2024 - Wang - Self‐Healing Hydrogel‐Based Triboelectric Nanogenerator in Smart Glove System for：缺少 score.json 或 index.json（reviewer 尚未完成）
[2026-08-30 00:24:49] [orchestrator] [COLLECT] 跳过 Adv Funct Materials - 2024 - Zhu - Hierarchical Structure by Self‐sedimentation of Liquid Metal for Flexible Sensor (1)：缺少 score.json 或 index.json（reviewer 尚未完成）
[2026-08-30 00:24:49] [orchestrator] [COLLECT] 跳过 Adv Funct Materials - 2025 - Gao - Fabric-Reinforced Functional Insoles for Energy Harvesting and AI-Empowered Motion Monitoring：缺少 score.json 或 index.json（reviewer 尚未完成）
[2026-08-30 00:24:49] [orchestrator] [COLLECT] 跳过 Adv Funct Materials - 2025 - Gong - Alternating Electrical Polarity Enabled Efficient Charge Capture Triboelectric：缺少 score.json 或 index.json（reviewer 尚未完成）
[2026-08-30 00:24:49] [orchestrator] [COLLECT] 跳过 Adv Funct Materials - 2025 - Guo - Flexible Triboelectric Nanogenerator Arrays for Energy Harvesting and Direct Current：缺少 score.json 或 index.json（reviewer 尚未完成）
[2026-08-30 00:24:49] [orchestrator] [COLLECT] 跳过 Adv Funct Materials - 2025 - Lee - Metamaterial Adhesives-Integrated Triboelectric Nanogenerators with Enhanced and Programmable Charge Generation and Adhesion：缺少 score.json 或 index.json（reviewer 尚未完成）
[2026-08-30 00:24:49] [orchestrator] [COLLECT] 跳过 Adv Funct Materials - 2025 - Xiao - Tubular Oil Solid Triboelectric Nanogenerator Adopted for Self‐Powered Impurities：缺少 score.json 或 index.json（reviewer 尚未完成）
[2026-08-30 00:24:49] [orchestrator] [COLLECT] 跳过 Adv Funct Materials - 2026 - Li - Loofah‐Inspired Hierarchical Porous Triboelectric Nanogenerator with Dual Phase Flame：缺少 score.json 或 index.json（reviewer 尚未完成）
[2026-08-30 00:24:49] [orchestrator] [COLLECT] 跳过 Adv Materials Technologies - 2025 - Huo - Gravity‐Switch‐Triggered Triboelectric Nanogenerator for Multi‐Directional Wave：缺少 score.json 或 index.json（reviewer 尚未完成）
[2026-08-30 00:24:49] [orchestrator] [COLLECT] 跳过 Adv Materials Technologies - 2025 - Manojkumar - Triboelectric Nanogenerator‐Enabled Smart Agriculture  Self‐Powered：缺少 score.json 或 index.json（reviewer 尚未完成）
[2026-08-30 00:24:49] [orchestrator] [COLLECT] 跳过 Adv. Energy Mater-Fur-Brush Disk Triboelectric Nanogenerator Driven by Cantilever Oscillating Float Mechanism for Near-Shore Marine Environment Monitoring：缺少 score.json 或 index.json（reviewer 尚未完成）
[2026-08-30 00:24:49] [orchestrator] [COLLECT] 跳过 Adv. Energy Mater.-A piezo-tribovoltaic nanogenerator with ultrahigh output power density and dynamic sensory functions：缺少 score.json 或 index.json（reviewer 尚未完成）
[2026-08-30 00:24:49] [orchestrator] [COLLECT] 跳过 Adv. Energy Mater.-Multi-Parameters Self-Powered Monitoring via Triboelectric and Electromagnetic Mechanisms for Smart Transmission Lines：缺少 score.json 或 index.json（reviewer 尚未完成）
[2026-08-30 00:24:49] [orchestrator] [COLLECT] 跳过 Adv. Func. Mater-Achieving Dual-Function In Situ Monitoring of Water Level and Flow Velocity via a Flapping-Wing Triboelectric Nanogenerator：缺少 score.json 或 index.json（reviewer 尚未完成）
[2026-08-30 00:24:49] [orchestrator] [COLLECT] 跳过 Adv. Func. Mater-Kirigami Cube-Inspired Triboelectric Vector Sensor for Human–Machine Interaction：缺少 score.json 或 index.json（reviewer 尚未完成）
[2026-08-30 00:24:49] [orchestrator] [COLLECT] 跳过 Adv. Funct. Mater.-High-accuracy liquid flow monitoring via triboelectric nanogenerator combined with bionic design and common-mode interference suppression：缺少 score.json 或 index.json（reviewer 尚未完成）
[2026-08-30 00:24:49] [orchestrator] [COLLECT] 跳过 Adv. Mater-A Tongue-Computer Tactile Interface Mediated by the Magnetoelectric-Driven Tribovoltaic Sensors：缺少 score.json 或 index.json（reviewer 尚未完成）
[2026-08-30 00:24:49] [orchestrator] [COLLECT] 跳过 Adv. Mater-All-Solid Biomass Dual Network Ionic Conducting Elastomer with Multi Ion Synergy for Low-Temperature Resistant Sensor and Triboelectric Nanogenerator：缺少 score.json 或 index.json（reviewer 尚未完成）
[2026-08-30 00:24:49] [orchestrator] [COLLECT] 跳过 Adv. Mater-Triboelectric E-Skin for Robotic Perception of Hazardous Chemical Leaks：缺少 score.json 或 index.json（reviewer 尚未完成）
[2026-08-30 00:24:49] [orchestrator] [COLLECT] 跳过 Adv. Mater-Ultra-Robust and Hyperelastic Triboelectric Webbing for Self-powered Rehabilitation Sensing with Invisible and Embedded Design：缺少 score.json 或 index.json（reviewer 尚未完成）
[2026-08-30 00:24:49] [orchestrator] [COLLECT] 跳过 Adv. Mater.-Acoustically enhanced triboelectric stethoscope for ultrasensitive cardiac sounds sensing and disease diagnosis：缺少 score.json 或 index.json（reviewer 尚未完成）
[2026-08-30 00:24:49] [orchestrator] [COLLECT] 跳过 Adv. Mater.-Engineering Triboelectric Paper for Energy Harvesting and Smart Sensing：缺少 score.json 或 index.json（reviewer 尚未完成）
[2026-08-30 00:24:49] [orchestrator] [COLLECT] 跳过 Adv. Mater.-Ultra-High Sensitivity Real-Time Monitoring of Landslide Surface Deformation via Triboelectric Nanogenerator：缺少 score.json 或 index.json（reviewer 尚未完成）
[2026-08-30 00:24:49] [orchestrator] [COLLECT] 跳过 Adv. Sci.-Multistrand Twisted Triboelectric Kevlar Yarns for Harvesting High Impact Energy, Body Injury Location and Levels Evaluation：缺少 score.json 或 index.json（reviewer 尚未完成）
[2026-08-30 00:24:49] [orchestrator] [COLLECT] 跳过 Advanced Energy Materials - 2022 - Han - Achieving a Large Driving Force on Triboelectric Nanogenerator by Wave‐Driven：缺少 score.json 或 index.json（reviewer 尚未完成）
[2026-08-30 00:24:49] [orchestrator] [COLLECT] 跳过 Advanced Energy Materials - 2022 - Wu - Industrial Fabrication of 3D Braided Stretchable Hierarchical Interlocked：缺少 score.json 或 index.json（reviewer 尚未完成）
[2026-08-30 00:24:49] [orchestrator] [COLLECT] 跳过 Advanced Energy Materials - 2022 - Yang - Triboelectric Nanogenerator Enabled Wearable Sensors and Electronics for：缺少 score.json 或 index.json（reviewer 尚未完成）
[2026-08-30 00:24:49] [orchestrator] [COLLECT] 跳过 Advanced Energy Materials - 2022 - Yong - Environmental Self‐Adaptive Wind Energy Harvesting Technology for Self‐Powered：缺少 score.json 或 index.json（reviewer 尚未完成）
[2026-08-30 00:24:49] [orchestrator] [COLLECT] 跳过 Advanced Energy Materials - 2022 - Yong - Environmental Self‐Adaptive Wind Energy Harvesting Technology for Self‐Powered_1：缺少 score.json 或 index.json（reviewer 尚未完成）
[2026-08-30 00:24:49] [orchestrator] [COLLECT] 跳过 Advanced Energy Materials - 2023 - Chen - Stackable Direct Current Triboelectric‐Electromagnetic Hybrid Nanogenerator for：缺少 score.json 或 index.json（reviewer 尚未完成）
[2026-08-30 00:24:49] [orchestrator] [COLLECT] 跳过 Advanced Energy Materials - 2023 - Chen - Stackable Direct Current Triboelectric‐Electromagnetic Hybrid Nanogenerator for_1：缺少 score.json 或 index.json（reviewer 尚未完成）
[2026-08-30 00:24:49] [orchestrator] [COLLECT] 跳过 Advanced Energy Materials - 2023 - Lv - High‐Performance and Durable Rotational Triboelectric Nanogenerator Leveraging：缺少 score.json 或 index.json（reviewer 尚未完成）
[2026-08-30 00:24:49] [orchestrator] [COLLECT] 跳过 Advanced Energy Materials - 2023 - Salauddin - Highly Electronegative V2CTx Silicone Nanocomposite‐Based Serpentine (1)：缺少 score.json 或 index.json（reviewer 尚未完成）
[2026-08-30 00:24:49] [orchestrator] [COLLECT] 跳过 Advanced Energy Materials - 2023 - Zhang - Multi‐Mode Vibrational Triboelectric Nanogenerator for Broadband Energy：缺少 score.json 或 index.json（reviewer 尚未完成）
[2026-08-30 00:24:49] [orchestrator] [COLLECT] 跳过 Advanced Energy Materials - 2024 - Chung - Acoustic Tunable Battery-Free Implants Based on Sustainable Triboelectric Nanogenerators：缺少 score.json 或 index.json（reviewer 尚未完成）
[2026-08-30 00:24:49] [orchestrator] [COLLECT] 跳过 Advanced Energy Materials - 2024 - Hu - A Combined Wind Harvesting and Speed Sensing System Based on Constant‐Voltage：缺少 score.json 或 index.json（reviewer 尚未完成）
[2026-08-30 00:24:49] [orchestrator] [COLLECT] 跳过 Advanced Energy Materials - 2024 - Zhu - Bladeless Wind Turbine Triboelectric Nanogenerator for Effectively Harvesting：缺少 score.json 或 index.json（reviewer 尚未完成）
[2026-08-30 00:24:49] [orchestrator] [COLLECT] 跳过 Advanced Energy Materials - 2025 - Mulvihill - How to Test Triboelectric Nanogenerators Key Factors for Standardized Performance Evaluation：缺少 score.json 或 index.json（reviewer 尚未完成）
[2026-08-30 00:24:49] [orchestrator] [COLLECT] 跳过 Advanced Energy Materials - 2025 - Zhang - Fur‐Brush Disk Triboelectric Nanogenerator Driven by Cantilever Oscillating：缺少 score.json 或 index.json（reviewer 尚未完成）
[2026-08-30 00:24:49] [orchestrator] [COLLECT] 跳过 Advanced Energy Materials - 2025 - Zhang - Fur‐Brush Disk Triboelectric Nanogenerator Driven by Cantilever Oscillating_1：缺少 score.json 或 index.json（reviewer 尚未完成）
[2026-08-30 00:24:49] [orchestrator] [COLLECT] 跳过 Advanced Materials - 2013 - Yang - A Single‐Electrode Based Triboelectric Nanogenerator as Self‐Powered Tracking System：缺少 score.json 或 index.json（reviewer 尚未完成）
[2026-08-30 00:24:49] [orchestrator] [COLLECT] 跳过 Advanced Materials - 2016 - Lai - Electric Eel‐Skin‐Inspired Mechanically Durable and Super‐Stretchable Nanogenerator for：缺少 score.json 或 index.json（reviewer 尚未完成）
[2026-08-30 00:24:49] [orchestrator] [COLLECT] 跳过 Advanced Materials - 2018 - Dong - A Stretchable Yarn Embedded Triboelectric Nanogenerator as Electronic Skin for：缺少 score.json 或 index.json（reviewer 尚未完成）
[2026-08-30 00:24:49] [orchestrator] [COLLECT] 跳过 Advanced Materials - 2018 - Lai - Actively Perceiving and Responsive Soft Robots Enabled by Self‐Powered  Highly Extensible：缺少 score.json 或 index.json（reviewer 尚未完成）
[2026-08-30 00:24:49] [orchestrator] [COLLECT] 跳过 Advanced Materials - 2021 - Su - Self‐Powered Respiration Monitoring Enabled By a Triboelectric Nanogenerator  Adv  Mater ：缺少 score.json 或 index.json（reviewer 尚未完成）
[2026-08-30 00:24:49] [orchestrator] [COLLECT] 跳过 Advanced Materials - 2021 - Yang - Self‐Powered Interactive Fiber Electronics with Visual Digital Synergies：缺少 score.json 或 index.json（reviewer 尚未完成）
[2026-08-30 00:24:49] [orchestrator] [COLLECT] 跳过 Advanced Materials - 2022 - Deng - Rationally Structured Triboelectric Nanogenerator Arrays for Harvesting Water‐Current：缺少 score.json 或 index.json（reviewer 尚未完成）
[2026-08-30 00:24:49] [orchestrator] [COLLECT] 跳过 Advanced Materials - 2022 - Lu - Wearable Triboelectric Visual Sensors for Tactile Perception：缺少 score.json 或 index.json（reviewer 尚未完成）
[2026-08-30 00:24:49] [orchestrator] [COLLECT] 跳过 Advanced Materials - 2022 - Wei - An Open‐Environment Tactile Sensing System  Toward Simple and Efficient Material：缺少 score.json 或 index.json（reviewer 尚未完成）
[2026-08-30 00:24:49] [orchestrator] [COLLECT] 跳过 Advanced Materials - 2023 - Xia - Transparent Self‐Healing Anti‐Freezing Ionogel for Monolayered Triboelectric：缺少 score.json 或 index.json（reviewer 尚未完成）
[2026-08-30 00:24:49] [orchestrator] [COLLECT] 跳过 Advanced Materials - 2025 - Chen - A Self‐Sustainable  Ultrarobust and High‐Power‐Density Triboelectric Nanogenerator for：缺少 score.json 或 index.json（reviewer 尚未完成）
[2026-08-30 00:24:49] [orchestrator] [COLLECT] 跳过 Advanced Materials - 2025 - Zheng - The Efficient and Stable Triboelectric Nanogenerator Materials Based on Electrostatic (1)：缺少 score.json 或 index.json（reviewer 尚未完成）
[2026-08-30 00:24:49] [orchestrator] [COLLECT] 跳过 Advanced Science - 2025 - Yang - Skeleton Enhanced Dispersed Lubricant Particle Based Triboelectric Nanogenerator for：缺少 score.json 或 index.json（reviewer 尚未完成）
[2026-08-30 00:24:49] [orchestrator] [COLLECT] 跳过 All-foam-intrinsic-triboelectric-static-and-dynamic-pressure-sens_2025_Nano-：缺少 score.json 或 index.json（reviewer 尚未完成）
[2026-08-30 00:24:49] [orchestrator] [COLLECT] 跳过 Amphibious-triboelectric-acoustic-sensor-for-bioacoustic-signa_2026_Nano-Ene：缺少 score.json 或 index.json（reviewer 尚未完成）
[2026-08-30 00:24:49] [orchestrator] [COLLECT] 跳过 An-on-skin-triboelectric-sensor-system-enabled-by-heterogeneous-p_2024_Nano-：缺少 score.json 或 index.json（reviewer 尚未完成）
[2026-08-30 00:24:49] [orchestrator] [COLLECT] 跳过 Basith2024_wind_Upcycling_of_Waste_Materials_for_the_Development_of_Triboelectric_Nanoge：缺少 score.json 或 index.json（reviewer 尚未完成）
[2026-08-30 00:24:49] [orchestrator] [COLLECT] 跳过 Bentonite-nanosheets-incorporated-silk-fibroin-double-network-hydr_2026_Nano：缺少 score.json 或 index.json（reviewer 尚未完成）
[2026-08-30 00:24:49] [orchestrator] [COLLECT] 跳过 Bifunctional-Silicone-NENU-5-nanocomposite-based-wearable-serpi-g_2026_Nano-：缺少 score.json 或 index.json（reviewer 尚未完成）
[2026-08-30 00:24:49] [orchestrator] [COLLECT] 跳过 Buckling-inspired-triboelectric-sensor-for-multifunctional-sensi_2024_Nano-E：缺少 score.json 或 index.json（reviewer 尚未完成）
[2026-08-30 00:24:49] [orchestrator] [COLLECT] 跳过 Chandrasekhar2024_wind_Smart_maracas_An_innovative_triboelectric_nanogenerator_for_earthquake_d：缺少 score.json 或 index.json（reviewer 尚未完成）
[2026-08-30 00:24:49] [orchestrator] [COLLECT] 跳过 Chem. Rev-Triboelectric nanogenerator as a probe for investigating charge transfer at liquid-solid interfaces：缺少 score.json 或 index.json（reviewer 尚未完成）
[2026-08-30 00:24:49] [orchestrator] [COLLECT] 跳过 Chen2026_iot_Structural_superlubricity_triboelectric_nanogenerator_with_negligible_we：缺少 score.json 或 index.json（reviewer 尚未完成）
[2026-08-30 00:24:49] [orchestrator] [COLLECT] 跳过 Clapping-triboelectric-nanogenerators-as-self-powered--frequency-_2023_Nano-：缺少 score.json 或 index.json（reviewer 尚未完成）
[2026-08-30 00:24:49] [orchestrator] [COLLECT] 跳过 Compact-hybrid-synchronous-wireless-triboelectric-sensors-for-ta_2026_Nano-E：缺少 score.json 或 index.json（reviewer 尚未完成）
[2026-08-30 00:24:49] [orchestrator] [COLLECT] 跳过 Deep-learning-enhanced-safety-system-for-real-time-in-situ-blade_2025_Nano-E：缺少 score.json 或 index.json（reviewer 尚未完成）
[2026-08-30 00:24:49] [orchestrator] [COLLECT] 跳过 Dual-mode-triboelectric-encoder-based-high-precision-liquid-leve_2025_Nano-E：缺少 score.json 或 index.json（reviewer 尚未完成）
[2026-08-30 00:24:49] [orchestrator] [COLLECT] 跳过 Dual-nano-micro-tip-array-based-liquid-solid-interface-for-ultra_2025_Nano-E：缺少 score.json 或 index.json（reviewer 尚未完成）
[2026-08-30 00:24:49] [orchestrator] [COLLECT] 跳过 Dynamic-charge-balanced-multi-layer-noncontact-triboelectric-nanog_2026_Nano：缺少 score.json 或 index.json（reviewer 尚未完成）
[2026-08-30 00:24:49] [orchestrator] [COLLECT] 跳过 Dynamic-keystroke-password-recognition-based-on-piezoelectric-trib_2025_Nano：缺少 score.json 或 index.json（reviewer 尚未完成）
[2026-08-30 00:24:49] [orchestrator] [COLLECT] 跳过 Eco-friendly-triboelectric-nanogenerator-for-self-powering-stacke_2024_Nano-：缺少 score.json 或 index.json（reviewer 尚未完成）
[2026-08-30 00:24:49] [orchestrator] [COLLECT] 跳过 Electrical-double-layer-dynamics-regulation-for-maximized-electrosta_2026_Jo：缺少 score.json 或 index.json（reviewer 尚未完成）
[2026-08-30 00:24:49] [orchestrator] [COLLECT] 跳过 Enhancing-self-induced-polarization-of-PVDF-based-triboelectric-f_2024_Nano-：缺少 score.json 或 index.json（reviewer 尚未完成）
[2026-08-30 00:24:49] [orchestrator] [COLLECT] 跳过 Enhancing-the-accuracy-of-triboelectric-sensor-based-on-triboele_2025_Nano-E：缺少 score.json 或 index.json（reviewer 尚未完成）
[2026-08-30 00:24:49] [orchestrator] [COLLECT] 跳过 Flexible-arrayed-triboelectric-pressure-sensor-with-PDMS-CNT-CB-v_2026_Nano-：缺少 score.json 或 index.json（reviewer 尚未完成）
[2026-08-30 00:24:49] [orchestrator] [COLLECT] 跳过 Flexible-magnet-Fe-layers-based-triboelectric-sensors-for-continu_2025_Nano-：缺少 score.json 或 index.json（reviewer 尚未完成）
[2026-08-30 00:24:49] [orchestrator] [COLLECT] 跳过 Fountain-inspired-triboelectric-nanogenerator-as-rotary-energy-h_2025_Nano-E：缺少 score.json 或 index.json（reviewer 尚未完成）
[2026-08-30 00:24:49] [orchestrator] [COLLECT] 跳过 From-anti-counterfeit-polymer-materials-to-dual-mode-visualizati_2025_Nano-E：缺少 score.json 或 index.json（reviewer 尚未完成）
[2026-08-30 00:24:49] [orchestrator] [COLLECT] 跳过 Gao2024_aviation_Microdroplet_splitting_and_mixing_by_portable_triboelectric_nanogenerato：缺少 score.json 或 index.json（reviewer 尚未完成）
[2026-08-30 00:24:49] [orchestrator] [COLLECT] 跳过 Gao2024_aviation_Spontaneously_established_reverse_electric_field_to_enhance_the_performa：缺少 score.json 或 index.json（reviewer 尚未完成）
[2026-08-30 00:24:49] [orchestrator] [COLLECT] 跳过 Gbadam2025_space_Direct_current_generation_in_triboelectric_nanogenerators_through_ionic：缺少 score.json 或 index.json（reviewer 尚未完成）
[2026-08-30 00:24:49] [orchestrator] [COLLECT] 跳过 Grease-lubricated-triboelectric-instantaneous-angular-speed-senso_2023_Nano-：缺少 score.json 或 index.json（reviewer 尚未完成）
[2026-08-30 00:24:49] [orchestrator] [COLLECT] 跳过 Guo2026_biomedical_A_fully_degradable_triboelectric_vagus_nerve_stimulator_for_attenuating：缺少 score.json 或 index.json（reviewer 尚未完成）
[2026-08-30 00:24:49] [orchestrator] [COLLECT] 跳过 Han2025_motion_Monolithically_integrated_ionic_triboelectric_nanogenerators_for_deforma：缺少 score.json 或 index.json（reviewer 尚未完成）
[2026-08-30 00:24:49] [orchestrator] [COLLECT] 跳过 Hao2024_space_Enhancing_output_performance_of_triboelectric_nanogenerator_by_increasin：缺少 score.json 或 index.json（reviewer 尚未完成）
[2026-08-30 00:24:49] [orchestrator] [COLLECT] 跳过 Hao2024_wearable_Triboelectric_nanogenerator_based_on_changing_the_nanomorphology_of_poly：缺少 score.json 或 index.json（reviewer 尚未完成）
[2026-08-30 00:24:49] [orchestrator] [COLLECT] 跳过 High-sensitivity-and-high-resolution-triboelectric-acoustic-sens_2025_Nano-E：缺少 score.json 或 index.json（reviewer 尚未完成）
[2026-08-30 00:24:49] [orchestrator] [COLLECT] 跳过 Highly-sensitive--absolute-and-self-powered-triboelectric-angul_2025_Nano-En：缺少 score.json 或 index.json（reviewer 尚未完成）
[2026-08-30 00:24:49] [orchestrator] [COLLECT] 跳过 InfoMat-Advanced Handwriting Identification- Triboelectric Sensor Array Integrating with Deep Learning Towards High Information Security：缺少 score.json 或 index.json（reviewer 尚未完成）
[2026-08-30 00:24:49] [orchestrator] [COLLECT] 跳过 InfoMat-Miniaturized and cost-effective self-powered triboelectric sensing system towards rapid detection of Puerarin concentration：缺少 score.json 或 index.json（reviewer 尚未完成）
[2026-08-30 00:24:49] [orchestrator] [COLLECT] 跳过 Innovative-smart-gloves-with-Phalanges-based-triboelectric-sensor_2025_Nano-：缺少 score.json 或 index.json（reviewer 尚未完成）
[2026-08-30 00:24:49] [orchestrator] [COLLECT] 跳过 Intelligent-triboelectric-sensor-for-rapid-detecting-of-oil-m_2026_Nano-Ener：缺少 score.json 或 index.json（reviewer 尚未完成）
[2026-08-30 00:24:49] [orchestrator] [COLLECT] 跳过 Interdisciplinary Materials-High-performance triboelectric nanogenerator based on a double-spiral zigzag-origami structure for continuous sensing and signal transmission in marine environment：缺少 score.json 或 index.json（reviewer 尚未完成）
[2026-08-30 00:24:49] [orchestrator] [COLLECT] 跳过 Investigating-superior-performance-by-configuring-bimetallic-elect_2024_Nano：缺少 score.json 或 index.json（reviewer 尚未完成）
[2026-08-30 00:24:49] [orchestrator] [COLLECT] 跳过 JACS-Triboelectric spectroscopy for in-situ chemical analysis of liquids：缺少 score.json 或 index.json（reviewer 尚未完成）
[2026-08-30 00:24:49] [orchestrator] [COLLECT] 跳过 Jiang2022_space_Ion_rectification_based_on_gel_polymer_electrolyte_ionic_diode：缺少 score.json 或 index.json（reviewer 尚未完成）
[2026-08-30 00:24:49] [orchestrator] [COLLECT] 跳过 Jung2023_marine_Self_powered_ocean_buoy_using_a_disk_type_triboelectric_nanogenerator_wi：缺少 score.json 或 index.json（reviewer 尚未完成）
[2026-08-30 00:24:49] [orchestrator] [COLLECT] 跳过 Karabiber2024_smarttextile_Dielectric_size_optimization_for_high_power_density_in_large_scale_tribo：缺少 score.json 或 index.json（reviewer 尚未完成）
[2026-08-30 00:24:49] [orchestrator] [COLLECT] 跳过 Keel2023_tactile_Three_dimensional_graphene_foam_based_triboelectric_nanogenerators_for_e：缺少 score.json 或 index.json（reviewer 尚未完成）
[2026-08-30 00:24:49] [orchestrator] [COLLECT] 跳过 Kovalska2026_acoustic_Multifunctional_energy_autonomous_textile_sensors_enabled_by_spray_coate：缺少 score.json 或 index.json（reviewer 尚未完成）
[2026-08-30 00:24:49] [orchestrator] [COLLECT] 跳过 Lee2024_wind_Integrated_triboelectric_nanogenerator_and_radiative_cooler_for_all_weat：缺少 score.json 或 index.json（reviewer 尚未完成）
[2026-08-30 00:24:49] [orchestrator] [COLLECT] 跳过 Li2022_wind_Filling_the_gap_between_topological_insulator_nanomaterials_and_triboele：缺少 score.json 或 index.json（reviewer 尚未完成）
[2026-08-30 00:24:49] [orchestrator] [COLLECT] 跳过 Li2024_aviation_Triboiontronics_with_temporal_control_of_electrical_double_layer_formati：缺少 score.json 或 index.json（reviewer 尚未完成）
[2026-08-30 00:24:49] [orchestrator] [COLLECT] 跳过 Li2024_robotics_Visualization_and_standardized_quantification_of_surface_charge_density：缺少 score.json 或 index.json（reviewer 尚未完成）
[2026-08-30 00:24:49] [orchestrator] [COLLECT] 跳过 Li2025_aviation_A_self_powered_soft_triboelectric_electrohydrodynamic_pump：缺少 score.json 或 index.json（reviewer 尚未完成）
[2026-08-30 00:24:49] [orchestrator] [COLLECT] 跳过 Liu2022_energyharv_Fabrication_of_triboelectric_polymer_films_via_repeated_rheological_forg：缺少 score.json 或 index.json（reviewer 尚未完成）
[2026-08-30 00:24:49] [orchestrator] [COLLECT] 跳过 Liu2022_wearable_Self_powered_high_sensitivity_all_in_one_vertical_tribo_transistor_devic：缺少 score.json 或 index.json（reviewer 尚未完成）
[2026-08-30 00:24:49] [orchestrator] [COLLECT] 跳过 Liu2022_wind_Standardized_measurement_of_dielectric_materials_intrinsic_triboelectric：缺少 score.json 或 index.json（reviewer 尚未完成）
[2026-08-30 00:24:49] [orchestrator] [COLLECT] 跳过 Liu2022_wind_Touchless_interactive_teaching_of_soft_robots_through_flexible_bimodal_s：缺少 score.json 或 index.json（reviewer 尚未完成）
[2026-08-30 00:24:49] [orchestrator] [COLLECT] 跳过 Liu2025_aviation_Self_powered_sensing_platform_based_on_triboelectric_nanogenerators_towa：缺少 score.json 或 index.json（reviewer 尚未完成）
[2026-08-30 00:24:49] [orchestrator] [COLLECT] 跳过 Liu2025_iot_Field_emission_effect_in_triboelectric_nanogenerators：缺少 score.json 或 index.json（reviewer 尚未完成）
[2026-08-30 00:24:49] [orchestrator] [COLLECT] 跳过 Liu2025_wearable_Triboelectric_tactile_sensor_for_pressure_and_temperature_sensing_in_hig：缺少 score.json 或 index.json（reviewer 尚未完成）
[2026-08-30 00:24:49] [orchestrator] [COLLECT] 跳过 Lotus-leaf-inspired-triboelectric-sensor-for-detecting-seismic_2025_Nano-Ene：缺少 score.json 或 index.json（reviewer 尚未完成）
[2026-08-30 00:24:49] [orchestrator] [COLLECT] 跳过 Lu2022_marine_Liquid_liquid_triboelectric_nanogenerator_based_on_the_immiscible_interf：缺少 score.json 或 index.json（reviewer 尚未完成）
[2026-08-30 00:24:49] [orchestrator] [COLLECT] 跳过 Lu2024_aviation_Magnetic_assisted_self_powered_vehicle_motion_sensor_based_on_triboelect：缺少 score.json 或 index.json（reviewer 尚未完成）
[2026-08-30 00:24:49] [orchestrator] [COLLECT] 跳过 MRS Bull-Nanogenerators- A foundation for high-entropy energy and sensing systems：缺少 score.json 或 index.json（reviewer 尚未完成）
[2026-08-30 00:24:49] [orchestrator] [COLLECT] 跳过 MRS Bulletin-Triboelectric nanogenerators as a probe for studying charge transfer at liquid-solid interface：缺少 score.json 或 index.json（reviewer 尚未完成）
[2026-08-30 00:24:49] [orchestrator] [COLLECT] 跳过 Magnetic-repulsion-assisted-hybrid-breeze-wind-energy-harvester-wit_2025_Nan：缺少 score.json 或 index.json（reviewer 尚未完成）
[2026-08-30 00:24:49] [orchestrator] [COLLECT] 跳过 Materials Today-Fully sprayed triboelectric-piezoresistive hybrid sensor for intelligent sports analytics：缺少 score.json 或 index.json（reviewer 尚未完成）
[2026-08-30 00:24:49] [orchestrator] [COLLECT] 跳过 Mica-nylon-composite-nanofiber-film-based-wearable-triboelectri_2024_Nano-En：缺少 score.json 或 index.json（reviewer 尚未完成）
[2026-08-30 00:24:49] [orchestrator] [COLLECT] 跳过 Mondal2024_wind_CsPbI_sub_3_sub_PVDF_Composite_Based_Multimode_Hybrid_Piezo_Triboelectri：缺少 score.json 或 index.json（reviewer 尚未完成）
[2026-08-30 00:24:49] [orchestrator] [COLLECT] 跳过 Monolithic-thermodielectric-enhanced-triboelectric-sensor-for-au_2026_Nano-E：缺少 score.json 或 index.json（reviewer 尚未完成）
[2026-08-30 00:24:49] [orchestrator] [COLLECT] 跳过 Multi-degree-of-freedom--semi-flexible--embedded-biomimetic-tail-f_2026_Nano：缺少 score.json 或 index.json（reviewer 尚未完成）
[2026-08-30 00:24:49] [orchestrator] [COLLECT] 跳过 Multi-scale-interlocked-PDMS-PDMS-CB-triboelectric-tactile-sensor_2026_Nano-：缺少 score.json 或 index.json（reviewer 尚未完成）
[2026-08-30 00:24:49] [orchestrator] [COLLECT] 跳过 Nano Energy-A multi-dimensional tactile perception system based on triboelectric sensors- towards intelligent sorting without seeing：缺少 score.json 或 index.json（reviewer 尚未完成）
[2026-08-30 00:24:49] [orchestrator] [COLLECT] 跳过 Nano Energy-Emerging sensing systems based on triboelectric nanogenerator：缺少 score.json 或 index.json（reviewer 尚未完成）
[2026-08-30 00:24:49] [orchestrator] [COLLECT] 跳过 Nano Energy-Gate-Coupling-Enhanced Triboelectric-Triggered Proximity Sensory Memory in Ferroelectric Heterostructure：缺少 score.json 或 index.json（reviewer 尚未完成）
[2026-08-30 00:24:49] [orchestrator] [COLLECT] 跳过 Nano Energy-Innovative smart gloves with Phalanges-based triboelectric sensors as a dexterous teaching interface for Embodied Artificial Intelligence：缺少 score.json 或 index.json（reviewer 尚未完成）
[2026-08-30 00:24:49] [orchestrator] [COLLECT] 跳过 Nano Energy-Intelligent triboelectric sensor for rapid detecting of oil mixed in water：缺少 score.json 或 index.json（reviewer 尚未完成）
[2026-08-30 00:24:49] [orchestrator] [COLLECT] 跳过 Nano Energy-Machine Learning Enhanced Rigiflex Pillar-Membrane Triboelectric Nanogenerator for Universal Stereoscopic Recognition：缺少 score.json 或 index.json（reviewer 尚未完成）
[2026-08-30 00:24:49] [orchestrator] [COLLECT] 跳过 Nano Energy-Monolithic thermodielectric-enhanced triboelectric sensor for autonomous safety monitoring in underground engineering：缺少 score.json 或 index.json（reviewer 尚未完成）
[2026-08-30 00:24:49] [orchestrator] [COLLECT] 跳过 Nano Energy-Probing Leidenfrost effect via contact electrification：缺少 score.json 或 index.json（reviewer 尚未完成）
[2026-08-30 00:24:49] [orchestrator] [COLLECT] 跳过 Nano Letters-Flexible Tactile Sensors for 3D Force Detection：缺少 score.json 或 index.json（reviewer 尚未完成）
[2026-08-30 00:24:49] [orchestrator] [COLLECT] 跳过 Nano Today-A tightly coupled electromagnetic-triboelectric hybrid generator for wind energy harvesting and environmental monitoring：缺少 score.json 或 index.json（reviewer 尚未完成）
[2026-08-30 00:24:49] [orchestrator] [COLLECT] 跳过 Nat. Commun-Probing Electrical Double Layer via Triboelectric Charge Transfer：缺少 score.json 或 index.json（reviewer 尚未完成）
[2026-08-30 00:24:49] [orchestrator] [COLLECT] 跳过 Nat. Sensor-A Fully Self-Powered Triboelectric Wireless Sensor for Robotic Arm Control via Efficient Electromagnetic Induction：缺少 score.json 或 index.json（reviewer 尚未完成）
[2026-08-30 00:24:49] [orchestrator] [COLLECT] 跳过 Octopus-inspired-soft-gripper-with-embedded-triboelectric-tactil_2025_Nano-E：缺少 score.json 或 index.json（reviewer 尚未完成）
[2026-08-30 00:24:49] [orchestrator] [COLLECT] 跳过 Origami-structured-triboelectric-nanogenerator-for-energy-and-infor_2026_Jou：缺少 score.json 或 index.json（reviewer 尚未完成）
[2026-08-30 00:24:49] [orchestrator] [COLLECT] 跳过 Pan2024_aviation_Self_powered_and_speed_adjustable_sensor_for_abyssal_ocean_current_measu：缺少 score.json 或 index.json（reviewer 尚未完成）
[2026-08-30 00:24:49] [orchestrator] [COLLECT] 跳过 Qiu2024_wearable_E_cardiac_patch_to_sense_and_repair_infarcted_myocardium：缺少 score.json 或 index.json（reviewer 尚未完成）
[2026-08-30 00:24:49] [orchestrator] [COLLECT] 跳过 Rapid-response-hybrid-piezo-triboelectric-pressure-sensor-using-a_2025_Nano-：缺少 score.json 或 index.json（reviewer 尚未完成）
[2026-08-30 00:24:49] [orchestrator] [COLLECT] 跳过 Ren2024_aviation_High_performance_press_driven_triboelectric_nanogenerator_based_on_a_gea：缺少 score.json 或 index.json（reviewer 尚未完成）
[2026-08-30 00:24:49] [orchestrator] [COLLECT] 跳过 Revolutionizing-energy-harvesting--Eco-friendly-and-adaptable-trib_2024_Nano：缺少 score.json 或 index.json（reviewer 尚未完成）
[2026-08-30 00:24:49] [orchestrator] [COLLECT] 跳过 Scalable-manufacturing-of-self-powered-embroidered-triboelectric_2026_Nano-E：缺少 score.json 或 index.json（reviewer 尚未完成）
[2026-08-30 00:24:49] [orchestrator] [COLLECT] 跳过 Sci. Adv-A wearable triboelectric impedance tomography system for non-invasive and dynamic imaging of biological tissues：缺少 score.json 或 index.json（reviewer 尚未完成）
[2026-08-30 00:24:49] [orchestrator] [COLLECT] 跳过 Sci. Adv.-Self-powered visualized tactile-acoustic sensor for accurate artificial perception with high brightness and record-low detection limit：缺少 score.json 或 index.json（reviewer 尚未完成）
[2026-08-30 00:24:49] [orchestrator] [COLLECT] 跳过 Science Advances-Self-Powered Visualized Tactile-Acoustic Sensor for High-Accuracy Artificial Perception with High Brightness and Record-Low Detection Limit：缺少 score.json 或 index.json（reviewer 尚未完成）
[2026-08-30 00:24:49] [orchestrator] [COLLECT] 跳过 Science Advances-Triboelectric nanogenerator for high-entropy energy self-powered sensors and popular education：缺少 score.json 或 index.json（reviewer 尚未完成）
[2026-08-30 00:24:49] [orchestrator] [COLLECT] 跳过 Science Bulletin-Over 200 times current enhancement via buckling triboelectric nanogenerator at ultra-low speed for monitoring the swelling of lithium ion batteries：缺少 score.json 或 index.json（reviewer 尚未完成）
[2026-08-30 00:24:49] [orchestrator] [COLLECT] 跳过 Self-powered-flexible-force-sensing-sensor-based-on-triboelectric-_2025_Nano：缺少 score.json 或 index.json（reviewer 尚未完成）
[2026-08-30 00:24:49] [orchestrator] [COLLECT] 跳过 Self-powered-optical-triboelectric-sensor-for-remote-vibratio_2025_Nano-Ener：缺少 score.json 或 index.json（reviewer 尚未完成）
[2026-08-30 00:24:49] [orchestrator] [COLLECT] 跳过 Self-powered-triboelectric-sensor-based-on-a-carbon-fiber-glass-f_2024_Nano-：缺少 score.json 或 index.json（reviewer 尚未完成）
[2026-08-30 00:24:49] [orchestrator] [COLLECT] 跳过 Self-powered-wideband-ultrasonic-sensor-based-on-capacitive-triboe_2025_Nano：缺少 score.json 或 index.json（reviewer 尚未完成）
[2026-08-30 00:24:49] [orchestrator] [COLLECT] 跳过 Self-retracting-triboelectric-electromagnetic-hybrid-sensor-for-_2025_Nano-E：缺少 score.json 或 index.json（reviewer 尚未完成）
[2026-08-30 00:24:49] [orchestrator] [COLLECT] 跳过 Shakibi2025_wearable_Aesthetic_wire_free_and_bioresorbable_dermal_tattoo_TENG_system_for_self：缺少 score.json 或 index.json（reviewer 尚未完成）
[2026-08-30 00:24:49] [orchestrator] [COLLECT] 跳过 Shao2024_wind_Large_area_untethered_metamorphic_and_omnidirectionally_stretchable_mult：缺少 score.json 或 index.json（reviewer 尚未完成）
[2026-08-30 00:24:49] [orchestrator] [COLLECT] 跳过 Small-Bioinspired Omnidirectional Iontronic Sensors Based on Triboelectric Charge：缺少 score.json 或 index.json（reviewer 尚未完成）
[2026-08-30 00:24:49] [orchestrator] [COLLECT] 跳过 Small-Feature-Reinforced Strategy for Enhancing the Accuracy of Triboelectric Vibration Sensing Toward Mechanical Equipment Monitoring：缺少 score.json 或 index.json（reviewer 尚未完成）
[2026-08-30 00:24:49] [orchestrator] [COLLECT] 跳过 Small-Interface Charge Transfer Mapping for In Situ Monitoring of Contamination in Liquid Food：缺少 score.json 或 index.json（reviewer 尚未完成）
[2026-08-30 00:24:49] [orchestrator] [COLLECT] 跳过 Small-Wireless self-powered triboelectric-based sensor for real-time quantitative monitoring of gas-liquid mixed flow：缺少 score.json 或 index.json（reviewer 尚未完成）
[2026-08-30 00:24:49] [orchestrator] [COLLECT] 跳过 Smart-ping-pong-paddle-with-triboelectric-self-powered-wirele_2024_Nano-Ener：缺少 score.json 或 index.json（reviewer 尚未完成）
[2026-08-30 00:24:49] [orchestrator] [COLLECT] 跳过 Strain-insensitive-stretchable-triboelectric-tactile-sensors-vi_2025_Nano-En：缺少 score.json 或 index.json（reviewer 尚未完成）
[2026-08-30 00:24:49] [orchestrator] [COLLECT] 跳过 Subbotina2022_space_Aqueous_synthesis_of_highly_functional_hydrophobic_and_chemically_recycl：缺少 score.json 或 index.json（reviewer 尚未完成）
[2026-08-30 00:24:49] [orchestrator] [COLLECT] 跳过 Sun2025_wind_Impedance_decoupling_strategy_to_enhance_the_real_time_powering_performa：缺少 score.json 或 index.json（reviewer 尚未完成）
[2026-08-30 00:24:49] [orchestrator] [COLLECT] 跳过 Tan2024_tactile_Self_powered_tactile_sensor_for_real_time_recognition_of_Morse_code_base：缺少 score.json 或 index.json（reviewer 尚未完成）
[2026-08-30 00:24:49] [orchestrator] [COLLECT] 跳过 Tang2025_aviation_Rattle_drum_inspired_triboelectric_nanogenerator_with_enhanced_output_us：缺少 score.json 或 index.json（reviewer 尚未完成）
[2026-08-30 00:24:49] [orchestrator] [COLLECT] 跳过 Tao2025_wind_Electro_spun_nanofibers_based_triboelectric_nanogenerators_in_wearable_e：缺少 score.json 或 index.json（reviewer 尚未完成）
[2026-08-30 00:24:49] [orchestrator] [COLLECT] 跳过 Thermal-stable-cordierite-embedded-polyimide-based-triboelectric-_2025_Nano-：缺少 score.json 或 index.json（reviewer 尚未完成）
[2026-08-30 00:24:49] [orchestrator] [COLLECT] 跳过 Triboelectric-induced-abnormal-tribovoltaic-effect-at-the-metal-Ga_2026_Joul：缺少 score.json 或 index.json（reviewer 尚未完成）
[2026-08-30 00:24:49] [orchestrator] [COLLECT] 跳过 Triboelectric-nanogenerator-powering-piezoresistive-cement-based-_2025_Nano-：缺少 score.json 或 index.json（reviewer 尚未完成）
[2026-08-30 00:24:49] [orchestrator] [COLLECT] 跳过 Triboelectric-nanogenerator-sensors-based-trans-media-motion-moni_2025_Nano-：缺少 score.json 或 index.json（reviewer 尚未完成）
[2026-08-30 00:24:49] [orchestrator] [COLLECT] 跳过 Triboelectric-sensor-for-mid-frequency-acoustic-signals-detect_2025_Nano-Ene：缺少 score.json 或 index.json（reviewer 尚未完成）
[2026-08-30 00:24:49] [orchestrator] [COLLECT] 跳过 Ultra-stretchable-and-anti-freezing-ionic-conductive-hydrogels-as-_2024_Nano：缺少 score.json 或 index.json（reviewer 尚未完成）
[2026-08-30 00:24:49] [orchestrator] [COLLECT] 跳过 Ultra-wide-frequency-response-and-high-resolution-triboelectric-a_2025_Nano-：缺少 score.json 或 index.json（reviewer 尚未完成）
[2026-08-30 00:24:49] [orchestrator] [COLLECT] 跳过 Using-deep-learning-and-an-annular-triboelectric-sensor-for-mon_2025_Nano-En：缺少 score.json 或 index.json（reviewer 尚未完成）
[2026-08-30 00:24:49] [orchestrator] [COLLECT] 跳过 Wang2024_wind_A_rolling_mode_triboelectric_nanogenerator_with_multi_tunnel_grating_ele：缺少 score.json 或 index.json（reviewer 尚未完成）
[2026-08-30 00:24:49] [orchestrator] [COLLECT] 跳过 Wang2024_wind_Contact_electro_catalytic_CO2_reduction_from_ambient_air：缺少 score.json 或 index.json（reviewer 尚未完成）
[2026-08-30 00:24:49] [orchestrator] [COLLECT] 跳过 Waterproof-membrane-cavity-membrane-triboelectric-acoustic-sensor_2026_Nano-：缺少 score.json 或 index.json（reviewer 尚未完成）
[2026-08-30 00:24:49] [orchestrator] [COLLECT] 跳过 Wei2022_biomedical_Flexible_iontronics_based_on_2D_nanofluidic_material：缺少 score.json 或 index.json（reviewer 尚未完成）
[2026-08-30 00:24:49] [orchestrator] [COLLECT] 跳过 Wireless-passive-sensor-design-based-on-a-highly-stable-triboelec_2025_Nano-：缺少 score.json 或 index.json（reviewer 尚未完成）
[2026-08-30 00:24:49] [orchestrator] [COLLECT] 跳过 Wu2024_wind_Efficient_energy_conversion_mechanism_and_energy_storage_strategy_for_tr：缺少 score.json 或 index.json（reviewer 尚未完成）
[2026-08-30 00:24:49] [orchestrator] [COLLECT] 跳过 Xia2023_marine_Metallic_glass_based_triboelectric_nanogenerators：缺少 score.json 或 index.json（reviewer 尚未完成）
[2026-08-30 00:24:49] [orchestrator] [COLLECT] 跳过 Xu2022_aviation_A_bio_inspired_and_self_powered_triboelectric_tactile_sensor_for_underwa：缺少 score.json 或 index.json（reviewer 尚未完成）
[2026-08-30 00:24:49] [orchestrator] [COLLECT] 跳过 Xu2022_space_Van_der_Waals_force_induced_intralayer_ferroelectric_to_antiferroelectri：缺少 score.json 或 index.json（reviewer 尚未完成）
[2026-08-30 00:24:49] [orchestrator] [COLLECT] 跳过 Xu2025_wind_Integrating_machine_learning_with_triboelectric_nanogenerators_Optimizin：缺少 score.json 或 index.json（reviewer 尚未完成）
[2026-08-30 00:24:49] [orchestrator] [COLLECT] 跳过 Yang2022_iot_Improved_pharmacodynamics_of_epidermal_growth_factor_via_microneedles_ba：缺少 score.json 或 index.json（reviewer 尚未完成）
[2026-08-30 00:24:49] [orchestrator] [COLLECT] 跳过 Yang2025_wind_Skeleton_enhanced_droplet_energy_harvesting：缺少 score.json 或 index.json（reviewer 尚未完成）
[2026-08-30 00:24:49] [orchestrator] [COLLECT] 跳过 Zhang2022_wind_Bioinspired_asymmetric_amphiphilic_surface_for_triboelectric_enhanced_ef：缺少 score.json 或 index.json（reviewer 尚未完成）
[2026-08-30 00:24:49] [orchestrator] [COLLECT] 跳过 Zhang2023_iot_Discharge_domains_regulation_and_dynamic_processes_of_direct_current_tri：缺少 score.json 或 index.json（reviewer 尚未完成）
[2026-08-30 00:24:49] [orchestrator] [COLLECT] 跳过 Zhang2024_biomedical_Self_powered_triboelectric_responsive_microneedles_with_controllable_rel：缺少 score.json 或 index.json（reviewer 尚未完成）
[2026-08-30 00:24:49] [orchestrator] [COLLECT] 跳过 Zhang2024_wind_Cellulose_nanofiber_mediated_manifold_dynamic_synergy_enabling_adhesive：缺少 score.json 或 index.json（reviewer 尚未完成）
[2026-08-30 00:24:49] [orchestrator] [COLLECT] 跳过 Zhao2022_iot_Underwater_wireless_communication_via_TENG_generated_Maxwell_s_displacem：缺少 score.json 或 index.json（reviewer 尚未完成）
[2026-08-30 00:24:49] [orchestrator] [COLLECT] 跳过 Zhao2025_acoustic_A_pendulum_based_nanogenerator_for_high_entropy_wave_energy_harvesting：缺少 score.json 或 index.json（reviewer 尚未完成）
[2026-08-30 00:24:49] [orchestrator] [COLLECT] 跳过 Zhou2024_acoustic_Sound_frequency_sensitive_triboelectric_nanogenerator_for_multi_function：缺少 score.json 或 index.json（reviewer 尚未完成）
[2026-08-30 00:24:49] [orchestrator] [COLLECT] 跳过 Zhu2026_wind_Effective_wind_energy_harvesting_by_a_triboelectric_electromagnetic_hybr：缺少 score.json 或 index.json（reviewer 尚未完成）
[2026-08-30 00:24:49] [orchestrator] [COLLECT] 跳过 acoustic_NanoEnergy2024_Gao_High_Bandwidth_Self：缺少 score.json 或 index.json（reviewer 尚未完成）
[2026-08-30 00:24:49] [orchestrator] [COLLECT] 跳过 biomedical_BiosensorsAnd2025_Cho_Implantable_Multilayer_Interdigitated：缺少 score.json 或 index.json（reviewer 尚未完成）
[2026-08-30 00:24:49] [orchestrator] [COLLECT] 跳过 chemical_NanoEnergy2023_Yu_Dual_Mode_Sensor：缺少 score.json 或 index.json（reviewer 尚未完成）
[2026-08-30 00:24:49] [orchestrator] [COLLECT] 跳过 eScience-Bioinspired Triboelectric-driven Multisensory Framework with Autonomous Cross-modal Adaptation：缺少 score.json 或 index.json（reviewer 尚未完成）
[2026-08-30 00:24:49] [orchestrator] [COLLECT] [QUALIFIED] hmi_AcsApplied2026_Pandit_Micropatterned_Polydimethylsiloxane_Triboelectric | score=4.65 | subcat=hmi | qa=11题 (BK1=1 | BK2=1 | BK3=1 | BK4=1 | DG1=1 | DG2=1 | DG3=1 | RP1=1 | RP2=1 | RP3=1 | RP4=1) -> papers/qualified/hmi/hmi_AcsApplied2026_Pandit_Micropatterned_Polydimethylsiloxane_Triboelectric
[2026-08-30 00:24:49] [orchestrator] [COLLECT] 跳过 hmi_NanoEnergy2024_Wang_Flexible_Triboelectric_Sensor：缺少 score.json 或 index.json（reviewer 尚未完成）
[2026-08-30 00:24:49] [orchestrator] [COLLECT] 跳过 iot_NanoEnergy2024_Feng_Novel_Self_Powered：缺少 score.json 或 index.json（reviewer 尚未完成）
[2026-08-30 00:24:49] [orchestrator] [COLLECT] 跳过 marine_NatComm2026_Huang_Bubble_Burst_Induced：无 .complete 标记（reviewer 仍在出题）
[2026-08-30 00:24:49] [orchestrator] [COLLECT] 跳过 motion_NanoEnergy2024_Sun_Machine_Learning_Coupled：缺少 score.json 或 index.json（reviewer 尚未完成）
[2026-08-30 00:24:49] [orchestrator] [COLLECT] 跳过 nn2c11633：缺少 score.json 或 index.json（reviewer 尚未完成）
[2026-08-30 00:24:49] [orchestrator] [COLLECT] 跳过 nn2c11633_si_001：缺少 score.json 或 index.json（reviewer 尚未完成）
[2026-08-30 00:24:49] [orchestrator] [COLLECT] 跳过 robotics_NanoEnergy2024_Xiao_Multi_Dimensional_Tactile：缺少 score.json 或 index.json（reviewer 尚未完成）
[2026-08-30 00:24:49] [orchestrator] [COLLECT] 跳过 tactile_AcsSensors2024_Huang_Human_Friendly_Self：缺少 score.json 或 index.json（reviewer 尚未完成）
[2026-08-30 00:24:49] [orchestrator] [COLLECT] 跳过 tactile_NanoEnergy2023_Seo_Rationally_Designed_Micropixelation：缺少 score.json 或 index.json（reviewer 尚未完成）
[2026-08-30 00:24:49] [orchestrator] [COLLECT] 跳过 tactile_NanoEnergy2024_Wang_Enhancing_Recognition_Accuracy：缺少 score.json 或 index.json（reviewer 尚未完成）
[2026-08-30 00:24:49] [orchestrator] [COLLECT] [QUALIFIED] wearable_Iscience2026_Liu_Triboelectric_Nanogenerator_Early | score=4.85 | subcat=wearable | qa=11题 (BK1=1 | BK2=1 | BK3=1 | BK4=1 | DG1=1 | DG2=1 | DG3=1 | RP1=1 | RP2=1 | RP3=1 | RP4=1) -> papers/qualified/wearable/wearable_Iscience2026_Liu_Triboelectric_Nanogenerator_Early
[2026-08-30 00:24:49] [orchestrator] [COLLECT] 跳过 wearable_NanoEnergy2023_Han_Self_Powered_Slippery：缺少 score.json 或 index.json（reviewer 尚未完成）
[2026-08-30 00:24:49] [orchestrator] [COLLECT] 跳过 wearable_NanoEnergy2023_He_Mechanoreceptor_Inspired_Ear：缺少 score.json 或 index.json（reviewer 尚未完成）
[2026-08-30 00:24:49] [orchestrator] [COLLECT] 跳过 wearable_NanoEnergy2023_He_Mechanoreceptor_Inspired_Ear__dup1：缺少 score.json 或 index.json（reviewer 尚未完成）
[2026-08-30 00:24:49] [orchestrator] [COLLECT] 跳过 wearable_NanoEnergy2023_Mao_Health_Monitoring_System：缺少 score.json 或 index.json（reviewer 尚未完成）
[2026-08-30 00:24:49] [orchestrator] [COLLECT] 完成：qualified=2 rejected=0 skipped=235
[2026-08-30 00:24:49] [orchestrator] [UPDATE] phase 保持：screening（inbox=0 cache=235）
[2026-08-30 00:24:49] [orchestrator] [UPDATE] master.json 已写入：phase=screening
[2026-08-30 00:29:11] [reviewer] [PAPER_ID] 生成 paper_id：energyharv_Iscience2026_Chang_Cantilever_Beam_Structured
[2026-08-30 00:29:11] [reviewer] [PAPER_ID]   subcategory=energyharv venue=iScience date=2026-04 authors=['Wenxuan Chang'] title=A cantilever-beam-structured triboelectric nanogenerator for
[2026-08-30 00:29:11] [reviewer] [PAPER_ID] PDF 重命名：2026_wind_A_cantilever_beam_structured_triboelectric_nanogenerator_for_micro_vibration_energy_harves.pdf -> energyharv_Iscience2026_Chang_Cantilever_Beam_Structured.pdf
[2026-08-30 00:29:11] [reviewer] [PAPER_ID] 目录重命名：2026_wind_A_cantilever_beam_structured_triboelectric_nanogenerator_for_micro_vibration_energy_harves -> energyharv_Iscience2026_Chang_Cantilever_Beam_Structured
[2026-08-30 00:29:11] [reviewer] [PAPER_ID] 完成：energyharv_Iscience2026_Chang_Cantilever_Beam_Structured
[2026-08-30 00:29:47] [reviewer] [PAPER_ID] 生成 paper_id：marine_Iscience2026_Chang_Integrated_Charge_Excitation
[2026-08-30 00:29:47] [reviewer] [PAPER_ID]   subcategory=marine venue=iScience date=2026-05 authors=['Wenxuan Chang'] title=Integrated charge excitation triboelectric nanogenerator for
[2026-08-30 00:29:47] [reviewer] [PAPER_ID] PDF 重命名：2026_wind_Integrated_charge_excitation_triboelectric_nanogenerator_for_all_weather_wave_energy_harve.pdf -> marine_Iscience2026_Chang_Integrated_Charge_Excitation.pdf
[2026-08-30 00:29:47] [reviewer] [PAPER_ID] 目录重命名：2026_wind_Integrated_charge_excitation_triboelectric_nanogenerator_for_all_weather_wave_energy_harve -> marine_Iscience2026_Chang_Integrated_Charge_Excitation
[2026-08-30 00:29:47] [reviewer] [PAPER_ID] 完成：marine_Iscience2026_Chang_Integrated_Charge_Excitation
[2026-08-30 00:52:13] [orchestrator] [COLLECT] 扫描 cache，发现 235 个目录
[2026-08-30 00:52:13] [orchestrator] [COLLECT] 跳过 2026_wind_Small_A_Dual_Module_Triboelectric_Nanogenerator_With_Ultrahigh_Charging_Efficiency_for_Broadband_Vibration_Wind_Harvestin：缺少 score.json 或 index.json（reviewer 尚未完成）
[2026-08-30 00:52:13] [orchestrator] [COLLECT] 跳过 2026_wind_Wind_energy_driven_rabbit_hair_TENG_for_railway_detection：缺少 score.json 或 index.json（reviewer 尚未完成）
[2026-08-30 00:52:13] [orchestrator] [COLLECT] 跳过 3D-omnidirectional-and-distance-enhanced-triboelectric-acoust_2026_Nano-Ener：缺少 score.json 或 index.json（reviewer 尚未完成）
[2026-08-30 00:52:13] [orchestrator] [COLLECT] 跳过 A-dynamically-cross-linked-LA-Arg-NMA-hydrogel-with-integrated-sel_2026_Nano：缺少 score.json 或 index.json（reviewer 尚未完成）
[2026-08-30 00:52:13] [orchestrator] [COLLECT] 跳过 A-multi-dimensional-tactile-perception-system-based-on-triboelect_2024_Nano-：缺少 score.json 或 index.json（reviewer 尚未完成）
[2026-08-30 00:52:13] [orchestrator] [COLLECT] 跳过 A-real-time-self-powered-wireless-pressure-sensing-system-based-_2025_Nano-E：缺少 score.json 或 index.json（reviewer 尚未完成）
[2026-08-30 00:52:13] [orchestrator] [COLLECT] 跳过 A-self-powered-wearable-structured-foam-built-in-electrode-triboel_2026_Nano：缺少 score.json 或 index.json（reviewer 尚未完成）
[2026-08-30 00:52:13] [orchestrator] [COLLECT] 跳过 A-wearable-sign-language-translation-device-utilizing-silicone-hy_2025_Nano-：缺少 score.json 或 index.json（reviewer 尚未完成）
[2026-08-30 00:52:13] [orchestrator] [COLLECT] 跳过 ACS Energy Letters-Self-Propelled Nanocellulose Aerogel Eco-Robots for Self-Powered Aquatic Environment Perception：缺少 score.json 或 index.json（reviewer 尚未完成）
[2026-08-30 00:52:13] [orchestrator] [COLLECT] 跳过 ACS Nano-Neuromorphic Computing-Assisted Triboelectric Capacitive-Coupled Tactile Sensor Array for Wireless Mixed Reality Interaction：缺少 score.json 或 index.json（reviewer 尚未完成）
[2026-08-30 00:52:13] [orchestrator] [COLLECT] 跳过 ACS Nano-Neuromorphic-Computing-Assisted Triboelectric-Capacitive-Coupled Tactile Sensor Array for Wireless Mixed Reality Interaction：缺少 score.json 或 index.json（reviewer 尚未完成）
[2026-08-30 00:52:13] [orchestrator] [COLLECT] 跳过 ACS Nano-Triboelectric Spectroscopy for In-Situ Detection of Gas Molecules in Liquid：缺少 score.json 或 index.json（reviewer 尚未完成）
[2026-08-30 00:52:13] [orchestrator] [COLLECT] 跳过 ACS Nano-Triboelectric Spectroscopy for identification of Metal Ion Valence States in Aqueous Solutions：缺少 score.json 或 index.json（reviewer 尚未完成）
[2026-08-30 00:52:13] [orchestrator] [COLLECT] 跳过 Adv Funct Materials - 2022 - Han - Hybrid Triboelectric‐Electromagnetic Nanogenerator with a Double‐Sided Fluff and Double：缺少 score.json 或 index.json（reviewer 尚未完成）
[2026-08-30 00:52:13] [orchestrator] [COLLECT] 跳过 Adv Funct Materials - 2022 - Qu - Spherical Triboelectric Nanogenerator Based on Eccentric Structure for Omnidirectional：缺少 score.json 或 index.json（reviewer 尚未完成）
[2026-08-30 00:52:13] [orchestrator] [COLLECT] 跳过 Adv Funct Materials - 2022 - Qu - Spherical Triboelectric Nanogenerator Based on Eccentric Structure for Omnidirectional_1：缺少 score.json 或 index.json（reviewer 尚未完成）
[2026-08-30 00:52:13] [orchestrator] [COLLECT] 跳过 Adv Funct Materials - 2022 - Yang - Barycenter Self‐Adapting Triboelectric Nanogenerator for Sea Water Wave High‐Entropy：缺少 score.json 或 index.json（reviewer 尚未完成）
[2026-08-30 00:52:13] [orchestrator] [COLLECT] 跳过 Adv Funct Materials - 2022 - Yu - Moisture Resistant and Stable Wireless Wind Speed Sensing System Based on Triboelectric：缺少 score.json 或 index.json（reviewer 尚未完成）
[2026-08-30 00:52:13] [orchestrator] [COLLECT] 跳过 Adv Funct Materials - 2023 - Mu - Achieving High‐Efficiency Wind Energy Harvesting Triboelectric Nanogenerator by Coupling (1)：缺少 score.json 或 index.json（reviewer 尚未完成）
[2026-08-30 00:52:13] [orchestrator] [COLLECT] 跳过 Adv Funct Materials - 2023 - Yang - A Swing Self‐Regulated Triboelectric Nanogenerator for High‐Entropy Ocean Breaking：缺少 score.json 或 index.json（reviewer 尚未完成）
[2026-08-30 00:52:13] [orchestrator] [COLLECT] 跳过 Adv Funct Materials - 2024 - Wang - Self‐Healing Hydrogel‐Based Triboelectric Nanogenerator in Smart Glove System for：缺少 score.json 或 index.json（reviewer 尚未完成）
[2026-08-30 00:52:13] [orchestrator] [COLLECT] 跳过 Adv Funct Materials - 2024 - Zhu - Hierarchical Structure by Self‐sedimentation of Liquid Metal for Flexible Sensor (1)：缺少 score.json 或 index.json（reviewer 尚未完成）
[2026-08-30 00:52:13] [orchestrator] [COLLECT] 跳过 Adv Funct Materials - 2025 - Gao - Fabric-Reinforced Functional Insoles for Energy Harvesting and AI-Empowered Motion Monitoring：缺少 score.json 或 index.json（reviewer 尚未完成）
[2026-08-30 00:52:13] [orchestrator] [COLLECT] 跳过 Adv Funct Materials - 2025 - Gong - Alternating Electrical Polarity Enabled Efficient Charge Capture Triboelectric：缺少 score.json 或 index.json（reviewer 尚未完成）
[2026-08-30 00:52:13] [orchestrator] [COLLECT] 跳过 Adv Funct Materials - 2025 - Guo - Flexible Triboelectric Nanogenerator Arrays for Energy Harvesting and Direct Current：缺少 score.json 或 index.json（reviewer 尚未完成）
[2026-08-30 00:52:13] [orchestrator] [COLLECT] 跳过 Adv Funct Materials - 2025 - Lee - Metamaterial Adhesives-Integrated Triboelectric Nanogenerators with Enhanced and Programmable Charge Generation and Adhesion：缺少 score.json 或 index.json（reviewer 尚未完成）
[2026-08-30 00:52:13] [orchestrator] [COLLECT] 跳过 Adv Funct Materials - 2025 - Xiao - Tubular Oil Solid Triboelectric Nanogenerator Adopted for Self‐Powered Impurities：缺少 score.json 或 index.json（reviewer 尚未完成）
[2026-08-30 00:52:13] [orchestrator] [COLLECT] 跳过 Adv Funct Materials - 2026 - Li - Loofah‐Inspired Hierarchical Porous Triboelectric Nanogenerator with Dual Phase Flame：缺少 score.json 或 index.json（reviewer 尚未完成）
[2026-08-30 00:52:13] [orchestrator] [COLLECT] 跳过 Adv Materials Technologies - 2025 - Huo - Gravity‐Switch‐Triggered Triboelectric Nanogenerator for Multi‐Directional Wave：缺少 score.json 或 index.json（reviewer 尚未完成）
[2026-08-30 00:52:13] [orchestrator] [COLLECT] 跳过 Adv Materials Technologies - 2025 - Manojkumar - Triboelectric Nanogenerator‐Enabled Smart Agriculture  Self‐Powered：缺少 score.json 或 index.json（reviewer 尚未完成）
[2026-08-30 00:52:13] [orchestrator] [COLLECT] 跳过 Adv. Energy Mater-Fur-Brush Disk Triboelectric Nanogenerator Driven by Cantilever Oscillating Float Mechanism for Near-Shore Marine Environment Monitoring：缺少 score.json 或 index.json（reviewer 尚未完成）
[2026-08-30 00:52:13] [orchestrator] [COLLECT] 跳过 Adv. Energy Mater.-A piezo-tribovoltaic nanogenerator with ultrahigh output power density and dynamic sensory functions：缺少 score.json 或 index.json（reviewer 尚未完成）
[2026-08-30 00:52:13] [orchestrator] [COLLECT] 跳过 Adv. Energy Mater.-Multi-Parameters Self-Powered Monitoring via Triboelectric and Electromagnetic Mechanisms for Smart Transmission Lines：缺少 score.json 或 index.json（reviewer 尚未完成）
[2026-08-30 00:52:13] [orchestrator] [COLLECT] 跳过 Adv. Func. Mater-Achieving Dual-Function In Situ Monitoring of Water Level and Flow Velocity via a Flapping-Wing Triboelectric Nanogenerator：缺少 score.json 或 index.json（reviewer 尚未完成）
[2026-08-30 00:52:13] [orchestrator] [COLLECT] 跳过 Adv. Func. Mater-Kirigami Cube-Inspired Triboelectric Vector Sensor for Human–Machine Interaction：缺少 score.json 或 index.json（reviewer 尚未完成）
[2026-08-30 00:52:13] [orchestrator] [COLLECT] 跳过 Adv. Funct. Mater.-High-accuracy liquid flow monitoring via triboelectric nanogenerator combined with bionic design and common-mode interference suppression：缺少 score.json 或 index.json（reviewer 尚未完成）
[2026-08-30 00:52:13] [orchestrator] [COLLECT] 跳过 Adv. Mater-A Tongue-Computer Tactile Interface Mediated by the Magnetoelectric-Driven Tribovoltaic Sensors：缺少 score.json 或 index.json（reviewer 尚未完成）
[2026-08-30 00:52:13] [orchestrator] [COLLECT] 跳过 Adv. Mater-All-Solid Biomass Dual Network Ionic Conducting Elastomer with Multi Ion Synergy for Low-Temperature Resistant Sensor and Triboelectric Nanogenerator：缺少 score.json 或 index.json（reviewer 尚未完成）
[2026-08-30 00:52:13] [orchestrator] [COLLECT] 跳过 Adv. Mater-Triboelectric E-Skin for Robotic Perception of Hazardous Chemical Leaks：缺少 score.json 或 index.json（reviewer 尚未完成）
[2026-08-30 00:52:13] [orchestrator] [COLLECT] 跳过 Adv. Mater-Ultra-Robust and Hyperelastic Triboelectric Webbing for Self-powered Rehabilitation Sensing with Invisible and Embedded Design：缺少 score.json 或 index.json（reviewer 尚未完成）
[2026-08-30 00:52:13] [orchestrator] [COLLECT] 跳过 Adv. Mater.-Acoustically enhanced triboelectric stethoscope for ultrasensitive cardiac sounds sensing and disease diagnosis：缺少 score.json 或 index.json（reviewer 尚未完成）
[2026-08-30 00:52:13] [orchestrator] [COLLECT] 跳过 Adv. Mater.-Engineering Triboelectric Paper for Energy Harvesting and Smart Sensing：缺少 score.json 或 index.json（reviewer 尚未完成）
[2026-08-30 00:52:13] [orchestrator] [COLLECT] 跳过 Adv. Mater.-Ultra-High Sensitivity Real-Time Monitoring of Landslide Surface Deformation via Triboelectric Nanogenerator：缺少 score.json 或 index.json（reviewer 尚未完成）
[2026-08-30 00:52:13] [orchestrator] [COLLECT] 跳过 Adv. Sci.-Multistrand Twisted Triboelectric Kevlar Yarns for Harvesting High Impact Energy, Body Injury Location and Levels Evaluation：缺少 score.json 或 index.json（reviewer 尚未完成）
[2026-08-30 00:52:13] [orchestrator] [COLLECT] 跳过 Advanced Energy Materials - 2022 - Han - Achieving a Large Driving Force on Triboelectric Nanogenerator by Wave‐Driven：缺少 score.json 或 index.json（reviewer 尚未完成）
[2026-08-30 00:52:13] [orchestrator] [COLLECT] 跳过 Advanced Energy Materials - 2022 - Wu - Industrial Fabrication of 3D Braided Stretchable Hierarchical Interlocked：缺少 score.json 或 index.json（reviewer 尚未完成）
[2026-08-30 00:52:13] [orchestrator] [COLLECT] 跳过 Advanced Energy Materials - 2022 - Yang - Triboelectric Nanogenerator Enabled Wearable Sensors and Electronics for：缺少 score.json 或 index.json（reviewer 尚未完成）
[2026-08-30 00:52:13] [orchestrator] [COLLECT] 跳过 Advanced Energy Materials - 2022 - Yong - Environmental Self‐Adaptive Wind Energy Harvesting Technology for Self‐Powered：缺少 score.json 或 index.json（reviewer 尚未完成）
[2026-08-30 00:52:13] [orchestrator] [COLLECT] 跳过 Advanced Energy Materials - 2022 - Yong - Environmental Self‐Adaptive Wind Energy Harvesting Technology for Self‐Powered_1：缺少 score.json 或 index.json（reviewer 尚未完成）
[2026-08-30 00:52:13] [orchestrator] [COLLECT] 跳过 Advanced Energy Materials - 2023 - Chen - Stackable Direct Current Triboelectric‐Electromagnetic Hybrid Nanogenerator for：缺少 score.json 或 index.json（reviewer 尚未完成）
[2026-08-30 00:52:13] [orchestrator] [COLLECT] 跳过 Advanced Energy Materials - 2023 - Chen - Stackable Direct Current Triboelectric‐Electromagnetic Hybrid Nanogenerator for_1：缺少 score.json 或 index.json（reviewer 尚未完成）
[2026-08-30 00:52:13] [orchestrator] [COLLECT] 跳过 Advanced Energy Materials - 2023 - Lv - High‐Performance and Durable Rotational Triboelectric Nanogenerator Leveraging：缺少 score.json 或 index.json（reviewer 尚未完成）
[2026-08-30 00:52:13] [orchestrator] [COLLECT] 跳过 Advanced Energy Materials - 2023 - Salauddin - Highly Electronegative V2CTx Silicone Nanocomposite‐Based Serpentine (1)：缺少 score.json 或 index.json（reviewer 尚未完成）
[2026-08-30 00:52:13] [orchestrator] [COLLECT] 跳过 Advanced Energy Materials - 2023 - Zhang - Multi‐Mode Vibrational Triboelectric Nanogenerator for Broadband Energy：缺少 score.json 或 index.json（reviewer 尚未完成）
[2026-08-30 00:52:13] [orchestrator] [COLLECT] 跳过 Advanced Energy Materials - 2024 - Chung - Acoustic Tunable Battery-Free Implants Based on Sustainable Triboelectric Nanogenerators：缺少 score.json 或 index.json（reviewer 尚未完成）
[2026-08-30 00:52:13] [orchestrator] [COLLECT] 跳过 Advanced Energy Materials - 2024 - Hu - A Combined Wind Harvesting and Speed Sensing System Based on Constant‐Voltage：缺少 score.json 或 index.json（reviewer 尚未完成）
[2026-08-30 00:52:13] [orchestrator] [COLLECT] 跳过 Advanced Energy Materials - 2024 - Zhu - Bladeless Wind Turbine Triboelectric Nanogenerator for Effectively Harvesting：缺少 score.json 或 index.json（reviewer 尚未完成）
[2026-08-30 00:52:13] [orchestrator] [COLLECT] 跳过 Advanced Energy Materials - 2025 - Mulvihill - How to Test Triboelectric Nanogenerators Key Factors for Standardized Performance Evaluation：缺少 score.json 或 index.json（reviewer 尚未完成）
[2026-08-30 00:52:13] [orchestrator] [COLLECT] 跳过 Advanced Energy Materials - 2025 - Zhang - Fur‐Brush Disk Triboelectric Nanogenerator Driven by Cantilever Oscillating：缺少 score.json 或 index.json（reviewer 尚未完成）
[2026-08-30 00:52:13] [orchestrator] [COLLECT] 跳过 Advanced Energy Materials - 2025 - Zhang - Fur‐Brush Disk Triboelectric Nanogenerator Driven by Cantilever Oscillating_1：缺少 score.json 或 index.json（reviewer 尚未完成）
[2026-08-30 00:52:13] [orchestrator] [COLLECT] 跳过 Advanced Materials - 2013 - Yang - A Single‐Electrode Based Triboelectric Nanogenerator as Self‐Powered Tracking System：缺少 score.json 或 index.json（reviewer 尚未完成）
[2026-08-30 00:52:13] [orchestrator] [COLLECT] 跳过 Advanced Materials - 2016 - Lai - Electric Eel‐Skin‐Inspired Mechanically Durable and Super‐Stretchable Nanogenerator for：缺少 score.json 或 index.json（reviewer 尚未完成）
[2026-08-30 00:52:13] [orchestrator] [COLLECT] 跳过 Advanced Materials - 2018 - Dong - A Stretchable Yarn Embedded Triboelectric Nanogenerator as Electronic Skin for：缺少 score.json 或 index.json（reviewer 尚未完成）
[2026-08-30 00:52:13] [orchestrator] [COLLECT] 跳过 Advanced Materials - 2018 - Lai - Actively Perceiving and Responsive Soft Robots Enabled by Self‐Powered  Highly Extensible：缺少 score.json 或 index.json（reviewer 尚未完成）
[2026-08-30 00:52:13] [orchestrator] [COLLECT] 跳过 Advanced Materials - 2021 - Su - Self‐Powered Respiration Monitoring Enabled By a Triboelectric Nanogenerator  Adv  Mater ：缺少 score.json 或 index.json（reviewer 尚未完成）
[2026-08-30 00:52:13] [orchestrator] [COLLECT] 跳过 Advanced Materials - 2021 - Yang - Self‐Powered Interactive Fiber Electronics with Visual Digital Synergies：缺少 score.json 或 index.json（reviewer 尚未完成）
[2026-08-30 00:52:13] [orchestrator] [COLLECT] 跳过 Advanced Materials - 2022 - Deng - Rationally Structured Triboelectric Nanogenerator Arrays for Harvesting Water‐Current：缺少 score.json 或 index.json（reviewer 尚未完成）
[2026-08-30 00:52:13] [orchestrator] [COLLECT] 跳过 Advanced Materials - 2022 - Lu - Wearable Triboelectric Visual Sensors for Tactile Perception：缺少 score.json 或 index.json（reviewer 尚未完成）
[2026-08-30 00:52:13] [orchestrator] [COLLECT] 跳过 Advanced Materials - 2022 - Wei - An Open‐Environment Tactile Sensing System  Toward Simple and Efficient Material：缺少 score.json 或 index.json（reviewer 尚未完成）
[2026-08-30 00:52:13] [orchestrator] [COLLECT] 跳过 Advanced Materials - 2023 - Xia - Transparent Self‐Healing Anti‐Freezing Ionogel for Monolayered Triboelectric：缺少 score.json 或 index.json（reviewer 尚未完成）
[2026-08-30 00:52:13] [orchestrator] [COLLECT] 跳过 Advanced Materials - 2025 - Chen - A Self‐Sustainable  Ultrarobust and High‐Power‐Density Triboelectric Nanogenerator for：缺少 score.json 或 index.json（reviewer 尚未完成）
[2026-08-30 00:52:13] [orchestrator] [COLLECT] 跳过 Advanced Materials - 2025 - Zheng - The Efficient and Stable Triboelectric Nanogenerator Materials Based on Electrostatic (1)：缺少 score.json 或 index.json（reviewer 尚未完成）
[2026-08-30 00:52:13] [orchestrator] [COLLECT] 跳过 Advanced Science - 2025 - Yang - Skeleton Enhanced Dispersed Lubricant Particle Based Triboelectric Nanogenerator for：缺少 score.json 或 index.json（reviewer 尚未完成）
[2026-08-30 00:52:13] [orchestrator] [COLLECT] 跳过 All-foam-intrinsic-triboelectric-static-and-dynamic-pressure-sens_2025_Nano-：缺少 score.json 或 index.json（reviewer 尚未完成）
[2026-08-30 00:52:13] [orchestrator] [COLLECT] 跳过 Amphibious-triboelectric-acoustic-sensor-for-bioacoustic-signa_2026_Nano-Ene：缺少 score.json 或 index.json（reviewer 尚未完成）
[2026-08-30 00:52:13] [orchestrator] [COLLECT] 跳过 An-on-skin-triboelectric-sensor-system-enabled-by-heterogeneous-p_2024_Nano-：缺少 score.json 或 index.json（reviewer 尚未完成）
[2026-08-30 00:52:13] [orchestrator] [COLLECT] 跳过 Basith2024_wind_Upcycling_of_Waste_Materials_for_the_Development_of_Triboelectric_Nanoge：缺少 score.json 或 index.json（reviewer 尚未完成）
[2026-08-30 00:52:13] [orchestrator] [COLLECT] 跳过 Bentonite-nanosheets-incorporated-silk-fibroin-double-network-hydr_2026_Nano：缺少 score.json 或 index.json（reviewer 尚未完成）
[2026-08-30 00:52:13] [orchestrator] [COLLECT] 跳过 Bifunctional-Silicone-NENU-5-nanocomposite-based-wearable-serpi-g_2026_Nano-：缺少 score.json 或 index.json（reviewer 尚未完成）
[2026-08-30 00:52:13] [orchestrator] [COLLECT] 跳过 Buckling-inspired-triboelectric-sensor-for-multifunctional-sensi_2024_Nano-E：缺少 score.json 或 index.json（reviewer 尚未完成）
[2026-08-30 00:52:13] [orchestrator] [COLLECT] 跳过 Chandrasekhar2024_wind_Smart_maracas_An_innovative_triboelectric_nanogenerator_for_earthquake_d：缺少 score.json 或 index.json（reviewer 尚未完成）
[2026-08-30 00:52:13] [orchestrator] [COLLECT] 跳过 Chem. Rev-Triboelectric nanogenerator as a probe for investigating charge transfer at liquid-solid interfaces：缺少 score.json 或 index.json（reviewer 尚未完成）
[2026-08-30 00:52:13] [orchestrator] [COLLECT] 跳过 Chen2026_iot_Structural_superlubricity_triboelectric_nanogenerator_with_negligible_we：缺少 score.json 或 index.json（reviewer 尚未完成）
[2026-08-30 00:52:13] [orchestrator] [COLLECT] 跳过 Clapping-triboelectric-nanogenerators-as-self-powered--frequency-_2023_Nano-：缺少 score.json 或 index.json（reviewer 尚未完成）
[2026-08-30 00:52:13] [orchestrator] [COLLECT] 跳过 Compact-hybrid-synchronous-wireless-triboelectric-sensors-for-ta_2026_Nano-E：缺少 score.json 或 index.json（reviewer 尚未完成）
[2026-08-30 00:52:13] [orchestrator] [COLLECT] 跳过 Deep-learning-enhanced-safety-system-for-real-time-in-situ-blade_2025_Nano-E：缺少 score.json 或 index.json（reviewer 尚未完成）
[2026-08-30 00:52:13] [orchestrator] [COLLECT] 跳过 Dual-mode-triboelectric-encoder-based-high-precision-liquid-leve_2025_Nano-E：缺少 score.json 或 index.json（reviewer 尚未完成）
[2026-08-30 00:52:13] [orchestrator] [COLLECT] 跳过 Dual-nano-micro-tip-array-based-liquid-solid-interface-for-ultra_2025_Nano-E：缺少 score.json 或 index.json（reviewer 尚未完成）
[2026-08-30 00:52:13] [orchestrator] [COLLECT] 跳过 Dynamic-charge-balanced-multi-layer-noncontact-triboelectric-nanog_2026_Nano：缺少 score.json 或 index.json（reviewer 尚未完成）
[2026-08-30 00:52:13] [orchestrator] [COLLECT] 跳过 Dynamic-keystroke-password-recognition-based-on-piezoelectric-trib_2025_Nano：缺少 score.json 或 index.json（reviewer 尚未完成）
[2026-08-30 00:52:13] [orchestrator] [COLLECT] 跳过 Eco-friendly-triboelectric-nanogenerator-for-self-powering-stacke_2024_Nano-：缺少 score.json 或 index.json（reviewer 尚未完成）
[2026-08-30 00:52:13] [orchestrator] [COLLECT] 跳过 Electrical-double-layer-dynamics-regulation-for-maximized-electrosta_2026_Jo：缺少 score.json 或 index.json（reviewer 尚未完成）
[2026-08-30 00:52:13] [orchestrator] [COLLECT] 跳过 Enhancing-self-induced-polarization-of-PVDF-based-triboelectric-f_2024_Nano-：缺少 score.json 或 index.json（reviewer 尚未完成）
[2026-08-30 00:52:13] [orchestrator] [COLLECT] 跳过 Enhancing-the-accuracy-of-triboelectric-sensor-based-on-triboele_2025_Nano-E：缺少 score.json 或 index.json（reviewer 尚未完成）
[2026-08-30 00:52:13] [orchestrator] [COLLECT] 跳过 Flexible-arrayed-triboelectric-pressure-sensor-with-PDMS-CNT-CB-v_2026_Nano-：缺少 score.json 或 index.json（reviewer 尚未完成）
[2026-08-30 00:52:13] [orchestrator] [COLLECT] 跳过 Flexible-magnet-Fe-layers-based-triboelectric-sensors-for-continu_2025_Nano-：缺少 score.json 或 index.json（reviewer 尚未完成）
[2026-08-30 00:52:13] [orchestrator] [COLLECT] 跳过 Fountain-inspired-triboelectric-nanogenerator-as-rotary-energy-h_2025_Nano-E：缺少 score.json 或 index.json（reviewer 尚未完成）
[2026-08-30 00:52:13] [orchestrator] [COLLECT] 跳过 From-anti-counterfeit-polymer-materials-to-dual-mode-visualizati_2025_Nano-E：缺少 score.json 或 index.json（reviewer 尚未完成）
[2026-08-30 00:52:13] [orchestrator] [COLLECT] 跳过 Gao2024_aviation_Microdroplet_splitting_and_mixing_by_portable_triboelectric_nanogenerato：缺少 score.json 或 index.json（reviewer 尚未完成）
[2026-08-30 00:52:13] [orchestrator] [COLLECT] 跳过 Gao2024_aviation_Spontaneously_established_reverse_electric_field_to_enhance_the_performa：缺少 score.json 或 index.json（reviewer 尚未完成）
[2026-08-30 00:52:13] [orchestrator] [COLLECT] 跳过 Gbadam2025_space_Direct_current_generation_in_triboelectric_nanogenerators_through_ionic：缺少 score.json 或 index.json（reviewer 尚未完成）
[2026-08-30 00:52:13] [orchestrator] [COLLECT] 跳过 Grease-lubricated-triboelectric-instantaneous-angular-speed-senso_2023_Nano-：缺少 score.json 或 index.json（reviewer 尚未完成）
[2026-08-30 00:52:13] [orchestrator] [COLLECT] 跳过 Guo2026_biomedical_A_fully_degradable_triboelectric_vagus_nerve_stimulator_for_attenuating：缺少 score.json 或 index.json（reviewer 尚未完成）
[2026-08-30 00:52:13] [orchestrator] [COLLECT] 跳过 Han2025_motion_Monolithically_integrated_ionic_triboelectric_nanogenerators_for_deforma：缺少 score.json 或 index.json（reviewer 尚未完成）
[2026-08-30 00:52:13] [orchestrator] [COLLECT] 跳过 Hao2024_space_Enhancing_output_performance_of_triboelectric_nanogenerator_by_increasin：缺少 score.json 或 index.json（reviewer 尚未完成）
[2026-08-30 00:52:13] [orchestrator] [COLLECT] 跳过 Hao2024_wearable_Triboelectric_nanogenerator_based_on_changing_the_nanomorphology_of_poly：缺少 score.json 或 index.json（reviewer 尚未完成）
[2026-08-30 00:52:13] [orchestrator] [COLLECT] 跳过 High-sensitivity-and-high-resolution-triboelectric-acoustic-sens_2025_Nano-E：缺少 score.json 或 index.json（reviewer 尚未完成）
[2026-08-30 00:52:13] [orchestrator] [COLLECT] 跳过 Highly-sensitive--absolute-and-self-powered-triboelectric-angul_2025_Nano-En：缺少 score.json 或 index.json（reviewer 尚未完成）
[2026-08-30 00:52:13] [orchestrator] [COLLECT] 跳过 InfoMat-Advanced Handwriting Identification- Triboelectric Sensor Array Integrating with Deep Learning Towards High Information Security：缺少 score.json 或 index.json（reviewer 尚未完成）
[2026-08-30 00:52:13] [orchestrator] [COLLECT] 跳过 InfoMat-Miniaturized and cost-effective self-powered triboelectric sensing system towards rapid detection of Puerarin concentration：缺少 score.json 或 index.json（reviewer 尚未完成）
[2026-08-30 00:52:13] [orchestrator] [COLLECT] 跳过 Innovative-smart-gloves-with-Phalanges-based-triboelectric-sensor_2025_Nano-：缺少 score.json 或 index.json（reviewer 尚未完成）
[2026-08-30 00:52:13] [orchestrator] [COLLECT] 跳过 Intelligent-triboelectric-sensor-for-rapid-detecting-of-oil-m_2026_Nano-Ener：缺少 score.json 或 index.json（reviewer 尚未完成）
[2026-08-30 00:52:13] [orchestrator] [COLLECT] 跳过 Interdisciplinary Materials-High-performance triboelectric nanogenerator based on a double-spiral zigzag-origami structure for continuous sensing and signal transmission in marine environment：缺少 score.json 或 index.json（reviewer 尚未完成）
[2026-08-30 00:52:13] [orchestrator] [COLLECT] 跳过 Investigating-superior-performance-by-configuring-bimetallic-elect_2024_Nano：缺少 score.json 或 index.json（reviewer 尚未完成）
[2026-08-30 00:52:13] [orchestrator] [COLLECT] 跳过 JACS-Triboelectric spectroscopy for in-situ chemical analysis of liquids：缺少 score.json 或 index.json（reviewer 尚未完成）
[2026-08-30 00:52:13] [orchestrator] [COLLECT] 跳过 Jiang2022_space_Ion_rectification_based_on_gel_polymer_electrolyte_ionic_diode：缺少 score.json 或 index.json（reviewer 尚未完成）
[2026-08-30 00:52:13] [orchestrator] [COLLECT] 跳过 Jung2023_marine_Self_powered_ocean_buoy_using_a_disk_type_triboelectric_nanogenerator_wi：缺少 score.json 或 index.json（reviewer 尚未完成）
[2026-08-30 00:52:13] [orchestrator] [COLLECT] 跳过 Karabiber2024_smarttextile_Dielectric_size_optimization_for_high_power_density_in_large_scale_tribo：缺少 score.json 或 index.json（reviewer 尚未完成）
[2026-08-30 00:52:13] [orchestrator] [COLLECT] 跳过 Keel2023_tactile_Three_dimensional_graphene_foam_based_triboelectric_nanogenerators_for_e：缺少 score.json 或 index.json（reviewer 尚未完成）
[2026-08-30 00:52:13] [orchestrator] [COLLECT] 跳过 Kovalska2026_acoustic_Multifunctional_energy_autonomous_textile_sensors_enabled_by_spray_coate：缺少 score.json 或 index.json（reviewer 尚未完成）
[2026-08-30 00:52:13] [orchestrator] [COLLECT] 跳过 Lee2024_wind_Integrated_triboelectric_nanogenerator_and_radiative_cooler_for_all_weat：缺少 score.json 或 index.json（reviewer 尚未完成）
[2026-08-30 00:52:13] [orchestrator] [COLLECT] 跳过 Li2022_wind_Filling_the_gap_between_topological_insulator_nanomaterials_and_triboele：缺少 score.json 或 index.json（reviewer 尚未完成）
[2026-08-30 00:52:13] [orchestrator] [COLLECT] 跳过 Li2024_aviation_Triboiontronics_with_temporal_control_of_electrical_double_layer_formati：缺少 score.json 或 index.json（reviewer 尚未完成）
[2026-08-30 00:52:13] [orchestrator] [COLLECT] 跳过 Li2024_robotics_Visualization_and_standardized_quantification_of_surface_charge_density：缺少 score.json 或 index.json（reviewer 尚未完成）
[2026-08-30 00:52:13] [orchestrator] [COLLECT] 跳过 Li2025_aviation_A_self_powered_soft_triboelectric_electrohydrodynamic_pump：缺少 score.json 或 index.json（reviewer 尚未完成）
[2026-08-30 00:52:13] [orchestrator] [COLLECT] 跳过 Liu2022_energyharv_Fabrication_of_triboelectric_polymer_films_via_repeated_rheological_forg：缺少 score.json 或 index.json（reviewer 尚未完成）
[2026-08-30 00:52:13] [orchestrator] [COLLECT] 跳过 Liu2022_wearable_Self_powered_high_sensitivity_all_in_one_vertical_tribo_transistor_devic：缺少 score.json 或 index.json（reviewer 尚未完成）
[2026-08-30 00:52:13] [orchestrator] [COLLECT] 跳过 Liu2022_wind_Standardized_measurement_of_dielectric_materials_intrinsic_triboelectric：缺少 score.json 或 index.json（reviewer 尚未完成）
[2026-08-30 00:52:13] [orchestrator] [COLLECT] 跳过 Liu2022_wind_Touchless_interactive_teaching_of_soft_robots_through_flexible_bimodal_s：缺少 score.json 或 index.json（reviewer 尚未完成）
[2026-08-30 00:52:13] [orchestrator] [COLLECT] 跳过 Liu2025_aviation_Self_powered_sensing_platform_based_on_triboelectric_nanogenerators_towa：缺少 score.json 或 index.json（reviewer 尚未完成）
[2026-08-30 00:52:13] [orchestrator] [COLLECT] 跳过 Liu2025_iot_Field_emission_effect_in_triboelectric_nanogenerators：缺少 score.json 或 index.json（reviewer 尚未完成）
[2026-08-30 00:52:13] [orchestrator] [COLLECT] 跳过 Liu2025_wearable_Triboelectric_tactile_sensor_for_pressure_and_temperature_sensing_in_hig：缺少 score.json 或 index.json（reviewer 尚未完成）
[2026-08-30 00:52:13] [orchestrator] [COLLECT] 跳过 Lotus-leaf-inspired-triboelectric-sensor-for-detecting-seismic_2025_Nano-Ene：缺少 score.json 或 index.json（reviewer 尚未完成）
[2026-08-30 00:52:13] [orchestrator] [COLLECT] 跳过 Lu2022_marine_Liquid_liquid_triboelectric_nanogenerator_based_on_the_immiscible_interf：缺少 score.json 或 index.json（reviewer 尚未完成）
[2026-08-30 00:52:13] [orchestrator] [COLLECT] 跳过 Lu2024_aviation_Magnetic_assisted_self_powered_vehicle_motion_sensor_based_on_triboelect：缺少 score.json 或 index.json（reviewer 尚未完成）
[2026-08-30 00:52:13] [orchestrator] [COLLECT] 跳过 MRS Bull-Nanogenerators- A foundation for high-entropy energy and sensing systems：缺少 score.json 或 index.json（reviewer 尚未完成）
[2026-08-30 00:52:13] [orchestrator] [COLLECT] 跳过 MRS Bulletin-Triboelectric nanogenerators as a probe for studying charge transfer at liquid-solid interface：缺少 score.json 或 index.json（reviewer 尚未完成）
[2026-08-30 00:52:13] [orchestrator] [COLLECT] 跳过 Magnetic-repulsion-assisted-hybrid-breeze-wind-energy-harvester-wit_2025_Nan：缺少 score.json 或 index.json（reviewer 尚未完成）
[2026-08-30 00:52:13] [orchestrator] [COLLECT] 跳过 Materials Today-Fully sprayed triboelectric-piezoresistive hybrid sensor for intelligent sports analytics：缺少 score.json 或 index.json（reviewer 尚未完成）
[2026-08-30 00:52:13] [orchestrator] [COLLECT] 跳过 Mica-nylon-composite-nanofiber-film-based-wearable-triboelectri_2024_Nano-En：缺少 score.json 或 index.json（reviewer 尚未完成）
[2026-08-30 00:52:13] [orchestrator] [COLLECT] 跳过 Mondal2024_wind_CsPbI_sub_3_sub_PVDF_Composite_Based_Multimode_Hybrid_Piezo_Triboelectri：缺少 score.json 或 index.json（reviewer 尚未完成）
[2026-08-30 00:52:13] [orchestrator] [COLLECT] 跳过 Monolithic-thermodielectric-enhanced-triboelectric-sensor-for-au_2026_Nano-E：缺少 score.json 或 index.json（reviewer 尚未完成）
[2026-08-30 00:52:13] [orchestrator] [COLLECT] 跳过 Multi-degree-of-freedom--semi-flexible--embedded-biomimetic-tail-f_2026_Nano：缺少 score.json 或 index.json（reviewer 尚未完成）
[2026-08-30 00:52:13] [orchestrator] [COLLECT] 跳过 Multi-scale-interlocked-PDMS-PDMS-CB-triboelectric-tactile-sensor_2026_Nano-：缺少 score.json 或 index.json（reviewer 尚未完成）
[2026-08-30 00:52:13] [orchestrator] [COLLECT] 跳过 Nano Energy-A multi-dimensional tactile perception system based on triboelectric sensors- towards intelligent sorting without seeing：缺少 score.json 或 index.json（reviewer 尚未完成）
[2026-08-30 00:52:13] [orchestrator] [COLLECT] 跳过 Nano Energy-Emerging sensing systems based on triboelectric nanogenerator：缺少 score.json 或 index.json（reviewer 尚未完成）
[2026-08-30 00:52:13] [orchestrator] [COLLECT] 跳过 Nano Energy-Gate-Coupling-Enhanced Triboelectric-Triggered Proximity Sensory Memory in Ferroelectric Heterostructure：缺少 score.json 或 index.json（reviewer 尚未完成）
[2026-08-30 00:52:13] [orchestrator] [COLLECT] 跳过 Nano Energy-Innovative smart gloves with Phalanges-based triboelectric sensors as a dexterous teaching interface for Embodied Artificial Intelligence：缺少 score.json 或 index.json（reviewer 尚未完成）
[2026-08-30 00:52:13] [orchestrator] [COLLECT] 跳过 Nano Energy-Intelligent triboelectric sensor for rapid detecting of oil mixed in water：缺少 score.json 或 index.json（reviewer 尚未完成）
[2026-08-30 00:52:13] [orchestrator] [COLLECT] 跳过 Nano Energy-Machine Learning Enhanced Rigiflex Pillar-Membrane Triboelectric Nanogenerator for Universal Stereoscopic Recognition：缺少 score.json 或 index.json（reviewer 尚未完成）
[2026-08-30 00:52:13] [orchestrator] [COLLECT] 跳过 Nano Energy-Monolithic thermodielectric-enhanced triboelectric sensor for autonomous safety monitoring in underground engineering：缺少 score.json 或 index.json（reviewer 尚未完成）
[2026-08-30 00:52:13] [orchestrator] [COLLECT] 跳过 Nano Energy-Probing Leidenfrost effect via contact electrification：缺少 score.json 或 index.json（reviewer 尚未完成）
[2026-08-30 00:52:13] [orchestrator] [COLLECT] 跳过 Nano Letters-Flexible Tactile Sensors for 3D Force Detection：缺少 score.json 或 index.json（reviewer 尚未完成）
[2026-08-30 00:52:13] [orchestrator] [COLLECT] 跳过 Nano Today-A tightly coupled electromagnetic-triboelectric hybrid generator for wind energy harvesting and environmental monitoring：缺少 score.json 或 index.json（reviewer 尚未完成）
[2026-08-30 00:52:13] [orchestrator] [COLLECT] 跳过 Nat. Commun-Probing Electrical Double Layer via Triboelectric Charge Transfer：缺少 score.json 或 index.json（reviewer 尚未完成）
[2026-08-30 00:52:13] [orchestrator] [COLLECT] 跳过 Nat. Sensor-A Fully Self-Powered Triboelectric Wireless Sensor for Robotic Arm Control via Efficient Electromagnetic Induction：缺少 score.json 或 index.json（reviewer 尚未完成）
[2026-08-30 00:52:13] [orchestrator] [COLLECT] 跳过 Octopus-inspired-soft-gripper-with-embedded-triboelectric-tactil_2025_Nano-E：缺少 score.json 或 index.json（reviewer 尚未完成）
[2026-08-30 00:52:13] [orchestrator] [COLLECT] 跳过 Origami-structured-triboelectric-nanogenerator-for-energy-and-infor_2026_Jou：缺少 score.json 或 index.json（reviewer 尚未完成）
[2026-08-30 00:52:13] [orchestrator] [COLLECT] 跳过 Pan2024_aviation_Self_powered_and_speed_adjustable_sensor_for_abyssal_ocean_current_measu：缺少 score.json 或 index.json（reviewer 尚未完成）
[2026-08-30 00:52:13] [orchestrator] [COLLECT] 跳过 Qiu2024_wearable_E_cardiac_patch_to_sense_and_repair_infarcted_myocardium：缺少 score.json 或 index.json（reviewer 尚未完成）
[2026-08-30 00:52:13] [orchestrator] [COLLECT] 跳过 Rapid-response-hybrid-piezo-triboelectric-pressure-sensor-using-a_2025_Nano-：缺少 score.json 或 index.json（reviewer 尚未完成）
[2026-08-30 00:52:13] [orchestrator] [COLLECT] 跳过 Ren2024_aviation_High_performance_press_driven_triboelectric_nanogenerator_based_on_a_gea：缺少 score.json 或 index.json（reviewer 尚未完成）
[2026-08-30 00:52:13] [orchestrator] [COLLECT] 跳过 Revolutionizing-energy-harvesting--Eco-friendly-and-adaptable-trib_2024_Nano：缺少 score.json 或 index.json（reviewer 尚未完成）
[2026-08-30 00:52:13] [orchestrator] [COLLECT] 跳过 Scalable-manufacturing-of-self-powered-embroidered-triboelectric_2026_Nano-E：缺少 score.json 或 index.json（reviewer 尚未完成）
[2026-08-30 00:52:13] [orchestrator] [COLLECT] 跳过 Sci. Adv-A wearable triboelectric impedance tomography system for non-invasive and dynamic imaging of biological tissues：缺少 score.json 或 index.json（reviewer 尚未完成）
[2026-08-30 00:52:13] [orchestrator] [COLLECT] 跳过 Sci. Adv.-Self-powered visualized tactile-acoustic sensor for accurate artificial perception with high brightness and record-low detection limit：缺少 score.json 或 index.json（reviewer 尚未完成）
[2026-08-30 00:52:13] [orchestrator] [COLLECT] 跳过 Science Advances-Self-Powered Visualized Tactile-Acoustic Sensor for High-Accuracy Artificial Perception with High Brightness and Record-Low Detection Limit：缺少 score.json 或 index.json（reviewer 尚未完成）
[2026-08-30 00:52:13] [orchestrator] [COLLECT] 跳过 Science Advances-Triboelectric nanogenerator for high-entropy energy self-powered sensors and popular education：缺少 score.json 或 index.json（reviewer 尚未完成）
[2026-08-30 00:52:13] [orchestrator] [COLLECT] 跳过 Science Bulletin-Over 200 times current enhancement via buckling triboelectric nanogenerator at ultra-low speed for monitoring the swelling of lithium ion batteries：缺少 score.json 或 index.json（reviewer 尚未完成）
[2026-08-30 00:52:13] [orchestrator] [COLLECT] 跳过 Self-powered-flexible-force-sensing-sensor-based-on-triboelectric-_2025_Nano：缺少 score.json 或 index.json（reviewer 尚未完成）
[2026-08-30 00:52:13] [orchestrator] [COLLECT] 跳过 Self-powered-optical-triboelectric-sensor-for-remote-vibratio_2025_Nano-Ener：缺少 score.json 或 index.json（reviewer 尚未完成）
[2026-08-30 00:52:13] [orchestrator] [COLLECT] 跳过 Self-powered-triboelectric-sensor-based-on-a-carbon-fiber-glass-f_2024_Nano-：缺少 score.json 或 index.json（reviewer 尚未完成）
[2026-08-30 00:52:13] [orchestrator] [COLLECT] 跳过 Self-powered-wideband-ultrasonic-sensor-based-on-capacitive-triboe_2025_Nano：缺少 score.json 或 index.json（reviewer 尚未完成）
[2026-08-30 00:52:13] [orchestrator] [COLLECT] 跳过 Self-retracting-triboelectric-electromagnetic-hybrid-sensor-for-_2025_Nano-E：缺少 score.json 或 index.json（reviewer 尚未完成）
[2026-08-30 00:52:13] [orchestrator] [COLLECT] 跳过 Shakibi2025_wearable_Aesthetic_wire_free_and_bioresorbable_dermal_tattoo_TENG_system_for_self：缺少 score.json 或 index.json（reviewer 尚未完成）
[2026-08-30 00:52:13] [orchestrator] [COLLECT] 跳过 Shao2024_wind_Large_area_untethered_metamorphic_and_omnidirectionally_stretchable_mult：缺少 score.json 或 index.json（reviewer 尚未完成）
[2026-08-30 00:52:13] [orchestrator] [COLLECT] 跳过 Small-Bioinspired Omnidirectional Iontronic Sensors Based on Triboelectric Charge：缺少 score.json 或 index.json（reviewer 尚未完成）
[2026-08-30 00:52:13] [orchestrator] [COLLECT] 跳过 Small-Feature-Reinforced Strategy for Enhancing the Accuracy of Triboelectric Vibration Sensing Toward Mechanical Equipment Monitoring：缺少 score.json 或 index.json（reviewer 尚未完成）
[2026-08-30 00:52:13] [orchestrator] [COLLECT] 跳过 Small-Interface Charge Transfer Mapping for In Situ Monitoring of Contamination in Liquid Food：缺少 score.json 或 index.json（reviewer 尚未完成）
[2026-08-30 00:52:13] [orchestrator] [COLLECT] 跳过 Small-Wireless self-powered triboelectric-based sensor for real-time quantitative monitoring of gas-liquid mixed flow：缺少 score.json 或 index.json（reviewer 尚未完成）
[2026-08-30 00:52:13] [orchestrator] [COLLECT] 跳过 Smart-ping-pong-paddle-with-triboelectric-self-powered-wirele_2024_Nano-Ener：缺少 score.json 或 index.json（reviewer 尚未完成）
[2026-08-30 00:52:13] [orchestrator] [COLLECT] 跳过 Strain-insensitive-stretchable-triboelectric-tactile-sensors-vi_2025_Nano-En：缺少 score.json 或 index.json（reviewer 尚未完成）
[2026-08-30 00:52:13] [orchestrator] [COLLECT] 跳过 Subbotina2022_space_Aqueous_synthesis_of_highly_functional_hydrophobic_and_chemically_recycl：缺少 score.json 或 index.json（reviewer 尚未完成）
[2026-08-30 00:52:13] [orchestrator] [COLLECT] 跳过 Sun2025_wind_Impedance_decoupling_strategy_to_enhance_the_real_time_powering_performa：缺少 score.json 或 index.json（reviewer 尚未完成）
[2026-08-30 00:52:13] [orchestrator] [COLLECT] 跳过 Tan2024_tactile_Self_powered_tactile_sensor_for_real_time_recognition_of_Morse_code_base：缺少 score.json 或 index.json（reviewer 尚未完成）
[2026-08-30 00:52:13] [orchestrator] [COLLECT] 跳过 Tang2025_aviation_Rattle_drum_inspired_triboelectric_nanogenerator_with_enhanced_output_us：缺少 score.json 或 index.json（reviewer 尚未完成）
[2026-08-30 00:52:13] [orchestrator] [COLLECT] 跳过 Tao2025_wind_Electro_spun_nanofibers_based_triboelectric_nanogenerators_in_wearable_e：缺少 score.json 或 index.json（reviewer 尚未完成）
[2026-08-30 00:52:13] [orchestrator] [COLLECT] 跳过 Thermal-stable-cordierite-embedded-polyimide-based-triboelectric-_2025_Nano-：缺少 score.json 或 index.json（reviewer 尚未完成）
[2026-08-30 00:52:13] [orchestrator] [COLLECT] 跳过 Triboelectric-induced-abnormal-tribovoltaic-effect-at-the-metal-Ga_2026_Joul：缺少 score.json 或 index.json（reviewer 尚未完成）
[2026-08-30 00:52:13] [orchestrator] [COLLECT] 跳过 Triboelectric-nanogenerator-powering-piezoresistive-cement-based-_2025_Nano-：缺少 score.json 或 index.json（reviewer 尚未完成）
[2026-08-30 00:52:13] [orchestrator] [COLLECT] 跳过 Triboelectric-nanogenerator-sensors-based-trans-media-motion-moni_2025_Nano-：缺少 score.json 或 index.json（reviewer 尚未完成）
[2026-08-30 00:52:13] [orchestrator] [COLLECT] 跳过 Triboelectric-sensor-for-mid-frequency-acoustic-signals-detect_2025_Nano-Ene：缺少 score.json 或 index.json（reviewer 尚未完成）
[2026-08-30 00:52:13] [orchestrator] [COLLECT] 跳过 Ultra-stretchable-and-anti-freezing-ionic-conductive-hydrogels-as-_2024_Nano：缺少 score.json 或 index.json（reviewer 尚未完成）
[2026-08-30 00:52:13] [orchestrator] [COLLECT] 跳过 Ultra-wide-frequency-response-and-high-resolution-triboelectric-a_2025_Nano-：缺少 score.json 或 index.json（reviewer 尚未完成）
[2026-08-30 00:52:13] [orchestrator] [COLLECT] 跳过 Using-deep-learning-and-an-annular-triboelectric-sensor-for-mon_2025_Nano-En：缺少 score.json 或 index.json（reviewer 尚未完成）
[2026-08-30 00:52:13] [orchestrator] [COLLECT] 跳过 Wang2024_wind_A_rolling_mode_triboelectric_nanogenerator_with_multi_tunnel_grating_ele：缺少 score.json 或 index.json（reviewer 尚未完成）
[2026-08-30 00:52:13] [orchestrator] [COLLECT] 跳过 Wang2024_wind_Contact_electro_catalytic_CO2_reduction_from_ambient_air：缺少 score.json 或 index.json（reviewer 尚未完成）
[2026-08-30 00:52:13] [orchestrator] [COLLECT] 跳过 Waterproof-membrane-cavity-membrane-triboelectric-acoustic-sensor_2026_Nano-：缺少 score.json 或 index.json（reviewer 尚未完成）
[2026-08-30 00:52:13] [orchestrator] [COLLECT] 跳过 Wei2022_biomedical_Flexible_iontronics_based_on_2D_nanofluidic_material：缺少 score.json 或 index.json（reviewer 尚未完成）
[2026-08-30 00:52:13] [orchestrator] [COLLECT] 跳过 Wireless-passive-sensor-design-based-on-a-highly-stable-triboelec_2025_Nano-：缺少 score.json 或 index.json（reviewer 尚未完成）
[2026-08-30 00:52:13] [orchestrator] [COLLECT] 跳过 Wu2024_wind_Efficient_energy_conversion_mechanism_and_energy_storage_strategy_for_tr：缺少 score.json 或 index.json（reviewer 尚未完成）
[2026-08-30 00:52:13] [orchestrator] [COLLECT] 跳过 Xia2023_marine_Metallic_glass_based_triboelectric_nanogenerators：缺少 score.json 或 index.json（reviewer 尚未完成）
[2026-08-30 00:52:13] [orchestrator] [COLLECT] 跳过 Xu2022_aviation_A_bio_inspired_and_self_powered_triboelectric_tactile_sensor_for_underwa：缺少 score.json 或 index.json（reviewer 尚未完成）
[2026-08-30 00:52:13] [orchestrator] [COLLECT] 跳过 Xu2022_space_Van_der_Waals_force_induced_intralayer_ferroelectric_to_antiferroelectri：缺少 score.json 或 index.json（reviewer 尚未完成）
[2026-08-30 00:52:13] [orchestrator] [COLLECT] 跳过 Xu2025_wind_Integrating_machine_learning_with_triboelectric_nanogenerators_Optimizin：缺少 score.json 或 index.json（reviewer 尚未完成）
[2026-08-30 00:52:13] [orchestrator] [COLLECT] 跳过 Yang2022_iot_Improved_pharmacodynamics_of_epidermal_growth_factor_via_microneedles_ba：缺少 score.json 或 index.json（reviewer 尚未完成）
[2026-08-30 00:52:13] [orchestrator] [COLLECT] 跳过 Yang2025_wind_Skeleton_enhanced_droplet_energy_harvesting：缺少 score.json 或 index.json（reviewer 尚未完成）
[2026-08-30 00:52:13] [orchestrator] [COLLECT] 跳过 Zhang2022_wind_Bioinspired_asymmetric_amphiphilic_surface_for_triboelectric_enhanced_ef：缺少 score.json 或 index.json（reviewer 尚未完成）
[2026-08-30 00:52:13] [orchestrator] [COLLECT] 跳过 Zhang2023_iot_Discharge_domains_regulation_and_dynamic_processes_of_direct_current_tri：缺少 score.json 或 index.json（reviewer 尚未完成）
[2026-08-30 00:52:13] [orchestrator] [COLLECT] 跳过 Zhang2024_biomedical_Self_powered_triboelectric_responsive_microneedles_with_controllable_rel：缺少 score.json 或 index.json（reviewer 尚未完成）
[2026-08-30 00:52:13] [orchestrator] [COLLECT] 跳过 Zhang2024_wind_Cellulose_nanofiber_mediated_manifold_dynamic_synergy_enabling_adhesive：缺少 score.json 或 index.json（reviewer 尚未完成）
[2026-08-30 00:52:13] [orchestrator] [COLLECT] 跳过 Zhao2022_iot_Underwater_wireless_communication_via_TENG_generated_Maxwell_s_displacem：缺少 score.json 或 index.json（reviewer 尚未完成）
[2026-08-30 00:52:13] [orchestrator] [COLLECT] 跳过 Zhao2025_acoustic_A_pendulum_based_nanogenerator_for_high_entropy_wave_energy_harvesting：缺少 score.json 或 index.json（reviewer 尚未完成）
[2026-08-30 00:52:13] [orchestrator] [COLLECT] 跳过 Zhou2024_acoustic_Sound_frequency_sensitive_triboelectric_nanogenerator_for_multi_function：缺少 score.json 或 index.json（reviewer 尚未完成）
[2026-08-30 00:52:13] [orchestrator] [COLLECT] 跳过 Zhu2026_wind_Effective_wind_energy_harvesting_by_a_triboelectric_electromagnetic_hybr：缺少 score.json 或 index.json（reviewer 尚未完成）
[2026-08-30 00:52:13] [orchestrator] [COLLECT] 跳过 acoustic_NanoEnergy2024_Gao_High_Bandwidth_Self：缺少 score.json 或 index.json（reviewer 尚未完成）
[2026-08-30 00:52:13] [orchestrator] [COLLECT] 跳过 biomedical_BiosensorsAnd2025_Cho_Implantable_Multilayer_Interdigitated：缺少 score.json 或 index.json（reviewer 尚未完成）
[2026-08-30 00:52:13] [orchestrator] [COLLECT] 跳过 chemical_NanoEnergy2023_Yu_Dual_Mode_Sensor：缺少 score.json 或 index.json（reviewer 尚未完成）
[2026-08-30 00:52:13] [orchestrator] [COLLECT] 跳过 eScience-Bioinspired Triboelectric-driven Multisensory Framework with Autonomous Cross-modal Adaptation：缺少 score.json 或 index.json（reviewer 尚未完成）
[2026-08-30 00:52:13] [orchestrator] [COLLECT] [QUALIFIED] energyharv_Iscience2026_Chang_Cantilever_Beam_Structured | score=4.85 | subcat=energyharv | qa=11题 (BK1=1 | BK2=1 | BK3=1 | BK4=1 | DG1=1 | DG2=1 | DG3=1 | RP1=1 | RP2=1 | RP3=1 | RP4=1) -> papers/qualified/energyharv/energyharv_Iscience2026_Chang_Cantilever_Beam_Structured
[2026-08-30 00:52:13] [orchestrator] [COLLECT] 跳过 hmi_NanoEnergy2024_Wang_Flexible_Triboelectric_Sensor：缺少 score.json 或 index.json（reviewer 尚未完成）
[2026-08-30 00:52:13] [orchestrator] [COLLECT] 跳过 iot_NanoEnergy2024_Feng_Novel_Self_Powered：缺少 score.json 或 index.json（reviewer 尚未完成）
[2026-08-30 00:52:13] [orchestrator] [COLLECT] [QUALIFIED] marine_Iscience2026_Chang_Integrated_Charge_Excitation | score=4.85 | subcat=marine | qa=11题 (BK1=1 | BK2=1 | BK3=1 | BK4=1 | DG1=1 | DG2=1 | DG3=1 | RP1=1 | RP2=1 | RP3=1 | RP4=1) -> papers/qualified/marine/marine_Iscience2026_Chang_Integrated_Charge_Excitation
[2026-08-30 00:52:13] [orchestrator] [COLLECT] 跳过 marine_NatComm2026_Huang_Bubble_Burst_Induced：无 .complete 标记（reviewer 仍在出题）
[2026-08-30 00:52:13] [orchestrator] [COLLECT] 跳过 motion_NanoEnergy2024_Sun_Machine_Learning_Coupled：缺少 score.json 或 index.json（reviewer 尚未完成）
[2026-08-30 00:52:13] [orchestrator] [COLLECT] 跳过 nn2c11633：缺少 score.json 或 index.json（reviewer 尚未完成）
[2026-08-30 00:52:13] [orchestrator] [COLLECT] 跳过 nn2c11633_si_001：缺少 score.json 或 index.json（reviewer 尚未完成）
[2026-08-30 00:52:13] [orchestrator] [COLLECT] 跳过 robotics_NanoEnergy2024_Xiao_Multi_Dimensional_Tactile：缺少 score.json 或 index.json（reviewer 尚未完成）
[2026-08-30 00:52:13] [orchestrator] [COLLECT] 跳过 tactile_AcsSensors2024_Huang_Human_Friendly_Self：缺少 score.json 或 index.json（reviewer 尚未完成）
[2026-08-30 00:52:13] [orchestrator] [COLLECT] 跳过 tactile_NanoEnergy2023_Seo_Rationally_Designed_Micropixelation：缺少 score.json 或 index.json（reviewer 尚未完成）
[2026-08-30 00:52:13] [orchestrator] [COLLECT] 跳过 tactile_NanoEnergy2024_Wang_Enhancing_Recognition_Accuracy：缺少 score.json 或 index.json（reviewer 尚未完成）
[2026-08-30 00:52:13] [orchestrator] [COLLECT] 跳过 wearable_NanoEnergy2023_Han_Self_Powered_Slippery：缺少 score.json 或 index.json（reviewer 尚未完成）
[2026-08-30 00:52:13] [orchestrator] [COLLECT] 跳过 wearable_NanoEnergy2023_He_Mechanoreceptor_Inspired_Ear：缺少 score.json 或 index.json（reviewer 尚未完成）
[2026-08-30 00:52:13] [orchestrator] [COLLECT] 跳过 wearable_NanoEnergy2023_He_Mechanoreceptor_Inspired_Ear__dup1：缺少 score.json 或 index.json（reviewer 尚未完成）
[2026-08-30 00:52:13] [orchestrator] [COLLECT] 跳过 wearable_NanoEnergy2023_Mao_Health_Monitoring_System：缺少 score.json 或 index.json（reviewer 尚未完成）
[2026-08-30 00:52:13] [orchestrator] [COLLECT] 完成：qualified=2 rejected=0 skipped=233
[2026-08-30 00:52:14] [orchestrator] [UPDATE] phase 保持：screening（inbox=0 cache=233）
[2026-08-30 00:52:14] [orchestrator] [UPDATE] master.json 已写入：phase=screening
[2026-08-30 00:57:12] [reviewer] [PAPER_ID] 生成 paper_id：wind_Small2026_Wu_Dual_Module_Triboelectric
[2026-08-30 00:57:12] [reviewer] [PAPER_ID]   subcategory=wind venue=Small date=2026-07 authors=['Jin Wu'] title=A Dual-Module Triboelectric Nanogenerator With Ultrahigh Cha
[2026-08-30 00:57:12] [reviewer] [PAPER_ID] PDF 重命名：2026_wind_Small_A_Dual_Module_Triboelectric_Nanogenerator_With_Ultrahigh_Charging_Efficiency_for_Broadband_Vibration_Wind_Harvestin.pdf -> wind_Small2026_Wu_Dual_Module_Triboelectric.pdf
[2026-08-30 00:57:12] [reviewer] [PAPER_ID] 目录重命名：2026_wind_Small_A_Dual_Module_Triboelectric_Nanogenerator_With_Ultrahigh_Charging_Efficiency_for_Broadband_Vibration_Wind_Harvestin -> wind_Small2026_Wu_Dual_Module_Triboelectric
[2026-08-30 00:57:12] [reviewer] [PAPER_ID] 完成：wind_Small2026_Wu_Dual_Module_Triboelectric
[2026-08-30 00:58:09] [reviewer] [PAPER_ID] 生成 paper_id：wind_Iscience2026_Chen_Wind_Energy_Driven
[2026-08-30 00:58:09] [reviewer] [PAPER_ID]   subcategory=wind venue=iScience date=2026-07 authors=['Linchao Chen'] title=Wind energy-driven rabbit hair TENG for railway detection
[2026-08-30 00:58:09] [reviewer] [PAPER_ID] PDF 重命名：2026_wind_Wind_energy_driven_rabbit_hair_TENG_for_railway_detection.pdf -> wind_Iscience2026_Chen_Wind_Energy_Driven.pdf
[2026-08-30 00:58:09] [reviewer] [PAPER_ID] 目录重命名：2026_wind_Wind_energy_driven_rabbit_hair_TENG_for_railway_detection -> wind_Iscience2026_Chen_Wind_Energy_Driven
[2026-08-30 00:58:09] [reviewer] [PAPER_ID] 完成：wind_Iscience2026_Chen_Wind_Energy_Driven
[2026-08-30 01:13:19] [orchestrator] [DISTRIBUTE] 扫描 inbox，发现 0 个 PDF
[2026-08-30 01:13:19] [orchestrator] [DISTRIBUTE] 完成：新分发 0 篇，已存在跳过 0 篇，inbox 当前 0 篇残留
[2026-08-30 01:13:19] [orchestrator] [DISTRIBUTE] cache 当前目录数：233
[2026-08-30 01:13:19] [orchestrator] [COLLECT] 扫描 cache，发现 233 个目录
[2026-08-30 01:13:19] [orchestrator] [COLLECT] 跳过 3D-omnidirectional-and-distance-enhanced-triboelectric-acoust_2026_Nano-Ener：缺少 score.json 或 index.json（reviewer 尚未完成）
[2026-08-30 01:13:19] [orchestrator] [COLLECT] 跳过 A-dynamically-cross-linked-LA-Arg-NMA-hydrogel-with-integrated-sel_2026_Nano：缺少 score.json 或 index.json（reviewer 尚未完成）
[2026-08-30 01:13:19] [orchestrator] [COLLECT] 跳过 A-multi-dimensional-tactile-perception-system-based-on-triboelect_2024_Nano-：缺少 score.json 或 index.json（reviewer 尚未完成）
[2026-08-30 01:13:19] [orchestrator] [COLLECT] 跳过 A-real-time-self-powered-wireless-pressure-sensing-system-based-_2025_Nano-E：缺少 score.json 或 index.json（reviewer 尚未完成）
[2026-08-30 01:13:19] [orchestrator] [COLLECT] 跳过 A-self-powered-wearable-structured-foam-built-in-electrode-triboel_2026_Nano：缺少 score.json 或 index.json（reviewer 尚未完成）
[2026-08-30 01:13:19] [orchestrator] [COLLECT] 跳过 A-wearable-sign-language-translation-device-utilizing-silicone-hy_2025_Nano-：缺少 score.json 或 index.json（reviewer 尚未完成）
[2026-08-30 01:13:19] [orchestrator] [COLLECT] 跳过 ACS Energy Letters-Self-Propelled Nanocellulose Aerogel Eco-Robots for Self-Powered Aquatic Environment Perception：缺少 score.json 或 index.json（reviewer 尚未完成）
[2026-08-30 01:13:19] [orchestrator] [COLLECT] 跳过 ACS Nano-Neuromorphic Computing-Assisted Triboelectric Capacitive-Coupled Tactile Sensor Array for Wireless Mixed Reality Interaction：缺少 score.json 或 index.json（reviewer 尚未完成）
[2026-08-30 01:13:19] [orchestrator] [COLLECT] 跳过 ACS Nano-Neuromorphic-Computing-Assisted Triboelectric-Capacitive-Coupled Tactile Sensor Array for Wireless Mixed Reality Interaction：缺少 score.json 或 index.json（reviewer 尚未完成）
[2026-08-30 01:13:19] [orchestrator] [COLLECT] 跳过 ACS Nano-Triboelectric Spectroscopy for In-Situ Detection of Gas Molecules in Liquid：缺少 score.json 或 index.json（reviewer 尚未完成）
[2026-08-30 01:13:19] [orchestrator] [COLLECT] 跳过 ACS Nano-Triboelectric Spectroscopy for identification of Metal Ion Valence States in Aqueous Solutions：缺少 score.json 或 index.json（reviewer 尚未完成）
[2026-08-30 01:13:19] [orchestrator] [COLLECT] 跳过 Adv Funct Materials - 2022 - Han - Hybrid Triboelectric‐Electromagnetic Nanogenerator with a Double‐Sided Fluff and Double：缺少 score.json 或 index.json（reviewer 尚未完成）
[2026-08-30 01:13:19] [orchestrator] [COLLECT] 跳过 Adv Funct Materials - 2022 - Qu - Spherical Triboelectric Nanogenerator Based on Eccentric Structure for Omnidirectional：缺少 score.json 或 index.json（reviewer 尚未完成）
[2026-08-30 01:13:19] [orchestrator] [COLLECT] 跳过 Adv Funct Materials - 2022 - Qu - Spherical Triboelectric Nanogenerator Based on Eccentric Structure for Omnidirectional_1：缺少 score.json 或 index.json（reviewer 尚未完成）
[2026-08-30 01:13:19] [orchestrator] [COLLECT] 跳过 Adv Funct Materials - 2022 - Yang - Barycenter Self‐Adapting Triboelectric Nanogenerator for Sea Water Wave High‐Entropy：缺少 score.json 或 index.json（reviewer 尚未完成）
[2026-08-30 01:13:19] [orchestrator] [COLLECT] 跳过 Adv Funct Materials - 2022 - Yu - Moisture Resistant and Stable Wireless Wind Speed Sensing System Based on Triboelectric：缺少 score.json 或 index.json（reviewer 尚未完成）
[2026-08-30 01:13:19] [orchestrator] [COLLECT] 跳过 Adv Funct Materials - 2023 - Mu - Achieving High‐Efficiency Wind Energy Harvesting Triboelectric Nanogenerator by Coupling (1)：缺少 score.json 或 index.json（reviewer 尚未完成）
[2026-08-30 01:13:19] [orchestrator] [COLLECT] 跳过 Adv Funct Materials - 2023 - Yang - A Swing Self‐Regulated Triboelectric Nanogenerator for High‐Entropy Ocean Breaking：缺少 score.json 或 index.json（reviewer 尚未完成）
[2026-08-30 01:13:19] [orchestrator] [COLLECT] 跳过 Adv Funct Materials - 2024 - Wang - Self‐Healing Hydrogel‐Based Triboelectric Nanogenerator in Smart Glove System for：缺少 score.json 或 index.json（reviewer 尚未完成）
[2026-08-30 01:13:19] [orchestrator] [COLLECT] 跳过 Adv Funct Materials - 2024 - Zhu - Hierarchical Structure by Self‐sedimentation of Liquid Metal for Flexible Sensor (1)：缺少 score.json 或 index.json（reviewer 尚未完成）
[2026-08-30 01:13:19] [orchestrator] [COLLECT] 跳过 Adv Funct Materials - 2025 - Gao - Fabric-Reinforced Functional Insoles for Energy Harvesting and AI-Empowered Motion Monitoring：缺少 score.json 或 index.json（reviewer 尚未完成）
[2026-08-30 01:13:19] [orchestrator] [COLLECT] 跳过 Adv Funct Materials - 2025 - Gong - Alternating Electrical Polarity Enabled Efficient Charge Capture Triboelectric：缺少 score.json 或 index.json（reviewer 尚未完成）
[2026-08-30 01:13:19] [orchestrator] [COLLECT] 跳过 Adv Funct Materials - 2025 - Guo - Flexible Triboelectric Nanogenerator Arrays for Energy Harvesting and Direct Current：缺少 score.json 或 index.json（reviewer 尚未完成）
[2026-08-30 01:13:19] [orchestrator] [COLLECT] 跳过 Adv Funct Materials - 2025 - Lee - Metamaterial Adhesives-Integrated Triboelectric Nanogenerators with Enhanced and Programmable Charge Generation and Adhesion：缺少 score.json 或 index.json（reviewer 尚未完成）
[2026-08-30 01:13:19] [orchestrator] [COLLECT] 跳过 Adv Funct Materials - 2025 - Xiao - Tubular Oil Solid Triboelectric Nanogenerator Adopted for Self‐Powered Impurities：缺少 score.json 或 index.json（reviewer 尚未完成）
[2026-08-30 01:13:19] [orchestrator] [COLLECT] 跳过 Adv Funct Materials - 2026 - Li - Loofah‐Inspired Hierarchical Porous Triboelectric Nanogenerator with Dual Phase Flame：缺少 score.json 或 index.json（reviewer 尚未完成）
[2026-08-30 01:13:19] [orchestrator] [COLLECT] 跳过 Adv Materials Technologies - 2025 - Huo - Gravity‐Switch‐Triggered Triboelectric Nanogenerator for Multi‐Directional Wave：缺少 score.json 或 index.json（reviewer 尚未完成）
[2026-08-30 01:13:19] [orchestrator] [COLLECT] 跳过 Adv Materials Technologies - 2025 - Manojkumar - Triboelectric Nanogenerator‐Enabled Smart Agriculture  Self‐Powered：缺少 score.json 或 index.json（reviewer 尚未完成）
[2026-08-30 01:13:19] [orchestrator] [COLLECT] 跳过 Adv. Energy Mater-Fur-Brush Disk Triboelectric Nanogenerator Driven by Cantilever Oscillating Float Mechanism for Near-Shore Marine Environment Monitoring：缺少 score.json 或 index.json（reviewer 尚未完成）
[2026-08-30 01:13:19] [orchestrator] [COLLECT] 跳过 Adv. Energy Mater.-A piezo-tribovoltaic nanogenerator with ultrahigh output power density and dynamic sensory functions：缺少 score.json 或 index.json（reviewer 尚未完成）
[2026-08-30 01:13:19] [orchestrator] [COLLECT] 跳过 Adv. Energy Mater.-Multi-Parameters Self-Powered Monitoring via Triboelectric and Electromagnetic Mechanisms for Smart Transmission Lines：缺少 score.json 或 index.json（reviewer 尚未完成）
[2026-08-30 01:13:19] [orchestrator] [COLLECT] 跳过 Adv. Func. Mater-Achieving Dual-Function In Situ Monitoring of Water Level and Flow Velocity via a Flapping-Wing Triboelectric Nanogenerator：缺少 score.json 或 index.json（reviewer 尚未完成）
[2026-08-30 01:13:19] [orchestrator] [COLLECT] 跳过 Adv. Func. Mater-Kirigami Cube-Inspired Triboelectric Vector Sensor for Human–Machine Interaction：缺少 score.json 或 index.json（reviewer 尚未完成）
[2026-08-30 01:13:19] [orchestrator] [COLLECT] 跳过 Adv. Funct. Mater.-High-accuracy liquid flow monitoring via triboelectric nanogenerator combined with bionic design and common-mode interference suppression：缺少 score.json 或 index.json（reviewer 尚未完成）
[2026-08-30 01:13:19] [orchestrator] [COLLECT] 跳过 Adv. Mater-A Tongue-Computer Tactile Interface Mediated by the Magnetoelectric-Driven Tribovoltaic Sensors：缺少 score.json 或 index.json（reviewer 尚未完成）
[2026-08-30 01:13:19] [orchestrator] [COLLECT] 跳过 Adv. Mater-All-Solid Biomass Dual Network Ionic Conducting Elastomer with Multi Ion Synergy for Low-Temperature Resistant Sensor and Triboelectric Nanogenerator：缺少 score.json 或 index.json（reviewer 尚未完成）
[2026-08-30 01:13:19] [orchestrator] [COLLECT] 跳过 Adv. Mater-Triboelectric E-Skin for Robotic Perception of Hazardous Chemical Leaks：缺少 score.json 或 index.json（reviewer 尚未完成）
[2026-08-30 01:13:19] [orchestrator] [COLLECT] 跳过 Adv. Mater-Ultra-Robust and Hyperelastic Triboelectric Webbing for Self-powered Rehabilitation Sensing with Invisible and Embedded Design：缺少 score.json 或 index.json（reviewer 尚未完成）
[2026-08-30 01:13:19] [orchestrator] [COLLECT] 跳过 Adv. Mater.-Acoustically enhanced triboelectric stethoscope for ultrasensitive cardiac sounds sensing and disease diagnosis：缺少 score.json 或 index.json（reviewer 尚未完成）
[2026-08-30 01:13:19] [orchestrator] [COLLECT] 跳过 Adv. Mater.-Engineering Triboelectric Paper for Energy Harvesting and Smart Sensing：缺少 score.json 或 index.json（reviewer 尚未完成）
[2026-08-30 01:13:19] [orchestrator] [COLLECT] 跳过 Adv. Mater.-Ultra-High Sensitivity Real-Time Monitoring of Landslide Surface Deformation via Triboelectric Nanogenerator：缺少 score.json 或 index.json（reviewer 尚未完成）
[2026-08-30 01:13:19] [orchestrator] [COLLECT] 跳过 Adv. Sci.-Multistrand Twisted Triboelectric Kevlar Yarns for Harvesting High Impact Energy, Body Injury Location and Levels Evaluation：缺少 score.json 或 index.json（reviewer 尚未完成）
[2026-08-30 01:13:19] [orchestrator] [COLLECT] 跳过 Advanced Energy Materials - 2022 - Han - Achieving a Large Driving Force on Triboelectric Nanogenerator by Wave‐Driven：缺少 score.json 或 index.json（reviewer 尚未完成）
[2026-08-30 01:13:19] [orchestrator] [COLLECT] 跳过 Advanced Energy Materials - 2022 - Wu - Industrial Fabrication of 3D Braided Stretchable Hierarchical Interlocked：缺少 score.json 或 index.json（reviewer 尚未完成）
[2026-08-30 01:13:19] [orchestrator] [COLLECT] 跳过 Advanced Energy Materials - 2022 - Yang - Triboelectric Nanogenerator Enabled Wearable Sensors and Electronics for：缺少 score.json 或 index.json（reviewer 尚未完成）
[2026-08-30 01:13:19] [orchestrator] [COLLECT] 跳过 Advanced Energy Materials - 2022 - Yong - Environmental Self‐Adaptive Wind Energy Harvesting Technology for Self‐Powered：缺少 score.json 或 index.json（reviewer 尚未完成）
[2026-08-30 01:13:19] [orchestrator] [COLLECT] 跳过 Advanced Energy Materials - 2022 - Yong - Environmental Self‐Adaptive Wind Energy Harvesting Technology for Self‐Powered_1：缺少 score.json 或 index.json（reviewer 尚未完成）
[2026-08-30 01:13:19] [orchestrator] [COLLECT] 跳过 Advanced Energy Materials - 2023 - Chen - Stackable Direct Current Triboelectric‐Electromagnetic Hybrid Nanogenerator for：缺少 score.json 或 index.json（reviewer 尚未完成）
[2026-08-30 01:13:19] [orchestrator] [COLLECT] 跳过 Advanced Energy Materials - 2023 - Chen - Stackable Direct Current Triboelectric‐Electromagnetic Hybrid Nanogenerator for_1：缺少 score.json 或 index.json（reviewer 尚未完成）
[2026-08-30 01:13:19] [orchestrator] [COLLECT] 跳过 Advanced Energy Materials - 2023 - Lv - High‐Performance and Durable Rotational Triboelectric Nanogenerator Leveraging：缺少 score.json 或 index.json（reviewer 尚未完成）
[2026-08-30 01:13:19] [orchestrator] [COLLECT] 跳过 Advanced Energy Materials - 2023 - Salauddin - Highly Electronegative V2CTx Silicone Nanocomposite‐Based Serpentine (1)：缺少 score.json 或 index.json（reviewer 尚未完成）
[2026-08-30 01:13:19] [orchestrator] [COLLECT] 跳过 Advanced Energy Materials - 2023 - Zhang - Multi‐Mode Vibrational Triboelectric Nanogenerator for Broadband Energy：缺少 score.json 或 index.json（reviewer 尚未完成）
[2026-08-30 01:13:19] [orchestrator] [COLLECT] 跳过 Advanced Energy Materials - 2024 - Chung - Acoustic Tunable Battery-Free Implants Based on Sustainable Triboelectric Nanogenerators：缺少 score.json 或 index.json（reviewer 尚未完成）
[2026-08-30 01:13:19] [orchestrator] [COLLECT] 跳过 Advanced Energy Materials - 2024 - Hu - A Combined Wind Harvesting and Speed Sensing System Based on Constant‐Voltage：缺少 score.json 或 index.json（reviewer 尚未完成）
[2026-08-30 01:13:19] [orchestrator] [COLLECT] 跳过 Advanced Energy Materials - 2024 - Zhu - Bladeless Wind Turbine Triboelectric Nanogenerator for Effectively Harvesting：缺少 score.json 或 index.json（reviewer 尚未完成）
[2026-08-30 01:13:19] [orchestrator] [COLLECT] 跳过 Advanced Energy Materials - 2025 - Mulvihill - How to Test Triboelectric Nanogenerators Key Factors for Standardized Performance Evaluation：缺少 score.json 或 index.json（reviewer 尚未完成）
[2026-08-30 01:13:19] [orchestrator] [COLLECT] 跳过 Advanced Energy Materials - 2025 - Zhang - Fur‐Brush Disk Triboelectric Nanogenerator Driven by Cantilever Oscillating：缺少 score.json 或 index.json（reviewer 尚未完成）
[2026-08-30 01:13:19] [orchestrator] [COLLECT] 跳过 Advanced Energy Materials - 2025 - Zhang - Fur‐Brush Disk Triboelectric Nanogenerator Driven by Cantilever Oscillating_1：缺少 score.json 或 index.json（reviewer 尚未完成）
[2026-08-30 01:13:19] [orchestrator] [COLLECT] 跳过 Advanced Materials - 2013 - Yang - A Single‐Electrode Based Triboelectric Nanogenerator as Self‐Powered Tracking System：缺少 score.json 或 index.json（reviewer 尚未完成）
[2026-08-30 01:13:19] [orchestrator] [COLLECT] 跳过 Advanced Materials - 2016 - Lai - Electric Eel‐Skin‐Inspired Mechanically Durable and Super‐Stretchable Nanogenerator for：缺少 score.json 或 index.json（reviewer 尚未完成）
[2026-08-30 01:13:19] [orchestrator] [COLLECT] 跳过 Advanced Materials - 2018 - Dong - A Stretchable Yarn Embedded Triboelectric Nanogenerator as Electronic Skin for：缺少 score.json 或 index.json（reviewer 尚未完成）
[2026-08-30 01:13:19] [orchestrator] [COLLECT] 跳过 Advanced Materials - 2018 - Lai - Actively Perceiving and Responsive Soft Robots Enabled by Self‐Powered  Highly Extensible：缺少 score.json 或 index.json（reviewer 尚未完成）
[2026-08-30 01:13:19] [orchestrator] [COLLECT] 跳过 Advanced Materials - 2021 - Su - Self‐Powered Respiration Monitoring Enabled By a Triboelectric Nanogenerator  Adv  Mater ：缺少 score.json 或 index.json（reviewer 尚未完成）
[2026-08-30 01:13:19] [orchestrator] [COLLECT] 跳过 Advanced Materials - 2021 - Yang - Self‐Powered Interactive Fiber Electronics with Visual Digital Synergies：缺少 score.json 或 index.json（reviewer 尚未完成）
[2026-08-30 01:13:19] [orchestrator] [COLLECT] 跳过 Advanced Materials - 2022 - Deng - Rationally Structured Triboelectric Nanogenerator Arrays for Harvesting Water‐Current：缺少 score.json 或 index.json（reviewer 尚未完成）
[2026-08-30 01:13:19] [orchestrator] [COLLECT] 跳过 Advanced Materials - 2022 - Lu - Wearable Triboelectric Visual Sensors for Tactile Perception：缺少 score.json 或 index.json（reviewer 尚未完成）
[2026-08-30 01:13:19] [orchestrator] [COLLECT] 跳过 Advanced Materials - 2022 - Wei - An Open‐Environment Tactile Sensing System  Toward Simple and Efficient Material：缺少 score.json 或 index.json（reviewer 尚未完成）
[2026-08-30 01:13:19] [orchestrator] [COLLECT] 跳过 Advanced Materials - 2023 - Xia - Transparent Self‐Healing Anti‐Freezing Ionogel for Monolayered Triboelectric：缺少 score.json 或 index.json（reviewer 尚未完成）
[2026-08-30 01:13:19] [orchestrator] [COLLECT] 跳过 Advanced Materials - 2025 - Chen - A Self‐Sustainable  Ultrarobust and High‐Power‐Density Triboelectric Nanogenerator for：缺少 score.json 或 index.json（reviewer 尚未完成）
[2026-08-30 01:13:19] [orchestrator] [COLLECT] 跳过 Advanced Materials - 2025 - Zheng - The Efficient and Stable Triboelectric Nanogenerator Materials Based on Electrostatic (1)：缺少 score.json 或 index.json（reviewer 尚未完成）
[2026-08-30 01:13:19] [orchestrator] [COLLECT] 跳过 Advanced Science - 2025 - Yang - Skeleton Enhanced Dispersed Lubricant Particle Based Triboelectric Nanogenerator for：缺少 score.json 或 index.json（reviewer 尚未完成）
[2026-08-30 01:13:19] [orchestrator] [COLLECT] 跳过 All-foam-intrinsic-triboelectric-static-and-dynamic-pressure-sens_2025_Nano-：缺少 score.json 或 index.json（reviewer 尚未完成）
[2026-08-30 01:13:19] [orchestrator] [COLLECT] 跳过 Amphibious-triboelectric-acoustic-sensor-for-bioacoustic-signa_2026_Nano-Ene：缺少 score.json 或 index.json（reviewer 尚未完成）
[2026-08-30 01:13:19] [orchestrator] [COLLECT] 跳过 An-on-skin-triboelectric-sensor-system-enabled-by-heterogeneous-p_2024_Nano-：缺少 score.json 或 index.json（reviewer 尚未完成）
[2026-08-30 01:13:19] [orchestrator] [COLLECT] 跳过 Basith2024_wind_Upcycling_of_Waste_Materials_for_the_Development_of_Triboelectric_Nanoge：缺少 score.json 或 index.json（reviewer 尚未完成）
[2026-08-30 01:13:19] [orchestrator] [COLLECT] 跳过 Bentonite-nanosheets-incorporated-silk-fibroin-double-network-hydr_2026_Nano：缺少 score.json 或 index.json（reviewer 尚未完成）
[2026-08-30 01:13:19] [orchestrator] [COLLECT] 跳过 Bifunctional-Silicone-NENU-5-nanocomposite-based-wearable-serpi-g_2026_Nano-：缺少 score.json 或 index.json（reviewer 尚未完成）
[2026-08-30 01:13:19] [orchestrator] [COLLECT] 跳过 Buckling-inspired-triboelectric-sensor-for-multifunctional-sensi_2024_Nano-E：缺少 score.json 或 index.json（reviewer 尚未完成）
[2026-08-30 01:13:19] [orchestrator] [COLLECT] 跳过 Chandrasekhar2024_wind_Smart_maracas_An_innovative_triboelectric_nanogenerator_for_earthquake_d：缺少 score.json 或 index.json（reviewer 尚未完成）
[2026-08-30 01:13:19] [orchestrator] [COLLECT] 跳过 Chem. Rev-Triboelectric nanogenerator as a probe for investigating charge transfer at liquid-solid interfaces：缺少 score.json 或 index.json（reviewer 尚未完成）
[2026-08-30 01:13:19] [orchestrator] [COLLECT] 跳过 Chen2026_iot_Structural_superlubricity_triboelectric_nanogenerator_with_negligible_we：缺少 score.json 或 index.json（reviewer 尚未完成）
[2026-08-30 01:13:19] [orchestrator] [COLLECT] 跳过 Clapping-triboelectric-nanogenerators-as-self-powered--frequency-_2023_Nano-：缺少 score.json 或 index.json（reviewer 尚未完成）
[2026-08-30 01:13:19] [orchestrator] [COLLECT] 跳过 Compact-hybrid-synchronous-wireless-triboelectric-sensors-for-ta_2026_Nano-E：缺少 score.json 或 index.json（reviewer 尚未完成）
[2026-08-30 01:13:19] [orchestrator] [COLLECT] 跳过 Deep-learning-enhanced-safety-system-for-real-time-in-situ-blade_2025_Nano-E：缺少 score.json 或 index.json（reviewer 尚未完成）
[2026-08-30 01:13:19] [orchestrator] [COLLECT] 跳过 Dual-mode-triboelectric-encoder-based-high-precision-liquid-leve_2025_Nano-E：缺少 score.json 或 index.json（reviewer 尚未完成）
[2026-08-30 01:13:19] [orchestrator] [COLLECT] 跳过 Dual-nano-micro-tip-array-based-liquid-solid-interface-for-ultra_2025_Nano-E：缺少 score.json 或 index.json（reviewer 尚未完成）
[2026-08-30 01:13:19] [orchestrator] [COLLECT] 跳过 Dynamic-charge-balanced-multi-layer-noncontact-triboelectric-nanog_2026_Nano：缺少 score.json 或 index.json（reviewer 尚未完成）
[2026-08-30 01:13:19] [orchestrator] [COLLECT] 跳过 Dynamic-keystroke-password-recognition-based-on-piezoelectric-trib_2025_Nano：缺少 score.json 或 index.json（reviewer 尚未完成）
[2026-08-30 01:13:19] [orchestrator] [COLLECT] 跳过 Eco-friendly-triboelectric-nanogenerator-for-self-powering-stacke_2024_Nano-：缺少 score.json 或 index.json（reviewer 尚未完成）
[2026-08-30 01:13:19] [orchestrator] [COLLECT] 跳过 Electrical-double-layer-dynamics-regulation-for-maximized-electrosta_2026_Jo：缺少 score.json 或 index.json（reviewer 尚未完成）
[2026-08-30 01:13:19] [orchestrator] [COLLECT] 跳过 Enhancing-self-induced-polarization-of-PVDF-based-triboelectric-f_2024_Nano-：缺少 score.json 或 index.json（reviewer 尚未完成）
[2026-08-30 01:13:19] [orchestrator] [COLLECT] 跳过 Enhancing-the-accuracy-of-triboelectric-sensor-based-on-triboele_2025_Nano-E：缺少 score.json 或 index.json（reviewer 尚未完成）
[2026-08-30 01:13:19] [orchestrator] [COLLECT] 跳过 Flexible-arrayed-triboelectric-pressure-sensor-with-PDMS-CNT-CB-v_2026_Nano-：缺少 score.json 或 index.json（reviewer 尚未完成）
[2026-08-30 01:13:19] [orchestrator] [COLLECT] 跳过 Flexible-magnet-Fe-layers-based-triboelectric-sensors-for-continu_2025_Nano-：缺少 score.json 或 index.json（reviewer 尚未完成）
[2026-08-30 01:13:19] [orchestrator] [COLLECT] 跳过 Fountain-inspired-triboelectric-nanogenerator-as-rotary-energy-h_2025_Nano-E：缺少 score.json 或 index.json（reviewer 尚未完成）
[2026-08-30 01:13:19] [orchestrator] [COLLECT] 跳过 From-anti-counterfeit-polymer-materials-to-dual-mode-visualizati_2025_Nano-E：缺少 score.json 或 index.json（reviewer 尚未完成）
[2026-08-30 01:13:19] [orchestrator] [COLLECT] 跳过 Gao2024_aviation_Microdroplet_splitting_and_mixing_by_portable_triboelectric_nanogenerato：缺少 score.json 或 index.json（reviewer 尚未完成）
[2026-08-30 01:13:19] [orchestrator] [COLLECT] 跳过 Gao2024_aviation_Spontaneously_established_reverse_electric_field_to_enhance_the_performa：缺少 score.json 或 index.json（reviewer 尚未完成）
[2026-08-30 01:13:19] [orchestrator] [COLLECT] 跳过 Gbadam2025_space_Direct_current_generation_in_triboelectric_nanogenerators_through_ionic：缺少 score.json 或 index.json（reviewer 尚未完成）
[2026-08-30 01:13:19] [orchestrator] [COLLECT] 跳过 Grease-lubricated-triboelectric-instantaneous-angular-speed-senso_2023_Nano-：缺少 score.json 或 index.json（reviewer 尚未完成）
[2026-08-30 01:13:19] [orchestrator] [COLLECT] 跳过 Guo2026_biomedical_A_fully_degradable_triboelectric_vagus_nerve_stimulator_for_attenuating：缺少 score.json 或 index.json（reviewer 尚未完成）
[2026-08-30 01:13:19] [orchestrator] [COLLECT] 跳过 Han2025_motion_Monolithically_integrated_ionic_triboelectric_nanogenerators_for_deforma：缺少 score.json 或 index.json（reviewer 尚未完成）
[2026-08-30 01:13:19] [orchestrator] [COLLECT] 跳过 Hao2024_space_Enhancing_output_performance_of_triboelectric_nanogenerator_by_increasin：缺少 score.json 或 index.json（reviewer 尚未完成）
[2026-08-30 01:13:19] [orchestrator] [COLLECT] 跳过 Hao2024_wearable_Triboelectric_nanogenerator_based_on_changing_the_nanomorphology_of_poly：缺少 score.json 或 index.json（reviewer 尚未完成）
[2026-08-30 01:13:19] [orchestrator] [COLLECT] 跳过 High-sensitivity-and-high-resolution-triboelectric-acoustic-sens_2025_Nano-E：缺少 score.json 或 index.json（reviewer 尚未完成）
[2026-08-30 01:13:19] [orchestrator] [COLLECT] 跳过 Highly-sensitive--absolute-and-self-powered-triboelectric-angul_2025_Nano-En：缺少 score.json 或 index.json（reviewer 尚未完成）
[2026-08-30 01:13:19] [orchestrator] [COLLECT] 跳过 InfoMat-Advanced Handwriting Identification- Triboelectric Sensor Array Integrating with Deep Learning Towards High Information Security：缺少 score.json 或 index.json（reviewer 尚未完成）
[2026-08-30 01:13:19] [orchestrator] [COLLECT] 跳过 InfoMat-Miniaturized and cost-effective self-powered triboelectric sensing system towards rapid detection of Puerarin concentration：缺少 score.json 或 index.json（reviewer 尚未完成）
[2026-08-30 01:13:19] [orchestrator] [COLLECT] 跳过 Innovative-smart-gloves-with-Phalanges-based-triboelectric-sensor_2025_Nano-：缺少 score.json 或 index.json（reviewer 尚未完成）
[2026-08-30 01:13:19] [orchestrator] [COLLECT] 跳过 Intelligent-triboelectric-sensor-for-rapid-detecting-of-oil-m_2026_Nano-Ener：缺少 score.json 或 index.json（reviewer 尚未完成）
[2026-08-30 01:13:19] [orchestrator] [COLLECT] 跳过 Interdisciplinary Materials-High-performance triboelectric nanogenerator based on a double-spiral zigzag-origami structure for continuous sensing and signal transmission in marine environment：缺少 score.json 或 index.json（reviewer 尚未完成）
[2026-08-30 01:13:19] [orchestrator] [COLLECT] 跳过 Investigating-superior-performance-by-configuring-bimetallic-elect_2024_Nano：缺少 score.json 或 index.json（reviewer 尚未完成）
[2026-08-30 01:13:19] [orchestrator] [COLLECT] 跳过 JACS-Triboelectric spectroscopy for in-situ chemical analysis of liquids：缺少 score.json 或 index.json（reviewer 尚未完成）
[2026-08-30 01:13:19] [orchestrator] [COLLECT] 跳过 Jiang2022_space_Ion_rectification_based_on_gel_polymer_electrolyte_ionic_diode：缺少 score.json 或 index.json（reviewer 尚未完成）
[2026-08-30 01:13:19] [orchestrator] [COLLECT] 跳过 Jung2023_marine_Self_powered_ocean_buoy_using_a_disk_type_triboelectric_nanogenerator_wi：缺少 score.json 或 index.json（reviewer 尚未完成）
[2026-08-30 01:13:19] [orchestrator] [COLLECT] 跳过 Karabiber2024_smarttextile_Dielectric_size_optimization_for_high_power_density_in_large_scale_tribo：缺少 score.json 或 index.json（reviewer 尚未完成）
[2026-08-30 01:13:19] [orchestrator] [COLLECT] 跳过 Keel2023_tactile_Three_dimensional_graphene_foam_based_triboelectric_nanogenerators_for_e：缺少 score.json 或 index.json（reviewer 尚未完成）
[2026-08-30 01:13:19] [orchestrator] [COLLECT] 跳过 Kovalska2026_acoustic_Multifunctional_energy_autonomous_textile_sensors_enabled_by_spray_coate：缺少 score.json 或 index.json（reviewer 尚未完成）
[2026-08-30 01:13:19] [orchestrator] [COLLECT] 跳过 Lee2024_wind_Integrated_triboelectric_nanogenerator_and_radiative_cooler_for_all_weat：缺少 score.json 或 index.json（reviewer 尚未完成）
[2026-08-30 01:13:19] [orchestrator] [COLLECT] 跳过 Li2022_wind_Filling_the_gap_between_topological_insulator_nanomaterials_and_triboele：缺少 score.json 或 index.json（reviewer 尚未完成）
[2026-08-30 01:13:19] [orchestrator] [COLLECT] 跳过 Li2024_aviation_Triboiontronics_with_temporal_control_of_electrical_double_layer_formati：缺少 score.json 或 index.json（reviewer 尚未完成）
[2026-08-30 01:13:19] [orchestrator] [COLLECT] 跳过 Li2024_robotics_Visualization_and_standardized_quantification_of_surface_charge_density：缺少 score.json 或 index.json（reviewer 尚未完成）
[2026-08-30 01:13:19] [orchestrator] [COLLECT] 跳过 Li2025_aviation_A_self_powered_soft_triboelectric_electrohydrodynamic_pump：缺少 score.json 或 index.json（reviewer 尚未完成）
[2026-08-30 01:13:19] [orchestrator] [COLLECT] 跳过 Liu2022_energyharv_Fabrication_of_triboelectric_polymer_films_via_repeated_rheological_forg：缺少 score.json 或 index.json（reviewer 尚未完成）
[2026-08-30 01:13:19] [orchestrator] [COLLECT] 跳过 Liu2022_wearable_Self_powered_high_sensitivity_all_in_one_vertical_tribo_transistor_devic：缺少 score.json 或 index.json（reviewer 尚未完成）
[2026-08-30 01:13:19] [orchestrator] [COLLECT] 跳过 Liu2022_wind_Standardized_measurement_of_dielectric_materials_intrinsic_triboelectric：缺少 score.json 或 index.json（reviewer 尚未完成）
[2026-08-30 01:13:19] [orchestrator] [COLLECT] 跳过 Liu2022_wind_Touchless_interactive_teaching_of_soft_robots_through_flexible_bimodal_s：缺少 score.json 或 index.json（reviewer 尚未完成）
[2026-08-30 01:13:19] [orchestrator] [COLLECT] 跳过 Liu2025_aviation_Self_powered_sensing_platform_based_on_triboelectric_nanogenerators_towa：缺少 score.json 或 index.json（reviewer 尚未完成）
[2026-08-30 01:13:19] [orchestrator] [COLLECT] 跳过 Liu2025_iot_Field_emission_effect_in_triboelectric_nanogenerators：缺少 score.json 或 index.json（reviewer 尚未完成）
[2026-08-30 01:13:19] [orchestrator] [COLLECT] 跳过 Liu2025_wearable_Triboelectric_tactile_sensor_for_pressure_and_temperature_sensing_in_hig：缺少 score.json 或 index.json（reviewer 尚未完成）
[2026-08-30 01:13:19] [orchestrator] [COLLECT] 跳过 Lotus-leaf-inspired-triboelectric-sensor-for-detecting-seismic_2025_Nano-Ene：缺少 score.json 或 index.json（reviewer 尚未完成）
[2026-08-30 01:13:19] [orchestrator] [COLLECT] 跳过 Lu2022_marine_Liquid_liquid_triboelectric_nanogenerator_based_on_the_immiscible_interf：缺少 score.json 或 index.json（reviewer 尚未完成）
[2026-08-30 01:13:19] [orchestrator] [COLLECT] 跳过 Lu2024_aviation_Magnetic_assisted_self_powered_vehicle_motion_sensor_based_on_triboelect：缺少 score.json 或 index.json（reviewer 尚未完成）
[2026-08-30 01:13:19] [orchestrator] [COLLECT] 跳过 MRS Bull-Nanogenerators- A foundation for high-entropy energy and sensing systems：缺少 score.json 或 index.json（reviewer 尚未完成）
[2026-08-30 01:13:19] [orchestrator] [COLLECT] 跳过 MRS Bulletin-Triboelectric nanogenerators as a probe for studying charge transfer at liquid-solid interface：缺少 score.json 或 index.json（reviewer 尚未完成）
[2026-08-30 01:13:19] [orchestrator] [COLLECT] 跳过 Magnetic-repulsion-assisted-hybrid-breeze-wind-energy-harvester-wit_2025_Nan：缺少 score.json 或 index.json（reviewer 尚未完成）
[2026-08-30 01:13:19] [orchestrator] [COLLECT] 跳过 Materials Today-Fully sprayed triboelectric-piezoresistive hybrid sensor for intelligent sports analytics：缺少 score.json 或 index.json（reviewer 尚未完成）
[2026-08-30 01:13:19] [orchestrator] [COLLECT] 跳过 Mica-nylon-composite-nanofiber-film-based-wearable-triboelectri_2024_Nano-En：缺少 score.json 或 index.json（reviewer 尚未完成）
[2026-08-30 01:13:19] [orchestrator] [COLLECT] 跳过 Mondal2024_wind_CsPbI_sub_3_sub_PVDF_Composite_Based_Multimode_Hybrid_Piezo_Triboelectri：缺少 score.json 或 index.json（reviewer 尚未完成）
[2026-08-30 01:13:19] [orchestrator] [COLLECT] 跳过 Monolithic-thermodielectric-enhanced-triboelectric-sensor-for-au_2026_Nano-E：缺少 score.json 或 index.json（reviewer 尚未完成）
[2026-08-30 01:13:19] [orchestrator] [COLLECT] 跳过 Multi-degree-of-freedom--semi-flexible--embedded-biomimetic-tail-f_2026_Nano：缺少 score.json 或 index.json（reviewer 尚未完成）
[2026-08-30 01:13:19] [orchestrator] [COLLECT] 跳过 Multi-scale-interlocked-PDMS-PDMS-CB-triboelectric-tactile-sensor_2026_Nano-：缺少 score.json 或 index.json（reviewer 尚未完成）
[2026-08-30 01:13:19] [orchestrator] [COLLECT] 跳过 Nano Energy-A multi-dimensional tactile perception system based on triboelectric sensors- towards intelligent sorting without seeing：缺少 score.json 或 index.json（reviewer 尚未完成）
[2026-08-30 01:13:19] [orchestrator] [COLLECT] 跳过 Nano Energy-Emerging sensing systems based on triboelectric nanogenerator：缺少 score.json 或 index.json（reviewer 尚未完成）
[2026-08-30 01:13:19] [orchestrator] [COLLECT] 跳过 Nano Energy-Gate-Coupling-Enhanced Triboelectric-Triggered Proximity Sensory Memory in Ferroelectric Heterostructure：缺少 score.json 或 index.json（reviewer 尚未完成）
[2026-08-30 01:13:19] [orchestrator] [COLLECT] 跳过 Nano Energy-Innovative smart gloves with Phalanges-based triboelectric sensors as a dexterous teaching interface for Embodied Artificial Intelligence：缺少 score.json 或 index.json（reviewer 尚未完成）
[2026-08-30 01:13:19] [orchestrator] [COLLECT] 跳过 Nano Energy-Intelligent triboelectric sensor for rapid detecting of oil mixed in water：缺少 score.json 或 index.json（reviewer 尚未完成）
[2026-08-30 01:13:19] [orchestrator] [COLLECT] 跳过 Nano Energy-Machine Learning Enhanced Rigiflex Pillar-Membrane Triboelectric Nanogenerator for Universal Stereoscopic Recognition：缺少 score.json 或 index.json（reviewer 尚未完成）
[2026-08-30 01:13:19] [orchestrator] [COLLECT] 跳过 Nano Energy-Monolithic thermodielectric-enhanced triboelectric sensor for autonomous safety monitoring in underground engineering：缺少 score.json 或 index.json（reviewer 尚未完成）
[2026-08-30 01:13:19] [orchestrator] [COLLECT] 跳过 Nano Energy-Probing Leidenfrost effect via contact electrification：缺少 score.json 或 index.json（reviewer 尚未完成）
[2026-08-30 01:13:19] [orchestrator] [COLLECT] 跳过 Nano Letters-Flexible Tactile Sensors for 3D Force Detection：缺少 score.json 或 index.json（reviewer 尚未完成）
[2026-08-30 01:13:19] [orchestrator] [COLLECT] 跳过 Nano Today-A tightly coupled electromagnetic-triboelectric hybrid generator for wind energy harvesting and environmental monitoring：缺少 score.json 或 index.json（reviewer 尚未完成）
[2026-08-30 01:13:19] [orchestrator] [COLLECT] 跳过 Nat. Commun-Probing Electrical Double Layer via Triboelectric Charge Transfer：缺少 score.json 或 index.json（reviewer 尚未完成）
[2026-08-30 01:13:19] [orchestrator] [COLLECT] 跳过 Nat. Sensor-A Fully Self-Powered Triboelectric Wireless Sensor for Robotic Arm Control via Efficient Electromagnetic Induction：缺少 score.json 或 index.json（reviewer 尚未完成）
[2026-08-30 01:13:19] [orchestrator] [COLLECT] 跳过 Octopus-inspired-soft-gripper-with-embedded-triboelectric-tactil_2025_Nano-E：缺少 score.json 或 index.json（reviewer 尚未完成）
[2026-08-30 01:13:19] [orchestrator] [COLLECT] 跳过 Origami-structured-triboelectric-nanogenerator-for-energy-and-infor_2026_Jou：缺少 score.json 或 index.json（reviewer 尚未完成）
[2026-08-30 01:13:19] [orchestrator] [COLLECT] 跳过 Pan2024_aviation_Self_powered_and_speed_adjustable_sensor_for_abyssal_ocean_current_measu：缺少 score.json 或 index.json（reviewer 尚未完成）
[2026-08-30 01:13:19] [orchestrator] [COLLECT] 跳过 Qiu2024_wearable_E_cardiac_patch_to_sense_and_repair_infarcted_myocardium：缺少 score.json 或 index.json（reviewer 尚未完成）
[2026-08-30 01:13:19] [orchestrator] [COLLECT] 跳过 Rapid-response-hybrid-piezo-triboelectric-pressure-sensor-using-a_2025_Nano-：缺少 score.json 或 index.json（reviewer 尚未完成）
[2026-08-30 01:13:19] [orchestrator] [COLLECT] 跳过 Ren2024_aviation_High_performance_press_driven_triboelectric_nanogenerator_based_on_a_gea：缺少 score.json 或 index.json（reviewer 尚未完成）
[2026-08-30 01:13:19] [orchestrator] [COLLECT] 跳过 Revolutionizing-energy-harvesting--Eco-friendly-and-adaptable-trib_2024_Nano：缺少 score.json 或 index.json（reviewer 尚未完成）
[2026-08-30 01:13:19] [orchestrator] [COLLECT] 跳过 Scalable-manufacturing-of-self-powered-embroidered-triboelectric_2026_Nano-E：缺少 score.json 或 index.json（reviewer 尚未完成）
[2026-08-30 01:13:19] [orchestrator] [COLLECT] 跳过 Sci. Adv-A wearable triboelectric impedance tomography system for non-invasive and dynamic imaging of biological tissues：缺少 score.json 或 index.json（reviewer 尚未完成）
[2026-08-30 01:13:19] [orchestrator] [COLLECT] 跳过 Sci. Adv.-Self-powered visualized tactile-acoustic sensor for accurate artificial perception with high brightness and record-low detection limit：缺少 score.json 或 index.json（reviewer 尚未完成）
[2026-08-30 01:13:19] [orchestrator] [COLLECT] 跳过 Science Advances-Self-Powered Visualized Tactile-Acoustic Sensor for High-Accuracy Artificial Perception with High Brightness and Record-Low Detection Limit：缺少 score.json 或 index.json（reviewer 尚未完成）
[2026-08-30 01:13:19] [orchestrator] [COLLECT] 跳过 Science Advances-Triboelectric nanogenerator for high-entropy energy self-powered sensors and popular education：缺少 score.json 或 index.json（reviewer 尚未完成）
[2026-08-30 01:13:19] [orchestrator] [COLLECT] 跳过 Science Bulletin-Over 200 times current enhancement via buckling triboelectric nanogenerator at ultra-low speed for monitoring the swelling of lithium ion batteries：缺少 score.json 或 index.json（reviewer 尚未完成）
[2026-08-30 01:13:19] [orchestrator] [COLLECT] 跳过 Self-powered-flexible-force-sensing-sensor-based-on-triboelectric-_2025_Nano：缺少 score.json 或 index.json（reviewer 尚未完成）
[2026-08-30 01:13:19] [orchestrator] [COLLECT] 跳过 Self-powered-optical-triboelectric-sensor-for-remote-vibratio_2025_Nano-Ener：缺少 score.json 或 index.json（reviewer 尚未完成）
[2026-08-30 01:13:19] [orchestrator] [COLLECT] 跳过 Self-powered-triboelectric-sensor-based-on-a-carbon-fiber-glass-f_2024_Nano-：缺少 score.json 或 index.json（reviewer 尚未完成）
[2026-08-30 01:13:19] [orchestrator] [COLLECT] 跳过 Self-powered-wideband-ultrasonic-sensor-based-on-capacitive-triboe_2025_Nano：缺少 score.json 或 index.json（reviewer 尚未完成）
[2026-08-30 01:13:19] [orchestrator] [COLLECT] 跳过 Self-retracting-triboelectric-electromagnetic-hybrid-sensor-for-_2025_Nano-E：缺少 score.json 或 index.json（reviewer 尚未完成）
[2026-08-30 01:13:19] [orchestrator] [COLLECT] 跳过 Shakibi2025_wearable_Aesthetic_wire_free_and_bioresorbable_dermal_tattoo_TENG_system_for_self：缺少 score.json 或 index.json（reviewer 尚未完成）
[2026-08-30 01:13:19] [orchestrator] [COLLECT] 跳过 Shao2024_wind_Large_area_untethered_metamorphic_and_omnidirectionally_stretchable_mult：缺少 score.json 或 index.json（reviewer 尚未完成）
[2026-08-30 01:13:19] [orchestrator] [COLLECT] 跳过 Small-Bioinspired Omnidirectional Iontronic Sensors Based on Triboelectric Charge：缺少 score.json 或 index.json（reviewer 尚未完成）
[2026-08-30 01:13:19] [orchestrator] [COLLECT] 跳过 Small-Feature-Reinforced Strategy for Enhancing the Accuracy of Triboelectric Vibration Sensing Toward Mechanical Equipment Monitoring：缺少 score.json 或 index.json（reviewer 尚未完成）
[2026-08-30 01:13:19] [orchestrator] [COLLECT] 跳过 Small-Interface Charge Transfer Mapping for In Situ Monitoring of Contamination in Liquid Food：缺少 score.json 或 index.json（reviewer 尚未完成）
[2026-08-30 01:13:19] [orchestrator] [COLLECT] 跳过 Small-Wireless self-powered triboelectric-based sensor for real-time quantitative monitoring of gas-liquid mixed flow：缺少 score.json 或 index.json（reviewer 尚未完成）
[2026-08-30 01:13:19] [orchestrator] [COLLECT] 跳过 Smart-ping-pong-paddle-with-triboelectric-self-powered-wirele_2024_Nano-Ener：缺少 score.json 或 index.json（reviewer 尚未完成）
[2026-08-30 01:13:19] [orchestrator] [COLLECT] 跳过 Strain-insensitive-stretchable-triboelectric-tactile-sensors-vi_2025_Nano-En：缺少 score.json 或 index.json（reviewer 尚未完成）
[2026-08-30 01:13:19] [orchestrator] [COLLECT] 跳过 Subbotina2022_space_Aqueous_synthesis_of_highly_functional_hydrophobic_and_chemically_recycl：缺少 score.json 或 index.json（reviewer 尚未完成）
[2026-08-30 01:13:19] [orchestrator] [COLLECT] 跳过 Sun2025_wind_Impedance_decoupling_strategy_to_enhance_the_real_time_powering_performa：缺少 score.json 或 index.json（reviewer 尚未完成）
[2026-08-30 01:13:19] [orchestrator] [COLLECT] 跳过 Tan2024_tactile_Self_powered_tactile_sensor_for_real_time_recognition_of_Morse_code_base：缺少 score.json 或 index.json（reviewer 尚未完成）
[2026-08-30 01:13:19] [orchestrator] [COLLECT] 跳过 Tang2025_aviation_Rattle_drum_inspired_triboelectric_nanogenerator_with_enhanced_output_us：缺少 score.json 或 index.json（reviewer 尚未完成）
[2026-08-30 01:13:19] [orchestrator] [COLLECT] 跳过 Tao2025_wind_Electro_spun_nanofibers_based_triboelectric_nanogenerators_in_wearable_e：缺少 score.json 或 index.json（reviewer 尚未完成）
[2026-08-30 01:13:19] [orchestrator] [COLLECT] 跳过 Thermal-stable-cordierite-embedded-polyimide-based-triboelectric-_2025_Nano-：缺少 score.json 或 index.json（reviewer 尚未完成）
[2026-08-30 01:13:19] [orchestrator] [COLLECT] 跳过 Triboelectric-induced-abnormal-tribovoltaic-effect-at-the-metal-Ga_2026_Joul：缺少 score.json 或 index.json（reviewer 尚未完成）
[2026-08-30 01:13:19] [orchestrator] [COLLECT] 跳过 Triboelectric-nanogenerator-powering-piezoresistive-cement-based-_2025_Nano-：缺少 score.json 或 index.json（reviewer 尚未完成）
[2026-08-30 01:13:19] [orchestrator] [COLLECT] 跳过 Triboelectric-nanogenerator-sensors-based-trans-media-motion-moni_2025_Nano-：缺少 score.json 或 index.json（reviewer 尚未完成）
[2026-08-30 01:13:19] [orchestrator] [COLLECT] 跳过 Triboelectric-sensor-for-mid-frequency-acoustic-signals-detect_2025_Nano-Ene：缺少 score.json 或 index.json（reviewer 尚未完成）
[2026-08-30 01:13:19] [orchestrator] [COLLECT] 跳过 Ultra-stretchable-and-anti-freezing-ionic-conductive-hydrogels-as-_2024_Nano：缺少 score.json 或 index.json（reviewer 尚未完成）
[2026-08-30 01:13:19] [orchestrator] [COLLECT] 跳过 Ultra-wide-frequency-response-and-high-resolution-triboelectric-a_2025_Nano-：缺少 score.json 或 index.json（reviewer 尚未完成）
[2026-08-30 01:13:19] [orchestrator] [COLLECT] 跳过 Using-deep-learning-and-an-annular-triboelectric-sensor-for-mon_2025_Nano-En：缺少 score.json 或 index.json（reviewer 尚未完成）
[2026-08-30 01:13:19] [orchestrator] [COLLECT] 跳过 Wang2024_wind_A_rolling_mode_triboelectric_nanogenerator_with_multi_tunnel_grating_ele：缺少 score.json 或 index.json（reviewer 尚未完成）
[2026-08-30 01:13:19] [orchestrator] [COLLECT] 跳过 Wang2024_wind_Contact_electro_catalytic_CO2_reduction_from_ambient_air：缺少 score.json 或 index.json（reviewer 尚未完成）
[2026-08-30 01:13:19] [orchestrator] [COLLECT] 跳过 Waterproof-membrane-cavity-membrane-triboelectric-acoustic-sensor_2026_Nano-：缺少 score.json 或 index.json（reviewer 尚未完成）
[2026-08-30 01:13:19] [orchestrator] [COLLECT] 跳过 Wei2022_biomedical_Flexible_iontronics_based_on_2D_nanofluidic_material：缺少 score.json 或 index.json（reviewer 尚未完成）
[2026-08-30 01:13:19] [orchestrator] [COLLECT] 跳过 Wireless-passive-sensor-design-based-on-a-highly-stable-triboelec_2025_Nano-：缺少 score.json 或 index.json（reviewer 尚未完成）
[2026-08-30 01:13:19] [orchestrator] [COLLECT] 跳过 Wu2024_wind_Efficient_energy_conversion_mechanism_and_energy_storage_strategy_for_tr：缺少 score.json 或 index.json（reviewer 尚未完成）
[2026-08-30 01:13:19] [orchestrator] [COLLECT] 跳过 Xia2023_marine_Metallic_glass_based_triboelectric_nanogenerators：缺少 score.json 或 index.json（reviewer 尚未完成）
[2026-08-30 01:13:19] [orchestrator] [COLLECT] 跳过 Xu2022_aviation_A_bio_inspired_and_self_powered_triboelectric_tactile_sensor_for_underwa：缺少 score.json 或 index.json（reviewer 尚未完成）
[2026-08-30 01:13:19] [orchestrator] [COLLECT] 跳过 Xu2022_space_Van_der_Waals_force_induced_intralayer_ferroelectric_to_antiferroelectri：缺少 score.json 或 index.json（reviewer 尚未完成）
[2026-08-30 01:13:19] [orchestrator] [COLLECT] 跳过 Xu2025_wind_Integrating_machine_learning_with_triboelectric_nanogenerators_Optimizin：缺少 score.json 或 index.json（reviewer 尚未完成）
[2026-08-30 01:13:19] [orchestrator] [COLLECT] 跳过 Yang2022_iot_Improved_pharmacodynamics_of_epidermal_growth_factor_via_microneedles_ba：缺少 score.json 或 index.json（reviewer 尚未完成）
[2026-08-30 01:13:19] [orchestrator] [COLLECT] 跳过 Yang2025_wind_Skeleton_enhanced_droplet_energy_harvesting：缺少 score.json 或 index.json（reviewer 尚未完成）
[2026-08-30 01:13:19] [orchestrator] [COLLECT] 跳过 Zhang2022_wind_Bioinspired_asymmetric_amphiphilic_surface_for_triboelectric_enhanced_ef：缺少 score.json 或 index.json（reviewer 尚未完成）
[2026-08-30 01:13:19] [orchestrator] [COLLECT] 跳过 Zhang2023_iot_Discharge_domains_regulation_and_dynamic_processes_of_direct_current_tri：缺少 score.json 或 index.json（reviewer 尚未完成）
[2026-08-30 01:13:19] [orchestrator] [COLLECT] 跳过 Zhang2024_biomedical_Self_powered_triboelectric_responsive_microneedles_with_controllable_rel：缺少 score.json 或 index.json（reviewer 尚未完成）
[2026-08-30 01:13:19] [orchestrator] [COLLECT] 跳过 Zhang2024_wind_Cellulose_nanofiber_mediated_manifold_dynamic_synergy_enabling_adhesive：缺少 score.json 或 index.json（reviewer 尚未完成）
[2026-08-30 01:13:19] [orchestrator] [COLLECT] 跳过 Zhao2022_iot_Underwater_wireless_communication_via_TENG_generated_Maxwell_s_displacem：缺少 score.json 或 index.json（reviewer 尚未完成）
[2026-08-30 01:13:19] [orchestrator] [COLLECT] 跳过 Zhao2025_acoustic_A_pendulum_based_nanogenerator_for_high_entropy_wave_energy_harvesting：缺少 score.json 或 index.json（reviewer 尚未完成）
[2026-08-30 01:13:19] [orchestrator] [COLLECT] 跳过 Zhou2024_acoustic_Sound_frequency_sensitive_triboelectric_nanogenerator_for_multi_function：缺少 score.json 或 index.json（reviewer 尚未完成）
[2026-08-30 01:13:19] [orchestrator] [COLLECT] 跳过 Zhu2026_wind_Effective_wind_energy_harvesting_by_a_triboelectric_electromagnetic_hybr：缺少 score.json 或 index.json（reviewer 尚未完成）
[2026-08-30 01:13:19] [orchestrator] [COLLECT] 跳过 acoustic_NanoEnergy2024_Gao_High_Bandwidth_Self：缺少 score.json 或 index.json（reviewer 尚未完成）
[2026-08-30 01:13:19] [orchestrator] [COLLECT] 跳过 biomedical_BiosensorsAnd2025_Cho_Implantable_Multilayer_Interdigitated：缺少 score.json 或 index.json（reviewer 尚未完成）
[2026-08-30 01:13:19] [orchestrator] [COLLECT] 跳过 chemical_NanoEnergy2023_Yu_Dual_Mode_Sensor：缺少 score.json 或 index.json（reviewer 尚未完成）
[2026-08-30 01:13:19] [orchestrator] [COLLECT] 跳过 eScience-Bioinspired Triboelectric-driven Multisensory Framework with Autonomous Cross-modal Adaptation：缺少 score.json 或 index.json（reviewer 尚未完成）
[2026-08-30 01:13:19] [orchestrator] [COLLECT] 跳过 hmi_NanoEnergy2024_Wang_Flexible_Triboelectric_Sensor：缺少 score.json 或 index.json（reviewer 尚未完成）
[2026-08-30 01:13:19] [orchestrator] [COLLECT] 跳过 iot_NanoEnergy2024_Feng_Novel_Self_Powered：缺少 score.json 或 index.json（reviewer 尚未完成）
[2026-08-30 01:13:19] [orchestrator] [COLLECT] 跳过 marine_NatComm2026_Huang_Bubble_Burst_Induced：无 .complete 标记（reviewer 仍在出题）
[2026-08-30 01:13:19] [orchestrator] [COLLECT] 跳过 motion_NanoEnergy2024_Sun_Machine_Learning_Coupled：缺少 score.json 或 index.json（reviewer 尚未完成）
[2026-08-30 01:13:19] [orchestrator] [COLLECT] 跳过 nn2c11633：缺少 score.json 或 index.json（reviewer 尚未完成）
[2026-08-30 01:13:19] [orchestrator] [COLLECT] 跳过 nn2c11633_si_001：缺少 score.json 或 index.json（reviewer 尚未完成）
[2026-08-30 01:13:19] [orchestrator] [COLLECT] 跳过 robotics_NanoEnergy2024_Xiao_Multi_Dimensional_Tactile：缺少 score.json 或 index.json（reviewer 尚未完成）
[2026-08-30 01:13:19] [orchestrator] [COLLECT] 跳过 tactile_AcsSensors2024_Huang_Human_Friendly_Self：缺少 score.json 或 index.json（reviewer 尚未完成）
[2026-08-30 01:13:19] [orchestrator] [COLLECT] 跳过 tactile_NanoEnergy2023_Seo_Rationally_Designed_Micropixelation：缺少 score.json 或 index.json（reviewer 尚未完成）
[2026-08-30 01:13:19] [orchestrator] [COLLECT] 跳过 tactile_NanoEnergy2024_Wang_Enhancing_Recognition_Accuracy：缺少 score.json 或 index.json（reviewer 尚未完成）
[2026-08-30 01:13:19] [orchestrator] [COLLECT] 跳过 wearable_NanoEnergy2023_Han_Self_Powered_Slippery：缺少 score.json 或 index.json（reviewer 尚未完成）
[2026-08-30 01:13:19] [orchestrator] [COLLECT] 跳过 wearable_NanoEnergy2023_He_Mechanoreceptor_Inspired_Ear：缺少 score.json 或 index.json（reviewer 尚未完成）
[2026-08-30 01:13:19] [orchestrator] [COLLECT] 跳过 wearable_NanoEnergy2023_He_Mechanoreceptor_Inspired_Ear__dup1：缺少 score.json 或 index.json（reviewer 尚未完成）
[2026-08-30 01:13:19] [orchestrator] [COLLECT] 跳过 wearable_NanoEnergy2023_Mao_Health_Monitoring_System：缺少 score.json 或 index.json（reviewer 尚未完成）
[2026-08-30 01:13:19] [orchestrator] [COLLECT] [QUALIFIED] wind_Iscience2026_Chen_Wind_Energy_Driven | score=4.85 | subcat=wind | qa=11题 (BK1=1 | BK2=1 | BK3=1 | BK4=1 | DG1=1 | DG2=1 | DG3=1 | RP1=1 | RP2=1 | RP3=1 | RP4=1) -> papers/qualified/wind/wind_Iscience2026_Chen_Wind_Energy_Driven
[2026-08-30 01:13:19] [orchestrator] [COLLECT] [QUALIFIED] wind_Small2026_Wu_Dual_Module_Triboelectric | score=4.85 | subcat=wind | qa=11题 (BK1=1 | BK2=1 | BK3=1 | BK4=1 | DG1=1 | DG2=1 | DG3=1 | RP1=1 | RP2=1 | RP3=1 | RP4=1) -> papers/qualified/wind/wind_Small2026_Wu_Dual_Module_Triboelectric
[2026-08-30 01:13:19] [orchestrator] [COLLECT] 完成：qualified=2 rejected=0 skipped=231
[2026-08-30 01:13:19] [orchestrator] [UPDATE] phase 保持：screening（inbox=0 cache=231）
[2026-08-30 01:13:19] [orchestrator] [UPDATE] master.json 已写入：phase=screening
[2026-08-30 01:19:34] [reviewer] [PAPER_ID] 生成 paper_id：acoustic_NanoEnergy2026_Qiao_3d_Omnidirectional_Distance
[2026-08-30 01:19:34] [reviewer] [PAPER_ID]   subcategory=acoustic venue=Nano Energy date=2026-07 authors=['Wenyan Qiao'] title=3D omnidirectional and distance-enhanced triboelectric acous
[2026-08-30 01:19:34] [reviewer] [PAPER_ID] PDF 重命名：3D-omnidirectional-and-distance-enhanced-triboelectric-acoust_2026_Nano-Ener.pdf -> acoustic_NanoEnergy2026_Qiao_3d_Omnidirectional_Distance.pdf
[2026-08-30 01:19:34] [reviewer] [PAPER_ID] 目录重命名：3D-omnidirectional-and-distance-enhanced-triboelectric-acoust_2026_Nano-Ener -> acoustic_NanoEnergy2026_Qiao_3d_Omnidirectional_Distance
[2026-08-30 01:19:34] [reviewer] [PAPER_ID] 完成：acoustic_NanoEnergy2026_Qiao_3d_Omnidirectional_Distance
[2026-08-30 01:20:51] [reviewer] [PAPER_ID] 生成 paper_id：hmi_NanoEnergy2026_Xu_Dynamically_Cross_Linked
[2026-08-30 01:20:51] [reviewer] [PAPER_ID]   subcategory=hmi venue=Nano Energy date=2026-06 authors=['Shiwei Xu'] title=A dynamically cross-linked LA/Arg/NMA hydrogel with integrat
[2026-08-30 01:20:51] [reviewer] [PAPER_ID] PDF 重命名：A-dynamically-cross-linked-LA-Arg-NMA-hydrogel-with-integrated-sel_2026_Nano.pdf -> hmi_NanoEnergy2026_Xu_Dynamically_Cross_Linked.pdf
[2026-08-30 01:20:51] [reviewer] [PAPER_ID] 目录重命名：A-dynamically-cross-linked-LA-Arg-NMA-hydrogel-with-integrated-sel_2026_Nano -> hmi_NanoEnergy2026_Xu_Dynamically_Cross_Linked
[2026-08-30 01:20:51] [reviewer] [PAPER_ID] 完成：hmi_NanoEnergy2026_Xu_Dynamically_Cross_Linked
[2026-08-30 01:40:35] [orchestrator] [COLLECT] 扫描 cache，发现 231 个目录
[2026-08-30 01:40:35] [orchestrator] [COLLECT] 跳过 A-multi-dimensional-tactile-perception-system-based-on-triboelect_2024_Nano-：缺少 score.json 或 index.json（reviewer 尚未完成）
[2026-08-30 01:40:35] [orchestrator] [COLLECT] 跳过 A-real-time-self-powered-wireless-pressure-sensing-system-based-_2025_Nano-E：缺少 score.json 或 index.json（reviewer 尚未完成）
[2026-08-30 01:40:35] [orchestrator] [COLLECT] 跳过 A-self-powered-wearable-structured-foam-built-in-electrode-triboel_2026_Nano：缺少 score.json 或 index.json（reviewer 尚未完成）
[2026-08-30 01:40:35] [orchestrator] [COLLECT] 跳过 A-wearable-sign-language-translation-device-utilizing-silicone-hy_2025_Nano-：缺少 score.json 或 index.json（reviewer 尚未完成）
[2026-08-30 01:40:35] [orchestrator] [COLLECT] 跳过 ACS Energy Letters-Self-Propelled Nanocellulose Aerogel Eco-Robots for Self-Powered Aquatic Environment Perception：缺少 score.json 或 index.json（reviewer 尚未完成）
[2026-08-30 01:40:35] [orchestrator] [COLLECT] 跳过 ACS Nano-Neuromorphic Computing-Assisted Triboelectric Capacitive-Coupled Tactile Sensor Array for Wireless Mixed Reality Interaction：缺少 score.json 或 index.json（reviewer 尚未完成）
[2026-08-30 01:40:35] [orchestrator] [COLLECT] 跳过 ACS Nano-Neuromorphic-Computing-Assisted Triboelectric-Capacitive-Coupled Tactile Sensor Array for Wireless Mixed Reality Interaction：缺少 score.json 或 index.json（reviewer 尚未完成）
[2026-08-30 01:40:35] [orchestrator] [COLLECT] 跳过 ACS Nano-Triboelectric Spectroscopy for In-Situ Detection of Gas Molecules in Liquid：缺少 score.json 或 index.json（reviewer 尚未完成）
[2026-08-30 01:40:35] [orchestrator] [COLLECT] 跳过 ACS Nano-Triboelectric Spectroscopy for identification of Metal Ion Valence States in Aqueous Solutions：缺少 score.json 或 index.json（reviewer 尚未完成）
[2026-08-30 01:40:35] [orchestrator] [COLLECT] 跳过 Adv Funct Materials - 2022 - Han - Hybrid Triboelectric‐Electromagnetic Nanogenerator with a Double‐Sided Fluff and Double：缺少 score.json 或 index.json（reviewer 尚未完成）
[2026-08-30 01:40:35] [orchestrator] [COLLECT] 跳过 Adv Funct Materials - 2022 - Qu - Spherical Triboelectric Nanogenerator Based on Eccentric Structure for Omnidirectional：缺少 score.json 或 index.json（reviewer 尚未完成）
[2026-08-30 01:40:35] [orchestrator] [COLLECT] 跳过 Adv Funct Materials - 2022 - Qu - Spherical Triboelectric Nanogenerator Based on Eccentric Structure for Omnidirectional_1：缺少 score.json 或 index.json（reviewer 尚未完成）
[2026-08-30 01:40:35] [orchestrator] [COLLECT] 跳过 Adv Funct Materials - 2022 - Yang - Barycenter Self‐Adapting Triboelectric Nanogenerator for Sea Water Wave High‐Entropy：缺少 score.json 或 index.json（reviewer 尚未完成）
[2026-08-30 01:40:35] [orchestrator] [COLLECT] 跳过 Adv Funct Materials - 2022 - Yu - Moisture Resistant and Stable Wireless Wind Speed Sensing System Based on Triboelectric：缺少 score.json 或 index.json（reviewer 尚未完成）
[2026-08-30 01:40:35] [orchestrator] [COLLECT] 跳过 Adv Funct Materials - 2023 - Mu - Achieving High‐Efficiency Wind Energy Harvesting Triboelectric Nanogenerator by Coupling (1)：缺少 score.json 或 index.json（reviewer 尚未完成）
[2026-08-30 01:40:35] [orchestrator] [COLLECT] 跳过 Adv Funct Materials - 2023 - Yang - A Swing Self‐Regulated Triboelectric Nanogenerator for High‐Entropy Ocean Breaking：缺少 score.json 或 index.json（reviewer 尚未完成）
[2026-08-30 01:40:35] [orchestrator] [COLLECT] 跳过 Adv Funct Materials - 2024 - Wang - Self‐Healing Hydrogel‐Based Triboelectric Nanogenerator in Smart Glove System for：缺少 score.json 或 index.json（reviewer 尚未完成）
[2026-08-30 01:40:35] [orchestrator] [COLLECT] 跳过 Adv Funct Materials - 2024 - Zhu - Hierarchical Structure by Self‐sedimentation of Liquid Metal for Flexible Sensor (1)：缺少 score.json 或 index.json（reviewer 尚未完成）
[2026-08-30 01:40:35] [orchestrator] [COLLECT] 跳过 Adv Funct Materials - 2025 - Gao - Fabric-Reinforced Functional Insoles for Energy Harvesting and AI-Empowered Motion Monitoring：缺少 score.json 或 index.json（reviewer 尚未完成）
[2026-08-30 01:40:35] [orchestrator] [COLLECT] 跳过 Adv Funct Materials - 2025 - Gong - Alternating Electrical Polarity Enabled Efficient Charge Capture Triboelectric：缺少 score.json 或 index.json（reviewer 尚未完成）
[2026-08-30 01:40:35] [orchestrator] [COLLECT] 跳过 Adv Funct Materials - 2025 - Guo - Flexible Triboelectric Nanogenerator Arrays for Energy Harvesting and Direct Current：缺少 score.json 或 index.json（reviewer 尚未完成）
[2026-08-30 01:40:35] [orchestrator] [COLLECT] 跳过 Adv Funct Materials - 2025 - Lee - Metamaterial Adhesives-Integrated Triboelectric Nanogenerators with Enhanced and Programmable Charge Generation and Adhesion：缺少 score.json 或 index.json（reviewer 尚未完成）
[2026-08-30 01:40:35] [orchestrator] [COLLECT] 跳过 Adv Funct Materials - 2025 - Xiao - Tubular Oil Solid Triboelectric Nanogenerator Adopted for Self‐Powered Impurities：缺少 score.json 或 index.json（reviewer 尚未完成）
[2026-08-30 01:40:35] [orchestrator] [COLLECT] 跳过 Adv Funct Materials - 2026 - Li - Loofah‐Inspired Hierarchical Porous Triboelectric Nanogenerator with Dual Phase Flame：缺少 score.json 或 index.json（reviewer 尚未完成）
[2026-08-30 01:40:35] [orchestrator] [COLLECT] 跳过 Adv Materials Technologies - 2025 - Huo - Gravity‐Switch‐Triggered Triboelectric Nanogenerator for Multi‐Directional Wave：缺少 score.json 或 index.json（reviewer 尚未完成）
[2026-08-30 01:40:35] [orchestrator] [COLLECT] 跳过 Adv Materials Technologies - 2025 - Manojkumar - Triboelectric Nanogenerator‐Enabled Smart Agriculture  Self‐Powered：缺少 score.json 或 index.json（reviewer 尚未完成）
[2026-08-30 01:40:35] [orchestrator] [COLLECT] 跳过 Adv. Energy Mater-Fur-Brush Disk Triboelectric Nanogenerator Driven by Cantilever Oscillating Float Mechanism for Near-Shore Marine Environment Monitoring：缺少 score.json 或 index.json（reviewer 尚未完成）
[2026-08-30 01:40:35] [orchestrator] [COLLECT] 跳过 Adv. Energy Mater.-A piezo-tribovoltaic nanogenerator with ultrahigh output power density and dynamic sensory functions：缺少 score.json 或 index.json（reviewer 尚未完成）
[2026-08-30 01:40:35] [orchestrator] [COLLECT] 跳过 Adv. Energy Mater.-Multi-Parameters Self-Powered Monitoring via Triboelectric and Electromagnetic Mechanisms for Smart Transmission Lines：缺少 score.json 或 index.json（reviewer 尚未完成）
[2026-08-30 01:40:35] [orchestrator] [COLLECT] 跳过 Adv. Func. Mater-Achieving Dual-Function In Situ Monitoring of Water Level and Flow Velocity via a Flapping-Wing Triboelectric Nanogenerator：缺少 score.json 或 index.json（reviewer 尚未完成）
[2026-08-30 01:40:35] [orchestrator] [COLLECT] 跳过 Adv. Func. Mater-Kirigami Cube-Inspired Triboelectric Vector Sensor for Human–Machine Interaction：缺少 score.json 或 index.json（reviewer 尚未完成）
[2026-08-30 01:40:35] [orchestrator] [COLLECT] 跳过 Adv. Funct. Mater.-High-accuracy liquid flow monitoring via triboelectric nanogenerator combined with bionic design and common-mode interference suppression：缺少 score.json 或 index.json（reviewer 尚未完成）
[2026-08-30 01:40:35] [orchestrator] [COLLECT] 跳过 Adv. Mater-A Tongue-Computer Tactile Interface Mediated by the Magnetoelectric-Driven Tribovoltaic Sensors：缺少 score.json 或 index.json（reviewer 尚未完成）
[2026-08-30 01:40:35] [orchestrator] [COLLECT] 跳过 Adv. Mater-All-Solid Biomass Dual Network Ionic Conducting Elastomer with Multi Ion Synergy for Low-Temperature Resistant Sensor and Triboelectric Nanogenerator：缺少 score.json 或 index.json（reviewer 尚未完成）
[2026-08-30 01:40:35] [orchestrator] [COLLECT] 跳过 Adv. Mater-Triboelectric E-Skin for Robotic Perception of Hazardous Chemical Leaks：缺少 score.json 或 index.json（reviewer 尚未完成）
[2026-08-30 01:40:35] [orchestrator] [COLLECT] 跳过 Adv. Mater-Ultra-Robust and Hyperelastic Triboelectric Webbing for Self-powered Rehabilitation Sensing with Invisible and Embedded Design：缺少 score.json 或 index.json（reviewer 尚未完成）
[2026-08-30 01:40:35] [orchestrator] [COLLECT] 跳过 Adv. Mater.-Acoustically enhanced triboelectric stethoscope for ultrasensitive cardiac sounds sensing and disease diagnosis：缺少 score.json 或 index.json（reviewer 尚未完成）
[2026-08-30 01:40:35] [orchestrator] [COLLECT] 跳过 Adv. Mater.-Engineering Triboelectric Paper for Energy Harvesting and Smart Sensing：缺少 score.json 或 index.json（reviewer 尚未完成）
[2026-08-30 01:40:35] [orchestrator] [COLLECT] 跳过 Adv. Mater.-Ultra-High Sensitivity Real-Time Monitoring of Landslide Surface Deformation via Triboelectric Nanogenerator：缺少 score.json 或 index.json（reviewer 尚未完成）
[2026-08-30 01:40:35] [orchestrator] [COLLECT] 跳过 Adv. Sci.-Multistrand Twisted Triboelectric Kevlar Yarns for Harvesting High Impact Energy, Body Injury Location and Levels Evaluation：缺少 score.json 或 index.json（reviewer 尚未完成）
[2026-08-30 01:40:35] [orchestrator] [COLLECT] 跳过 Advanced Energy Materials - 2022 - Han - Achieving a Large Driving Force on Triboelectric Nanogenerator by Wave‐Driven：缺少 score.json 或 index.json（reviewer 尚未完成）
[2026-08-30 01:40:35] [orchestrator] [COLLECT] 跳过 Advanced Energy Materials - 2022 - Wu - Industrial Fabrication of 3D Braided Stretchable Hierarchical Interlocked：缺少 score.json 或 index.json（reviewer 尚未完成）
[2026-08-30 01:40:35] [orchestrator] [COLLECT] 跳过 Advanced Energy Materials - 2022 - Yang - Triboelectric Nanogenerator Enabled Wearable Sensors and Electronics for：缺少 score.json 或 index.json（reviewer 尚未完成）
[2026-08-30 01:40:35] [orchestrator] [COLLECT] 跳过 Advanced Energy Materials - 2022 - Yong - Environmental Self‐Adaptive Wind Energy Harvesting Technology for Self‐Powered：缺少 score.json 或 index.json（reviewer 尚未完成）
[2026-08-30 01:40:35] [orchestrator] [COLLECT] 跳过 Advanced Energy Materials - 2022 - Yong - Environmental Self‐Adaptive Wind Energy Harvesting Technology for Self‐Powered_1：缺少 score.json 或 index.json（reviewer 尚未完成）
[2026-08-30 01:40:35] [orchestrator] [COLLECT] 跳过 Advanced Energy Materials - 2023 - Chen - Stackable Direct Current Triboelectric‐Electromagnetic Hybrid Nanogenerator for：缺少 score.json 或 index.json（reviewer 尚未完成）
[2026-08-30 01:40:35] [orchestrator] [COLLECT] 跳过 Advanced Energy Materials - 2023 - Chen - Stackable Direct Current Triboelectric‐Electromagnetic Hybrid Nanogenerator for_1：缺少 score.json 或 index.json（reviewer 尚未完成）
[2026-08-30 01:40:35] [orchestrator] [COLLECT] 跳过 Advanced Energy Materials - 2023 - Lv - High‐Performance and Durable Rotational Triboelectric Nanogenerator Leveraging：缺少 score.json 或 index.json（reviewer 尚未完成）
[2026-08-30 01:40:35] [orchestrator] [COLLECT] 跳过 Advanced Energy Materials - 2023 - Salauddin - Highly Electronegative V2CTx Silicone Nanocomposite‐Based Serpentine (1)：缺少 score.json 或 index.json（reviewer 尚未完成）
[2026-08-30 01:40:35] [orchestrator] [COLLECT] 跳过 Advanced Energy Materials - 2023 - Zhang - Multi‐Mode Vibrational Triboelectric Nanogenerator for Broadband Energy：缺少 score.json 或 index.json（reviewer 尚未完成）
[2026-08-30 01:40:35] [orchestrator] [COLLECT] 跳过 Advanced Energy Materials - 2024 - Chung - Acoustic Tunable Battery-Free Implants Based on Sustainable Triboelectric Nanogenerators：缺少 score.json 或 index.json（reviewer 尚未完成）
[2026-08-30 01:40:35] [orchestrator] [COLLECT] 跳过 Advanced Energy Materials - 2024 - Hu - A Combined Wind Harvesting and Speed Sensing System Based on Constant‐Voltage：缺少 score.json 或 index.json（reviewer 尚未完成）
[2026-08-30 01:40:35] [orchestrator] [COLLECT] 跳过 Advanced Energy Materials - 2024 - Zhu - Bladeless Wind Turbine Triboelectric Nanogenerator for Effectively Harvesting：缺少 score.json 或 index.json（reviewer 尚未完成）
[2026-08-30 01:40:35] [orchestrator] [COLLECT] 跳过 Advanced Energy Materials - 2025 - Mulvihill - How to Test Triboelectric Nanogenerators Key Factors for Standardized Performance Evaluation：缺少 score.json 或 index.json（reviewer 尚未完成）
[2026-08-30 01:40:35] [orchestrator] [COLLECT] 跳过 Advanced Energy Materials - 2025 - Zhang - Fur‐Brush Disk Triboelectric Nanogenerator Driven by Cantilever Oscillating：缺少 score.json 或 index.json（reviewer 尚未完成）
[2026-08-30 01:40:35] [orchestrator] [COLLECT] 跳过 Advanced Energy Materials - 2025 - Zhang - Fur‐Brush Disk Triboelectric Nanogenerator Driven by Cantilever Oscillating_1：缺少 score.json 或 index.json（reviewer 尚未完成）
[2026-08-30 01:40:35] [orchestrator] [COLLECT] 跳过 Advanced Materials - 2013 - Yang - A Single‐Electrode Based Triboelectric Nanogenerator as Self‐Powered Tracking System：缺少 score.json 或 index.json（reviewer 尚未完成）
[2026-08-30 01:40:35] [orchestrator] [COLLECT] 跳过 Advanced Materials - 2016 - Lai - Electric Eel‐Skin‐Inspired Mechanically Durable and Super‐Stretchable Nanogenerator for：缺少 score.json 或 index.json（reviewer 尚未完成）
[2026-08-30 01:40:35] [orchestrator] [COLLECT] 跳过 Advanced Materials - 2018 - Dong - A Stretchable Yarn Embedded Triboelectric Nanogenerator as Electronic Skin for：缺少 score.json 或 index.json（reviewer 尚未完成）
[2026-08-30 01:40:35] [orchestrator] [COLLECT] 跳过 Advanced Materials - 2018 - Lai - Actively Perceiving and Responsive Soft Robots Enabled by Self‐Powered  Highly Extensible：缺少 score.json 或 index.json（reviewer 尚未完成）
[2026-08-30 01:40:35] [orchestrator] [COLLECT] 跳过 Advanced Materials - 2021 - Su - Self‐Powered Respiration Monitoring Enabled By a Triboelectric Nanogenerator  Adv  Mater ：缺少 score.json 或 index.json（reviewer 尚未完成）
[2026-08-30 01:40:35] [orchestrator] [COLLECT] 跳过 Advanced Materials - 2021 - Yang - Self‐Powered Interactive Fiber Electronics with Visual Digital Synergies：缺少 score.json 或 index.json（reviewer 尚未完成）
[2026-08-30 01:40:35] [orchestrator] [COLLECT] 跳过 Advanced Materials - 2022 - Deng - Rationally Structured Triboelectric Nanogenerator Arrays for Harvesting Water‐Current：缺少 score.json 或 index.json（reviewer 尚未完成）
[2026-08-30 01:40:35] [orchestrator] [COLLECT] 跳过 Advanced Materials - 2022 - Lu - Wearable Triboelectric Visual Sensors for Tactile Perception：缺少 score.json 或 index.json（reviewer 尚未完成）
[2026-08-30 01:40:35] [orchestrator] [COLLECT] 跳过 Advanced Materials - 2022 - Wei - An Open‐Environment Tactile Sensing System  Toward Simple and Efficient Material：缺少 score.json 或 index.json（reviewer 尚未完成）
[2026-08-30 01:40:35] [orchestrator] [COLLECT] 跳过 Advanced Materials - 2023 - Xia - Transparent Self‐Healing Anti‐Freezing Ionogel for Monolayered Triboelectric：缺少 score.json 或 index.json（reviewer 尚未完成）
[2026-08-30 01:40:35] [orchestrator] [COLLECT] 跳过 Advanced Materials - 2025 - Chen - A Self‐Sustainable  Ultrarobust and High‐Power‐Density Triboelectric Nanogenerator for：缺少 score.json 或 index.json（reviewer 尚未完成）
[2026-08-30 01:40:35] [orchestrator] [COLLECT] 跳过 Advanced Materials - 2025 - Zheng - The Efficient and Stable Triboelectric Nanogenerator Materials Based on Electrostatic (1)：缺少 score.json 或 index.json（reviewer 尚未完成）
[2026-08-30 01:40:35] [orchestrator] [COLLECT] 跳过 Advanced Science - 2025 - Yang - Skeleton Enhanced Dispersed Lubricant Particle Based Triboelectric Nanogenerator for：缺少 score.json 或 index.json（reviewer 尚未完成）
[2026-08-30 01:40:35] [orchestrator] [COLLECT] 跳过 All-foam-intrinsic-triboelectric-static-and-dynamic-pressure-sens_2025_Nano-：缺少 score.json 或 index.json（reviewer 尚未完成）
[2026-08-30 01:40:35] [orchestrator] [COLLECT] 跳过 Amphibious-triboelectric-acoustic-sensor-for-bioacoustic-signa_2026_Nano-Ene：缺少 score.json 或 index.json（reviewer 尚未完成）
[2026-08-30 01:40:35] [orchestrator] [COLLECT] 跳过 An-on-skin-triboelectric-sensor-system-enabled-by-heterogeneous-p_2024_Nano-：缺少 score.json 或 index.json（reviewer 尚未完成）
[2026-08-30 01:40:35] [orchestrator] [COLLECT] 跳过 Basith2024_wind_Upcycling_of_Waste_Materials_for_the_Development_of_Triboelectric_Nanoge：缺少 score.json 或 index.json（reviewer 尚未完成）
[2026-08-30 01:40:35] [orchestrator] [COLLECT] 跳过 Bentonite-nanosheets-incorporated-silk-fibroin-double-network-hydr_2026_Nano：缺少 score.json 或 index.json（reviewer 尚未完成）
[2026-08-30 01:40:35] [orchestrator] [COLLECT] 跳过 Bifunctional-Silicone-NENU-5-nanocomposite-based-wearable-serpi-g_2026_Nano-：缺少 score.json 或 index.json（reviewer 尚未完成）
[2026-08-30 01:40:35] [orchestrator] [COLLECT] 跳过 Buckling-inspired-triboelectric-sensor-for-multifunctional-sensi_2024_Nano-E：缺少 score.json 或 index.json（reviewer 尚未完成）
[2026-08-30 01:40:35] [orchestrator] [COLLECT] 跳过 Chandrasekhar2024_wind_Smart_maracas_An_innovative_triboelectric_nanogenerator_for_earthquake_d：缺少 score.json 或 index.json（reviewer 尚未完成）
[2026-08-30 01:40:35] [orchestrator] [COLLECT] 跳过 Chem. Rev-Triboelectric nanogenerator as a probe for investigating charge transfer at liquid-solid interfaces：缺少 score.json 或 index.json（reviewer 尚未完成）
[2026-08-30 01:40:35] [orchestrator] [COLLECT] 跳过 Chen2026_iot_Structural_superlubricity_triboelectric_nanogenerator_with_negligible_we：缺少 score.json 或 index.json（reviewer 尚未完成）
[2026-08-30 01:40:35] [orchestrator] [COLLECT] 跳过 Clapping-triboelectric-nanogenerators-as-self-powered--frequency-_2023_Nano-：缺少 score.json 或 index.json（reviewer 尚未完成）
[2026-08-30 01:40:35] [orchestrator] [COLLECT] 跳过 Compact-hybrid-synchronous-wireless-triboelectric-sensors-for-ta_2026_Nano-E：缺少 score.json 或 index.json（reviewer 尚未完成）
[2026-08-30 01:40:35] [orchestrator] [COLLECT] 跳过 Deep-learning-enhanced-safety-system-for-real-time-in-situ-blade_2025_Nano-E：缺少 score.json 或 index.json（reviewer 尚未完成）
[2026-08-30 01:40:35] [orchestrator] [COLLECT] 跳过 Dual-mode-triboelectric-encoder-based-high-precision-liquid-leve_2025_Nano-E：缺少 score.json 或 index.json（reviewer 尚未完成）
[2026-08-30 01:40:35] [orchestrator] [COLLECT] 跳过 Dual-nano-micro-tip-array-based-liquid-solid-interface-for-ultra_2025_Nano-E：缺少 score.json 或 index.json（reviewer 尚未完成）
[2026-08-30 01:40:35] [orchestrator] [COLLECT] 跳过 Dynamic-charge-balanced-multi-layer-noncontact-triboelectric-nanog_2026_Nano：缺少 score.json 或 index.json（reviewer 尚未完成）
[2026-08-30 01:40:35] [orchestrator] [COLLECT] 跳过 Dynamic-keystroke-password-recognition-based-on-piezoelectric-trib_2025_Nano：缺少 score.json 或 index.json（reviewer 尚未完成）
[2026-08-30 01:40:35] [orchestrator] [COLLECT] 跳过 Eco-friendly-triboelectric-nanogenerator-for-self-powering-stacke_2024_Nano-：缺少 score.json 或 index.json（reviewer 尚未完成）
[2026-08-30 01:40:35] [orchestrator] [COLLECT] 跳过 Electrical-double-layer-dynamics-regulation-for-maximized-electrosta_2026_Jo：缺少 score.json 或 index.json（reviewer 尚未完成）
[2026-08-30 01:40:35] [orchestrator] [COLLECT] 跳过 Enhancing-self-induced-polarization-of-PVDF-based-triboelectric-f_2024_Nano-：缺少 score.json 或 index.json（reviewer 尚未完成）
[2026-08-30 01:40:35] [orchestrator] [COLLECT] 跳过 Enhancing-the-accuracy-of-triboelectric-sensor-based-on-triboele_2025_Nano-E：缺少 score.json 或 index.json（reviewer 尚未完成）
[2026-08-30 01:40:35] [orchestrator] [COLLECT] 跳过 Flexible-arrayed-triboelectric-pressure-sensor-with-PDMS-CNT-CB-v_2026_Nano-：缺少 score.json 或 index.json（reviewer 尚未完成）
[2026-08-30 01:40:35] [orchestrator] [COLLECT] 跳过 Flexible-magnet-Fe-layers-based-triboelectric-sensors-for-continu_2025_Nano-：缺少 score.json 或 index.json（reviewer 尚未完成）
[2026-08-30 01:40:35] [orchestrator] [COLLECT] 跳过 Fountain-inspired-triboelectric-nanogenerator-as-rotary-energy-h_2025_Nano-E：缺少 score.json 或 index.json（reviewer 尚未完成）
[2026-08-30 01:40:35] [orchestrator] [COLLECT] 跳过 From-anti-counterfeit-polymer-materials-to-dual-mode-visualizati_2025_Nano-E：缺少 score.json 或 index.json（reviewer 尚未完成）
[2026-08-30 01:40:35] [orchestrator] [COLLECT] 跳过 Gao2024_aviation_Microdroplet_splitting_and_mixing_by_portable_triboelectric_nanogenerato：缺少 score.json 或 index.json（reviewer 尚未完成）
[2026-08-30 01:40:35] [orchestrator] [COLLECT] 跳过 Gao2024_aviation_Spontaneously_established_reverse_electric_field_to_enhance_the_performa：缺少 score.json 或 index.json（reviewer 尚未完成）
[2026-08-30 01:40:35] [orchestrator] [COLLECT] 跳过 Gbadam2025_space_Direct_current_generation_in_triboelectric_nanogenerators_through_ionic：缺少 score.json 或 index.json（reviewer 尚未完成）
[2026-08-30 01:40:35] [orchestrator] [COLLECT] 跳过 Grease-lubricated-triboelectric-instantaneous-angular-speed-senso_2023_Nano-：缺少 score.json 或 index.json（reviewer 尚未完成）
[2026-08-30 01:40:35] [orchestrator] [COLLECT] 跳过 Guo2026_biomedical_A_fully_degradable_triboelectric_vagus_nerve_stimulator_for_attenuating：缺少 score.json 或 index.json（reviewer 尚未完成）
[2026-08-30 01:40:35] [orchestrator] [COLLECT] 跳过 Han2025_motion_Monolithically_integrated_ionic_triboelectric_nanogenerators_for_deforma：缺少 score.json 或 index.json（reviewer 尚未完成）
[2026-08-30 01:40:35] [orchestrator] [COLLECT] 跳过 Hao2024_space_Enhancing_output_performance_of_triboelectric_nanogenerator_by_increasin：缺少 score.json 或 index.json（reviewer 尚未完成）
[2026-08-30 01:40:35] [orchestrator] [COLLECT] 跳过 Hao2024_wearable_Triboelectric_nanogenerator_based_on_changing_the_nanomorphology_of_poly：缺少 score.json 或 index.json（reviewer 尚未完成）
[2026-08-30 01:40:35] [orchestrator] [COLLECT] 跳过 High-sensitivity-and-high-resolution-triboelectric-acoustic-sens_2025_Nano-E：缺少 score.json 或 index.json（reviewer 尚未完成）
[2026-08-30 01:40:35] [orchestrator] [COLLECT] 跳过 Highly-sensitive--absolute-and-self-powered-triboelectric-angul_2025_Nano-En：缺少 score.json 或 index.json（reviewer 尚未完成）
[2026-08-30 01:40:35] [orchestrator] [COLLECT] 跳过 InfoMat-Advanced Handwriting Identification- Triboelectric Sensor Array Integrating with Deep Learning Towards High Information Security：缺少 score.json 或 index.json（reviewer 尚未完成）
[2026-08-30 01:40:35] [orchestrator] [COLLECT] 跳过 InfoMat-Miniaturized and cost-effective self-powered triboelectric sensing system towards rapid detection of Puerarin concentration：缺少 score.json 或 index.json（reviewer 尚未完成）
[2026-08-30 01:40:35] [orchestrator] [COLLECT] 跳过 Innovative-smart-gloves-with-Phalanges-based-triboelectric-sensor_2025_Nano-：缺少 score.json 或 index.json（reviewer 尚未完成）
[2026-08-30 01:40:35] [orchestrator] [COLLECT] 跳过 Intelligent-triboelectric-sensor-for-rapid-detecting-of-oil-m_2026_Nano-Ener：缺少 score.json 或 index.json（reviewer 尚未完成）
[2026-08-30 01:40:35] [orchestrator] [COLLECT] 跳过 Interdisciplinary Materials-High-performance triboelectric nanogenerator based on a double-spiral zigzag-origami structure for continuous sensing and signal transmission in marine environment：缺少 score.json 或 index.json（reviewer 尚未完成）
[2026-08-30 01:40:35] [orchestrator] [COLLECT] 跳过 Investigating-superior-performance-by-configuring-bimetallic-elect_2024_Nano：缺少 score.json 或 index.json（reviewer 尚未完成）
[2026-08-30 01:40:35] [orchestrator] [COLLECT] 跳过 JACS-Triboelectric spectroscopy for in-situ chemical analysis of liquids：缺少 score.json 或 index.json（reviewer 尚未完成）
[2026-08-30 01:40:35] [orchestrator] [COLLECT] 跳过 Jiang2022_space_Ion_rectification_based_on_gel_polymer_electrolyte_ionic_diode：缺少 score.json 或 index.json（reviewer 尚未完成）
[2026-08-30 01:40:35] [orchestrator] [COLLECT] 跳过 Jung2023_marine_Self_powered_ocean_buoy_using_a_disk_type_triboelectric_nanogenerator_wi：缺少 score.json 或 index.json（reviewer 尚未完成）
[2026-08-30 01:40:35] [orchestrator] [COLLECT] 跳过 Karabiber2024_smarttextile_Dielectric_size_optimization_for_high_power_density_in_large_scale_tribo：缺少 score.json 或 index.json（reviewer 尚未完成）
[2026-08-30 01:40:35] [orchestrator] [COLLECT] 跳过 Keel2023_tactile_Three_dimensional_graphene_foam_based_triboelectric_nanogenerators_for_e：缺少 score.json 或 index.json（reviewer 尚未完成）
[2026-08-30 01:40:35] [orchestrator] [COLLECT] 跳过 Kovalska2026_acoustic_Multifunctional_energy_autonomous_textile_sensors_enabled_by_spray_coate：缺少 score.json 或 index.json（reviewer 尚未完成）
[2026-08-30 01:40:35] [orchestrator] [COLLECT] 跳过 Lee2024_wind_Integrated_triboelectric_nanogenerator_and_radiative_cooler_for_all_weat：缺少 score.json 或 index.json（reviewer 尚未完成）
[2026-08-30 01:40:35] [orchestrator] [COLLECT] 跳过 Li2022_wind_Filling_the_gap_between_topological_insulator_nanomaterials_and_triboele：缺少 score.json 或 index.json（reviewer 尚未完成）
[2026-08-30 01:40:35] [orchestrator] [COLLECT] 跳过 Li2024_aviation_Triboiontronics_with_temporal_control_of_electrical_double_layer_formati：缺少 score.json 或 index.json（reviewer 尚未完成）
[2026-08-30 01:40:35] [orchestrator] [COLLECT] 跳过 Li2024_robotics_Visualization_and_standardized_quantification_of_surface_charge_density：缺少 score.json 或 index.json（reviewer 尚未完成）
[2026-08-30 01:40:35] [orchestrator] [COLLECT] 跳过 Li2025_aviation_A_self_powered_soft_triboelectric_electrohydrodynamic_pump：缺少 score.json 或 index.json（reviewer 尚未完成）
[2026-08-30 01:40:35] [orchestrator] [COLLECT] 跳过 Liu2022_energyharv_Fabrication_of_triboelectric_polymer_films_via_repeated_rheological_forg：缺少 score.json 或 index.json（reviewer 尚未完成）
[2026-08-30 01:40:35] [orchestrator] [COLLECT] 跳过 Liu2022_wearable_Self_powered_high_sensitivity_all_in_one_vertical_tribo_transistor_devic：缺少 score.json 或 index.json（reviewer 尚未完成）
[2026-08-30 01:40:35] [orchestrator] [COLLECT] 跳过 Liu2022_wind_Standardized_measurement_of_dielectric_materials_intrinsic_triboelectric：缺少 score.json 或 index.json（reviewer 尚未完成）
[2026-08-30 01:40:35] [orchestrator] [COLLECT] 跳过 Liu2022_wind_Touchless_interactive_teaching_of_soft_robots_through_flexible_bimodal_s：缺少 score.json 或 index.json（reviewer 尚未完成）
[2026-08-30 01:40:35] [orchestrator] [COLLECT] 跳过 Liu2025_aviation_Self_powered_sensing_platform_based_on_triboelectric_nanogenerators_towa：缺少 score.json 或 index.json（reviewer 尚未完成）
[2026-08-30 01:40:35] [orchestrator] [COLLECT] 跳过 Liu2025_iot_Field_emission_effect_in_triboelectric_nanogenerators：缺少 score.json 或 index.json（reviewer 尚未完成）
[2026-08-30 01:40:35] [orchestrator] [COLLECT] 跳过 Liu2025_wearable_Triboelectric_tactile_sensor_for_pressure_and_temperature_sensing_in_hig：缺少 score.json 或 index.json（reviewer 尚未完成）
[2026-08-30 01:40:35] [orchestrator] [COLLECT] 跳过 Lotus-leaf-inspired-triboelectric-sensor-for-detecting-seismic_2025_Nano-Ene：缺少 score.json 或 index.json（reviewer 尚未完成）
[2026-08-30 01:40:35] [orchestrator] [COLLECT] 跳过 Lu2022_marine_Liquid_liquid_triboelectric_nanogenerator_based_on_the_immiscible_interf：缺少 score.json 或 index.json（reviewer 尚未完成）
[2026-08-30 01:40:35] [orchestrator] [COLLECT] 跳过 Lu2024_aviation_Magnetic_assisted_self_powered_vehicle_motion_sensor_based_on_triboelect：缺少 score.json 或 index.json（reviewer 尚未完成）
[2026-08-30 01:40:35] [orchestrator] [COLLECT] 跳过 MRS Bull-Nanogenerators- A foundation for high-entropy energy and sensing systems：缺少 score.json 或 index.json（reviewer 尚未完成）
[2026-08-30 01:40:35] [orchestrator] [COLLECT] 跳过 MRS Bulletin-Triboelectric nanogenerators as a probe for studying charge transfer at liquid-solid interface：缺少 score.json 或 index.json（reviewer 尚未完成）
[2026-08-30 01:40:35] [orchestrator] [COLLECT] 跳过 Magnetic-repulsion-assisted-hybrid-breeze-wind-energy-harvester-wit_2025_Nan：缺少 score.json 或 index.json（reviewer 尚未完成）
[2026-08-30 01:40:35] [orchestrator] [COLLECT] 跳过 Materials Today-Fully sprayed triboelectric-piezoresistive hybrid sensor for intelligent sports analytics：缺少 score.json 或 index.json（reviewer 尚未完成）
[2026-08-30 01:40:35] [orchestrator] [COLLECT] 跳过 Mica-nylon-composite-nanofiber-film-based-wearable-triboelectri_2024_Nano-En：缺少 score.json 或 index.json（reviewer 尚未完成）
[2026-08-30 01:40:35] [orchestrator] [COLLECT] 跳过 Mondal2024_wind_CsPbI_sub_3_sub_PVDF_Composite_Based_Multimode_Hybrid_Piezo_Triboelectri：缺少 score.json 或 index.json（reviewer 尚未完成）
[2026-08-30 01:40:35] [orchestrator] [COLLECT] 跳过 Monolithic-thermodielectric-enhanced-triboelectric-sensor-for-au_2026_Nano-E：缺少 score.json 或 index.json（reviewer 尚未完成）
[2026-08-30 01:40:35] [orchestrator] [COLLECT] 跳过 Multi-degree-of-freedom--semi-flexible--embedded-biomimetic-tail-f_2026_Nano：缺少 score.json 或 index.json（reviewer 尚未完成）
[2026-08-30 01:40:35] [orchestrator] [COLLECT] 跳过 Multi-scale-interlocked-PDMS-PDMS-CB-triboelectric-tactile-sensor_2026_Nano-：缺少 score.json 或 index.json（reviewer 尚未完成）
[2026-08-30 01:40:35] [orchestrator] [COLLECT] 跳过 Nano Energy-A multi-dimensional tactile perception system based on triboelectric sensors- towards intelligent sorting without seeing：缺少 score.json 或 index.json（reviewer 尚未完成）
[2026-08-30 01:40:35] [orchestrator] [COLLECT] 跳过 Nano Energy-Emerging sensing systems based on triboelectric nanogenerator：缺少 score.json 或 index.json（reviewer 尚未完成）
[2026-08-30 01:40:35] [orchestrator] [COLLECT] 跳过 Nano Energy-Gate-Coupling-Enhanced Triboelectric-Triggered Proximity Sensory Memory in Ferroelectric Heterostructure：缺少 score.json 或 index.json（reviewer 尚未完成）
[2026-08-30 01:40:35] [orchestrator] [COLLECT] 跳过 Nano Energy-Innovative smart gloves with Phalanges-based triboelectric sensors as a dexterous teaching interface for Embodied Artificial Intelligence：缺少 score.json 或 index.json（reviewer 尚未完成）
[2026-08-30 01:40:35] [orchestrator] [COLLECT] 跳过 Nano Energy-Intelligent triboelectric sensor for rapid detecting of oil mixed in water：缺少 score.json 或 index.json（reviewer 尚未完成）
[2026-08-30 01:40:35] [orchestrator] [COLLECT] 跳过 Nano Energy-Machine Learning Enhanced Rigiflex Pillar-Membrane Triboelectric Nanogenerator for Universal Stereoscopic Recognition：缺少 score.json 或 index.json（reviewer 尚未完成）
[2026-08-30 01:40:35] [orchestrator] [COLLECT] 跳过 Nano Energy-Monolithic thermodielectric-enhanced triboelectric sensor for autonomous safety monitoring in underground engineering：缺少 score.json 或 index.json（reviewer 尚未完成）
[2026-08-30 01:40:35] [orchestrator] [COLLECT] 跳过 Nano Energy-Probing Leidenfrost effect via contact electrification：缺少 score.json 或 index.json（reviewer 尚未完成）
[2026-08-30 01:40:35] [orchestrator] [COLLECT] 跳过 Nano Letters-Flexible Tactile Sensors for 3D Force Detection：缺少 score.json 或 index.json（reviewer 尚未完成）
[2026-08-30 01:40:35] [orchestrator] [COLLECT] 跳过 Nano Today-A tightly coupled electromagnetic-triboelectric hybrid generator for wind energy harvesting and environmental monitoring：缺少 score.json 或 index.json（reviewer 尚未完成）
[2026-08-30 01:40:35] [orchestrator] [COLLECT] 跳过 Nat. Commun-Probing Electrical Double Layer via Triboelectric Charge Transfer：缺少 score.json 或 index.json（reviewer 尚未完成）
[2026-08-30 01:40:35] [orchestrator] [COLLECT] 跳过 Nat. Sensor-A Fully Self-Powered Triboelectric Wireless Sensor for Robotic Arm Control via Efficient Electromagnetic Induction：缺少 score.json 或 index.json（reviewer 尚未完成）
[2026-08-30 01:40:35] [orchestrator] [COLLECT] 跳过 Octopus-inspired-soft-gripper-with-embedded-triboelectric-tactil_2025_Nano-E：缺少 score.json 或 index.json（reviewer 尚未完成）
[2026-08-30 01:40:35] [orchestrator] [COLLECT] 跳过 Origami-structured-triboelectric-nanogenerator-for-energy-and-infor_2026_Jou：缺少 score.json 或 index.json（reviewer 尚未完成）
[2026-08-30 01:40:35] [orchestrator] [COLLECT] 跳过 Pan2024_aviation_Self_powered_and_speed_adjustable_sensor_for_abyssal_ocean_current_measu：缺少 score.json 或 index.json（reviewer 尚未完成）
[2026-08-30 01:40:35] [orchestrator] [COLLECT] 跳过 Qiu2024_wearable_E_cardiac_patch_to_sense_and_repair_infarcted_myocardium：缺少 score.json 或 index.json（reviewer 尚未完成）
[2026-08-30 01:40:35] [orchestrator] [COLLECT] 跳过 Rapid-response-hybrid-piezo-triboelectric-pressure-sensor-using-a_2025_Nano-：缺少 score.json 或 index.json（reviewer 尚未完成）
[2026-08-30 01:40:35] [orchestrator] [COLLECT] 跳过 Ren2024_aviation_High_performance_press_driven_triboelectric_nanogenerator_based_on_a_gea：缺少 score.json 或 index.json（reviewer 尚未完成）
[2026-08-30 01:40:35] [orchestrator] [COLLECT] 跳过 Revolutionizing-energy-harvesting--Eco-friendly-and-adaptable-trib_2024_Nano：缺少 score.json 或 index.json（reviewer 尚未完成）
[2026-08-30 01:40:35] [orchestrator] [COLLECT] 跳过 Scalable-manufacturing-of-self-powered-embroidered-triboelectric_2026_Nano-E：缺少 score.json 或 index.json（reviewer 尚未完成）
[2026-08-30 01:40:35] [orchestrator] [COLLECT] 跳过 Sci. Adv-A wearable triboelectric impedance tomography system for non-invasive and dynamic imaging of biological tissues：缺少 score.json 或 index.json（reviewer 尚未完成）
[2026-08-30 01:40:35] [orchestrator] [COLLECT] 跳过 Sci. Adv.-Self-powered visualized tactile-acoustic sensor for accurate artificial perception with high brightness and record-low detection limit：缺少 score.json 或 index.json（reviewer 尚未完成）
[2026-08-30 01:40:35] [orchestrator] [COLLECT] 跳过 Science Advances-Self-Powered Visualized Tactile-Acoustic Sensor for High-Accuracy Artificial Perception with High Brightness and Record-Low Detection Limit：缺少 score.json 或 index.json（reviewer 尚未完成）
[2026-08-30 01:40:35] [orchestrator] [COLLECT] 跳过 Science Advances-Triboelectric nanogenerator for high-entropy energy self-powered sensors and popular education：缺少 score.json 或 index.json（reviewer 尚未完成）
[2026-08-30 01:40:35] [orchestrator] [COLLECT] 跳过 Science Bulletin-Over 200 times current enhancement via buckling triboelectric nanogenerator at ultra-low speed for monitoring the swelling of lithium ion batteries：缺少 score.json 或 index.json（reviewer 尚未完成）
[2026-08-30 01:40:35] [orchestrator] [COLLECT] 跳过 Self-powered-flexible-force-sensing-sensor-based-on-triboelectric-_2025_Nano：缺少 score.json 或 index.json（reviewer 尚未完成）
[2026-08-30 01:40:35] [orchestrator] [COLLECT] 跳过 Self-powered-optical-triboelectric-sensor-for-remote-vibratio_2025_Nano-Ener：缺少 score.json 或 index.json（reviewer 尚未完成）
[2026-08-30 01:40:35] [orchestrator] [COLLECT] 跳过 Self-powered-triboelectric-sensor-based-on-a-carbon-fiber-glass-f_2024_Nano-：缺少 score.json 或 index.json（reviewer 尚未完成）
[2026-08-30 01:40:35] [orchestrator] [COLLECT] 跳过 Self-powered-wideband-ultrasonic-sensor-based-on-capacitive-triboe_2025_Nano：缺少 score.json 或 index.json（reviewer 尚未完成）
[2026-08-30 01:40:35] [orchestrator] [COLLECT] 跳过 Self-retracting-triboelectric-electromagnetic-hybrid-sensor-for-_2025_Nano-E：缺少 score.json 或 index.json（reviewer 尚未完成）
[2026-08-30 01:40:35] [orchestrator] [COLLECT] 跳过 Shakibi2025_wearable_Aesthetic_wire_free_and_bioresorbable_dermal_tattoo_TENG_system_for_self：缺少 score.json 或 index.json（reviewer 尚未完成）
[2026-08-30 01:40:35] [orchestrator] [COLLECT] 跳过 Shao2024_wind_Large_area_untethered_metamorphic_and_omnidirectionally_stretchable_mult：缺少 score.json 或 index.json（reviewer 尚未完成）
[2026-08-30 01:40:35] [orchestrator] [COLLECT] 跳过 Small-Bioinspired Omnidirectional Iontronic Sensors Based on Triboelectric Charge：缺少 score.json 或 index.json（reviewer 尚未完成）
[2026-08-30 01:40:35] [orchestrator] [COLLECT] 跳过 Small-Feature-Reinforced Strategy for Enhancing the Accuracy of Triboelectric Vibration Sensing Toward Mechanical Equipment Monitoring：缺少 score.json 或 index.json（reviewer 尚未完成）
[2026-08-30 01:40:35] [orchestrator] [COLLECT] 跳过 Small-Interface Charge Transfer Mapping for In Situ Monitoring of Contamination in Liquid Food：缺少 score.json 或 index.json（reviewer 尚未完成）
[2026-08-30 01:40:35] [orchestrator] [COLLECT] 跳过 Small-Wireless self-powered triboelectric-based sensor for real-time quantitative monitoring of gas-liquid mixed flow：缺少 score.json 或 index.json（reviewer 尚未完成）
[2026-08-30 01:40:35] [orchestrator] [COLLECT] 跳过 Smart-ping-pong-paddle-with-triboelectric-self-powered-wirele_2024_Nano-Ener：缺少 score.json 或 index.json（reviewer 尚未完成）
[2026-08-30 01:40:35] [orchestrator] [COLLECT] 跳过 Strain-insensitive-stretchable-triboelectric-tactile-sensors-vi_2025_Nano-En：缺少 score.json 或 index.json（reviewer 尚未完成）
[2026-08-30 01:40:35] [orchestrator] [COLLECT] 跳过 Subbotina2022_space_Aqueous_synthesis_of_highly_functional_hydrophobic_and_chemically_recycl：缺少 score.json 或 index.json（reviewer 尚未完成）
[2026-08-30 01:40:35] [orchestrator] [COLLECT] 跳过 Sun2025_wind_Impedance_decoupling_strategy_to_enhance_the_real_time_powering_performa：缺少 score.json 或 index.json（reviewer 尚未完成）
[2026-08-30 01:40:35] [orchestrator] [COLLECT] 跳过 Tan2024_tactile_Self_powered_tactile_sensor_for_real_time_recognition_of_Morse_code_base：缺少 score.json 或 index.json（reviewer 尚未完成）
[2026-08-30 01:40:35] [orchestrator] [COLLECT] 跳过 Tang2025_aviation_Rattle_drum_inspired_triboelectric_nanogenerator_with_enhanced_output_us：缺少 score.json 或 index.json（reviewer 尚未完成）
[2026-08-30 01:40:35] [orchestrator] [COLLECT] 跳过 Tao2025_wind_Electro_spun_nanofibers_based_triboelectric_nanogenerators_in_wearable_e：缺少 score.json 或 index.json（reviewer 尚未完成）
[2026-08-30 01:40:35] [orchestrator] [COLLECT] 跳过 Thermal-stable-cordierite-embedded-polyimide-based-triboelectric-_2025_Nano-：缺少 score.json 或 index.json（reviewer 尚未完成）
[2026-08-30 01:40:35] [orchestrator] [COLLECT] 跳过 Triboelectric-induced-abnormal-tribovoltaic-effect-at-the-metal-Ga_2026_Joul：缺少 score.json 或 index.json（reviewer 尚未完成）
[2026-08-30 01:40:35] [orchestrator] [COLLECT] 跳过 Triboelectric-nanogenerator-powering-piezoresistive-cement-based-_2025_Nano-：缺少 score.json 或 index.json（reviewer 尚未完成）
[2026-08-30 01:40:35] [orchestrator] [COLLECT] 跳过 Triboelectric-nanogenerator-sensors-based-trans-media-motion-moni_2025_Nano-：缺少 score.json 或 index.json（reviewer 尚未完成）
[2026-08-30 01:40:35] [orchestrator] [COLLECT] 跳过 Triboelectric-sensor-for-mid-frequency-acoustic-signals-detect_2025_Nano-Ene：缺少 score.json 或 index.json（reviewer 尚未完成）
[2026-08-30 01:40:35] [orchestrator] [COLLECT] 跳过 Ultra-stretchable-and-anti-freezing-ionic-conductive-hydrogels-as-_2024_Nano：缺少 score.json 或 index.json（reviewer 尚未完成）
[2026-08-30 01:40:35] [orchestrator] [COLLECT] 跳过 Ultra-wide-frequency-response-and-high-resolution-triboelectric-a_2025_Nano-：缺少 score.json 或 index.json（reviewer 尚未完成）
[2026-08-30 01:40:35] [orchestrator] [COLLECT] 跳过 Using-deep-learning-and-an-annular-triboelectric-sensor-for-mon_2025_Nano-En：缺少 score.json 或 index.json（reviewer 尚未完成）
[2026-08-30 01:40:35] [orchestrator] [COLLECT] 跳过 Wang2024_wind_A_rolling_mode_triboelectric_nanogenerator_with_multi_tunnel_grating_ele：缺少 score.json 或 index.json（reviewer 尚未完成）
[2026-08-30 01:40:35] [orchestrator] [COLLECT] 跳过 Wang2024_wind_Contact_electro_catalytic_CO2_reduction_from_ambient_air：缺少 score.json 或 index.json（reviewer 尚未完成）
[2026-08-30 01:40:35] [orchestrator] [COLLECT] 跳过 Waterproof-membrane-cavity-membrane-triboelectric-acoustic-sensor_2026_Nano-：缺少 score.json 或 index.json（reviewer 尚未完成）
[2026-08-30 01:40:35] [orchestrator] [COLLECT] 跳过 Wei2022_biomedical_Flexible_iontronics_based_on_2D_nanofluidic_material：缺少 score.json 或 index.json（reviewer 尚未完成）
[2026-08-30 01:40:35] [orchestrator] [COLLECT] 跳过 Wireless-passive-sensor-design-based-on-a-highly-stable-triboelec_2025_Nano-：缺少 score.json 或 index.json（reviewer 尚未完成）
[2026-08-30 01:40:35] [orchestrator] [COLLECT] 跳过 Wu2024_wind_Efficient_energy_conversion_mechanism_and_energy_storage_strategy_for_tr：缺少 score.json 或 index.json（reviewer 尚未完成）
[2026-08-30 01:40:35] [orchestrator] [COLLECT] 跳过 Xia2023_marine_Metallic_glass_based_triboelectric_nanogenerators：缺少 score.json 或 index.json（reviewer 尚未完成）
[2026-08-30 01:40:35] [orchestrator] [COLLECT] 跳过 Xu2022_aviation_A_bio_inspired_and_self_powered_triboelectric_tactile_sensor_for_underwa：缺少 score.json 或 index.json（reviewer 尚未完成）
[2026-08-30 01:40:35] [orchestrator] [COLLECT] 跳过 Xu2022_space_Van_der_Waals_force_induced_intralayer_ferroelectric_to_antiferroelectri：缺少 score.json 或 index.json（reviewer 尚未完成）
[2026-08-30 01:40:35] [orchestrator] [COLLECT] 跳过 Xu2025_wind_Integrating_machine_learning_with_triboelectric_nanogenerators_Optimizin：缺少 score.json 或 index.json（reviewer 尚未完成）
[2026-08-30 01:40:35] [orchestrator] [COLLECT] 跳过 Yang2022_iot_Improved_pharmacodynamics_of_epidermal_growth_factor_via_microneedles_ba：缺少 score.json 或 index.json（reviewer 尚未完成）
[2026-08-30 01:40:35] [orchestrator] [COLLECT] 跳过 Yang2025_wind_Skeleton_enhanced_droplet_energy_harvesting：缺少 score.json 或 index.json（reviewer 尚未完成）
[2026-08-30 01:40:35] [orchestrator] [COLLECT] 跳过 Zhang2022_wind_Bioinspired_asymmetric_amphiphilic_surface_for_triboelectric_enhanced_ef：缺少 score.json 或 index.json（reviewer 尚未完成）
[2026-08-30 01:40:35] [orchestrator] [COLLECT] 跳过 Zhang2023_iot_Discharge_domains_regulation_and_dynamic_processes_of_direct_current_tri：缺少 score.json 或 index.json（reviewer 尚未完成）
[2026-08-30 01:40:35] [orchestrator] [COLLECT] 跳过 Zhang2024_biomedical_Self_powered_triboelectric_responsive_microneedles_with_controllable_rel：缺少 score.json 或 index.json（reviewer 尚未完成）
[2026-08-30 01:40:35] [orchestrator] [COLLECT] 跳过 Zhang2024_wind_Cellulose_nanofiber_mediated_manifold_dynamic_synergy_enabling_adhesive：缺少 score.json 或 index.json（reviewer 尚未完成）
[2026-08-30 01:40:35] [orchestrator] [COLLECT] 跳过 Zhao2022_iot_Underwater_wireless_communication_via_TENG_generated_Maxwell_s_displacem：缺少 score.json 或 index.json（reviewer 尚未完成）
[2026-08-30 01:40:35] [orchestrator] [COLLECT] 跳过 Zhao2025_acoustic_A_pendulum_based_nanogenerator_for_high_entropy_wave_energy_harvesting：缺少 score.json 或 index.json（reviewer 尚未完成）
[2026-08-30 01:40:35] [orchestrator] [COLLECT] 跳过 Zhou2024_acoustic_Sound_frequency_sensitive_triboelectric_nanogenerator_for_multi_function：缺少 score.json 或 index.json（reviewer 尚未完成）
[2026-08-30 01:40:35] [orchestrator] [COLLECT] 跳过 Zhu2026_wind_Effective_wind_energy_harvesting_by_a_triboelectric_electromagnetic_hybr：缺少 score.json 或 index.json（reviewer 尚未完成）
[2026-08-30 01:40:35] [orchestrator] [COLLECT] 跳过 acoustic_NanoEnergy2024_Gao_High_Bandwidth_Self：缺少 score.json 或 index.json（reviewer 尚未完成）
[2026-08-30 01:40:35] [orchestrator] [COLLECT] [QUALIFIED] acoustic_NanoEnergy2026_Qiao_3d_Omnidirectional_Distance | score=4.85 | subcat=acoustic | qa=11题 (BK1=1 | BK2=1 | BK3=1 | BK4=1 | DG1=1 | DG2=1 | DG3=1 | RP1=1 | RP2=1 | RP3=1 | RP4=1) -> papers/qualified/acoustic/acoustic_NanoEnergy2026_Qiao_3d_Omnidirectional_Distance
[2026-08-30 01:40:35] [orchestrator] [COLLECT] 跳过 biomedical_BiosensorsAnd2025_Cho_Implantable_Multilayer_Interdigitated：缺少 score.json 或 index.json（reviewer 尚未完成）
[2026-08-30 01:40:35] [orchestrator] [COLLECT] 跳过 chemical_NanoEnergy2023_Yu_Dual_Mode_Sensor：缺少 score.json 或 index.json（reviewer 尚未完成）
[2026-08-30 01:40:35] [orchestrator] [COLLECT] 跳过 eScience-Bioinspired Triboelectric-driven Multisensory Framework with Autonomous Cross-modal Adaptation：缺少 score.json 或 index.json（reviewer 尚未完成）
[2026-08-30 01:40:35] [orchestrator] [COLLECT] 跳过 hmi_NanoEnergy2024_Wang_Flexible_Triboelectric_Sensor：缺少 score.json 或 index.json（reviewer 尚未完成）
[2026-08-30 01:40:35] [orchestrator] [COLLECT] [QUALIFIED] hmi_NanoEnergy2026_Xu_Dynamically_Cross_Linked | score=4.85 | subcat=hmi | qa=11题 (BK1=1 | BK2=1 | BK3=1 | BK4=1 | DG1=1 | DG2=1 | DG3=1 | RP1=1 | RP2=1 | RP3=1 | RP4=1) -> papers/qualified/hmi/hmi_NanoEnergy2026_Xu_Dynamically_Cross_Linked
[2026-08-30 01:40:35] [orchestrator] [COLLECT] 跳过 iot_NanoEnergy2024_Feng_Novel_Self_Powered：缺少 score.json 或 index.json（reviewer 尚未完成）
[2026-08-30 01:40:35] [orchestrator] [COLLECT] 跳过 marine_NatComm2026_Huang_Bubble_Burst_Induced：无 .complete 标记（reviewer 仍在出题）
[2026-08-30 01:40:35] [orchestrator] [COLLECT] 跳过 motion_NanoEnergy2024_Sun_Machine_Learning_Coupled：缺少 score.json 或 index.json（reviewer 尚未完成）
[2026-08-30 01:40:35] [orchestrator] [COLLECT] 跳过 nn2c11633：缺少 score.json 或 index.json（reviewer 尚未完成）
[2026-08-30 01:40:35] [orchestrator] [COLLECT] 跳过 nn2c11633_si_001：缺少 score.json 或 index.json（reviewer 尚未完成）
[2026-08-30 01:40:35] [orchestrator] [COLLECT] 跳过 robotics_NanoEnergy2024_Xiao_Multi_Dimensional_Tactile：缺少 score.json 或 index.json（reviewer 尚未完成）
[2026-08-30 01:40:35] [orchestrator] [COLLECT] 跳过 tactile_AcsSensors2024_Huang_Human_Friendly_Self：缺少 score.json 或 index.json（reviewer 尚未完成）
[2026-08-30 01:40:35] [orchestrator] [COLLECT] 跳过 tactile_NanoEnergy2023_Seo_Rationally_Designed_Micropixelation：缺少 score.json 或 index.json（reviewer 尚未完成）
[2026-08-30 01:40:35] [orchestrator] [COLLECT] 跳过 tactile_NanoEnergy2024_Wang_Enhancing_Recognition_Accuracy：缺少 score.json 或 index.json（reviewer 尚未完成）
[2026-08-30 01:40:35] [orchestrator] [COLLECT] 跳过 wearable_NanoEnergy2023_Han_Self_Powered_Slippery：缺少 score.json 或 index.json（reviewer 尚未完成）
[2026-08-30 01:40:35] [orchestrator] [COLLECT] 跳过 wearable_NanoEnergy2023_He_Mechanoreceptor_Inspired_Ear：缺少 score.json 或 index.json（reviewer 尚未完成）
[2026-08-30 01:40:35] [orchestrator] [COLLECT] 跳过 wearable_NanoEnergy2023_He_Mechanoreceptor_Inspired_Ear__dup1：缺少 score.json 或 index.json（reviewer 尚未完成）
[2026-08-30 01:40:35] [orchestrator] [COLLECT] 跳过 wearable_NanoEnergy2023_Mao_Health_Monitoring_System：缺少 score.json 或 index.json（reviewer 尚未完成）
[2026-08-30 01:40:35] [orchestrator] [COLLECT] 完成：qualified=2 rejected=0 skipped=229
[2026-08-30 01:40:35] [orchestrator] [UPDATE] phase 保持：screening（inbox=0 cache=229）
[2026-08-30 01:40:35] [orchestrator] [UPDATE] master.json 已写入：phase=screening
[2026-08-30 01:46:52] [reviewer] [PAPER_ID] 生成 paper_id：robotics_NanoEnergy2024_Xiao_Multi_Dimensional_Tactile
[2026-08-30 01:46:52] [reviewer] [PAPER_ID]   subcategory=robotics venue=Nano Energy date=2024-02 authors=['Tianxiao Xiao'] title=A multi-dimensional tactile perception system based on tribo
[2026-08-30 01:46:52] [reviewer] [PAPER_ID] PDF 重命名：A-multi-dimensional-tactile-perception-system-based-on-triboelect_2024_Nano-.pdf -> robotics_NanoEnergy2024_Xiao_Multi_Dimensional_Tactile.pdf
[2026-08-30 01:46:52] [reviewer] [PAPER_ID] 警告：目标目录已存在 /Users/lmdhq/WorkSpace/TENGBench/code/cache/robotics_NanoEnergy2024_Xiao_Multi_Dimensional_Tactile，跳过重命名
[2026-08-30 01:46:52] [reviewer] [PAPER_ID] 完成：A-multi-dimensional-tactile-perception-system-based-on-triboelect_2024_Nano-
[2026-08-30 01:48:08] [reviewer] [PAPER_ID] 生成 paper_id：iot_NanoEnergy2025_Zhang_Real_Time_Self
[2026-08-30 01:48:08] [reviewer] [PAPER_ID]   subcategory=iot venue=Nano Energy date=2025-01 authors=['Wenhe Zhang'] title=A real-time self-powered wireless pressure sensing system ba
[2026-08-30 01:48:08] [reviewer] [PAPER_ID] PDF 重命名：A-real-time-self-powered-wireless-pressure-sensing-system-based-_2025_Nano-E.pdf -> iot_NanoEnergy2025_Zhang_Real_Time_Self.pdf
[2026-08-30 01:48:08] [reviewer] [PAPER_ID] 目录重命名：A-real-time-self-powered-wireless-pressure-sensing-system-based-_2025_Nano-E -> iot_NanoEnergy2025_Zhang_Real_Time_Self
[2026-08-30 01:48:08] [reviewer] [PAPER_ID] 完成：iot_NanoEnergy2025_Zhang_Real_Time_Self
[2026-08-30 02:26:19] [orchestrator] [COLLECT] 扫描 cache，发现 229 个目录
[2026-08-30 02:26:19] [orchestrator] [COLLECT] 跳过 A-multi-dimensional-tactile-perception-system-based-on-triboelect_2024_Nano-：缺少 score.json 或 index.json（reviewer 尚未完成）
[2026-08-30 02:26:19] [orchestrator] [COLLECT] 跳过 A-self-powered-wearable-structured-foam-built-in-electrode-triboel_2026_Nano：缺少 score.json 或 index.json（reviewer 尚未完成）
[2026-08-30 02:26:19] [orchestrator] [COLLECT] 跳过 A-wearable-sign-language-translation-device-utilizing-silicone-hy_2025_Nano-：缺少 score.json 或 index.json（reviewer 尚未完成）
[2026-08-30 02:26:19] [orchestrator] [COLLECT] 跳过 ACS Energy Letters-Self-Propelled Nanocellulose Aerogel Eco-Robots for Self-Powered Aquatic Environment Perception：缺少 score.json 或 index.json（reviewer 尚未完成）
[2026-08-30 02:26:19] [orchestrator] [COLLECT] 跳过 ACS Nano-Neuromorphic Computing-Assisted Triboelectric Capacitive-Coupled Tactile Sensor Array for Wireless Mixed Reality Interaction：缺少 score.json 或 index.json（reviewer 尚未完成）
[2026-08-30 02:26:19] [orchestrator] [COLLECT] 跳过 ACS Nano-Neuromorphic-Computing-Assisted Triboelectric-Capacitive-Coupled Tactile Sensor Array for Wireless Mixed Reality Interaction：缺少 score.json 或 index.json（reviewer 尚未完成）
[2026-08-30 02:26:19] [orchestrator] [COLLECT] 跳过 ACS Nano-Triboelectric Spectroscopy for In-Situ Detection of Gas Molecules in Liquid：缺少 score.json 或 index.json（reviewer 尚未完成）
[2026-08-30 02:26:19] [orchestrator] [COLLECT] 跳过 ACS Nano-Triboelectric Spectroscopy for identification of Metal Ion Valence States in Aqueous Solutions：缺少 score.json 或 index.json（reviewer 尚未完成）
[2026-08-30 02:26:19] [orchestrator] [COLLECT] 跳过 Adv Funct Materials - 2022 - Han - Hybrid Triboelectric‐Electromagnetic Nanogenerator with a Double‐Sided Fluff and Double：缺少 score.json 或 index.json（reviewer 尚未完成）
[2026-08-30 02:26:19] [orchestrator] [COLLECT] 跳过 Adv Funct Materials - 2022 - Qu - Spherical Triboelectric Nanogenerator Based on Eccentric Structure for Omnidirectional：缺少 score.json 或 index.json（reviewer 尚未完成）
[2026-08-30 02:26:19] [orchestrator] [COLLECT] 跳过 Adv Funct Materials - 2022 - Qu - Spherical Triboelectric Nanogenerator Based on Eccentric Structure for Omnidirectional_1：缺少 score.json 或 index.json（reviewer 尚未完成）
[2026-08-30 02:26:19] [orchestrator] [COLLECT] 跳过 Adv Funct Materials - 2022 - Yang - Barycenter Self‐Adapting Triboelectric Nanogenerator for Sea Water Wave High‐Entropy：缺少 score.json 或 index.json（reviewer 尚未完成）
[2026-08-30 02:26:19] [orchestrator] [COLLECT] 跳过 Adv Funct Materials - 2022 - Yu - Moisture Resistant and Stable Wireless Wind Speed Sensing System Based on Triboelectric：缺少 score.json 或 index.json（reviewer 尚未完成）
[2026-08-30 02:26:19] [orchestrator] [COLLECT] 跳过 Adv Funct Materials - 2023 - Mu - Achieving High‐Efficiency Wind Energy Harvesting Triboelectric Nanogenerator by Coupling (1)：缺少 score.json 或 index.json（reviewer 尚未完成）
[2026-08-30 02:26:19] [orchestrator] [COLLECT] 跳过 Adv Funct Materials - 2023 - Yang - A Swing Self‐Regulated Triboelectric Nanogenerator for High‐Entropy Ocean Breaking：缺少 score.json 或 index.json（reviewer 尚未完成）
[2026-08-30 02:26:19] [orchestrator] [COLLECT] 跳过 Adv Funct Materials - 2024 - Wang - Self‐Healing Hydrogel‐Based Triboelectric Nanogenerator in Smart Glove System for：缺少 score.json 或 index.json（reviewer 尚未完成）
[2026-08-30 02:26:19] [orchestrator] [COLLECT] 跳过 Adv Funct Materials - 2024 - Zhu - Hierarchical Structure by Self‐sedimentation of Liquid Metal for Flexible Sensor (1)：缺少 score.json 或 index.json（reviewer 尚未完成）
[2026-08-30 02:26:19] [orchestrator] [COLLECT] 跳过 Adv Funct Materials - 2025 - Gao - Fabric-Reinforced Functional Insoles for Energy Harvesting and AI-Empowered Motion Monitoring：缺少 score.json 或 index.json（reviewer 尚未完成）
[2026-08-30 02:26:19] [orchestrator] [COLLECT] 跳过 Adv Funct Materials - 2025 - Gong - Alternating Electrical Polarity Enabled Efficient Charge Capture Triboelectric：缺少 score.json 或 index.json（reviewer 尚未完成）
[2026-08-30 02:26:19] [orchestrator] [COLLECT] 跳过 Adv Funct Materials - 2025 - Guo - Flexible Triboelectric Nanogenerator Arrays for Energy Harvesting and Direct Current：缺少 score.json 或 index.json（reviewer 尚未完成）
[2026-08-30 02:26:19] [orchestrator] [COLLECT] 跳过 Adv Funct Materials - 2025 - Lee - Metamaterial Adhesives-Integrated Triboelectric Nanogenerators with Enhanced and Programmable Charge Generation and Adhesion：缺少 score.json 或 index.json（reviewer 尚未完成）
[2026-08-30 02:26:19] [orchestrator] [COLLECT] 跳过 Adv Funct Materials - 2025 - Xiao - Tubular Oil Solid Triboelectric Nanogenerator Adopted for Self‐Powered Impurities：缺少 score.json 或 index.json（reviewer 尚未完成）
[2026-08-30 02:26:19] [orchestrator] [COLLECT] 跳过 Adv Funct Materials - 2026 - Li - Loofah‐Inspired Hierarchical Porous Triboelectric Nanogenerator with Dual Phase Flame：缺少 score.json 或 index.json（reviewer 尚未完成）
[2026-08-30 02:26:19] [orchestrator] [COLLECT] 跳过 Adv Materials Technologies - 2025 - Huo - Gravity‐Switch‐Triggered Triboelectric Nanogenerator for Multi‐Directional Wave：缺少 score.json 或 index.json（reviewer 尚未完成）
[2026-08-30 02:26:19] [orchestrator] [COLLECT] 跳过 Adv Materials Technologies - 2025 - Manojkumar - Triboelectric Nanogenerator‐Enabled Smart Agriculture  Self‐Powered：缺少 score.json 或 index.json（reviewer 尚未完成）
[2026-08-30 02:26:19] [orchestrator] [COLLECT] 跳过 Adv. Energy Mater-Fur-Brush Disk Triboelectric Nanogenerator Driven by Cantilever Oscillating Float Mechanism for Near-Shore Marine Environment Monitoring：缺少 score.json 或 index.json（reviewer 尚未完成）
[2026-08-30 02:26:19] [orchestrator] [COLLECT] 跳过 Adv. Energy Mater.-A piezo-tribovoltaic nanogenerator with ultrahigh output power density and dynamic sensory functions：缺少 score.json 或 index.json（reviewer 尚未完成）
[2026-08-30 02:26:19] [orchestrator] [COLLECT] 跳过 Adv. Energy Mater.-Multi-Parameters Self-Powered Monitoring via Triboelectric and Electromagnetic Mechanisms for Smart Transmission Lines：缺少 score.json 或 index.json（reviewer 尚未完成）
[2026-08-30 02:26:19] [orchestrator] [COLLECT] 跳过 Adv. Func. Mater-Achieving Dual-Function In Situ Monitoring of Water Level and Flow Velocity via a Flapping-Wing Triboelectric Nanogenerator：缺少 score.json 或 index.json（reviewer 尚未完成）
[2026-08-30 02:26:19] [orchestrator] [COLLECT] 跳过 Adv. Func. Mater-Kirigami Cube-Inspired Triboelectric Vector Sensor for Human–Machine Interaction：缺少 score.json 或 index.json（reviewer 尚未完成）
[2026-08-30 02:26:19] [orchestrator] [COLLECT] 跳过 Adv. Funct. Mater.-High-accuracy liquid flow monitoring via triboelectric nanogenerator combined with bionic design and common-mode interference suppression：缺少 score.json 或 index.json（reviewer 尚未完成）
[2026-08-30 02:26:19] [orchestrator] [COLLECT] 跳过 Adv. Mater-A Tongue-Computer Tactile Interface Mediated by the Magnetoelectric-Driven Tribovoltaic Sensors：缺少 score.json 或 index.json（reviewer 尚未完成）
[2026-08-30 02:26:19] [orchestrator] [COLLECT] 跳过 Adv. Mater-All-Solid Biomass Dual Network Ionic Conducting Elastomer with Multi Ion Synergy for Low-Temperature Resistant Sensor and Triboelectric Nanogenerator：缺少 score.json 或 index.json（reviewer 尚未完成）
[2026-08-30 02:26:19] [orchestrator] [COLLECT] 跳过 Adv. Mater-Triboelectric E-Skin for Robotic Perception of Hazardous Chemical Leaks：缺少 score.json 或 index.json（reviewer 尚未完成）
[2026-08-30 02:26:19] [orchestrator] [COLLECT] 跳过 Adv. Mater-Ultra-Robust and Hyperelastic Triboelectric Webbing for Self-powered Rehabilitation Sensing with Invisible and Embedded Design：缺少 score.json 或 index.json（reviewer 尚未完成）
[2026-08-30 02:26:19] [orchestrator] [COLLECT] 跳过 Adv. Mater.-Acoustically enhanced triboelectric stethoscope for ultrasensitive cardiac sounds sensing and disease diagnosis：缺少 score.json 或 index.json（reviewer 尚未完成）
[2026-08-30 02:26:19] [orchestrator] [COLLECT] 跳过 Adv. Mater.-Engineering Triboelectric Paper for Energy Harvesting and Smart Sensing：缺少 score.json 或 index.json（reviewer 尚未完成）
[2026-08-30 02:26:19] [orchestrator] [COLLECT] 跳过 Adv. Mater.-Ultra-High Sensitivity Real-Time Monitoring of Landslide Surface Deformation via Triboelectric Nanogenerator：缺少 score.json 或 index.json（reviewer 尚未完成）
[2026-08-30 02:26:19] [orchestrator] [COLLECT] 跳过 Adv. Sci.-Multistrand Twisted Triboelectric Kevlar Yarns for Harvesting High Impact Energy, Body Injury Location and Levels Evaluation：缺少 score.json 或 index.json（reviewer 尚未完成）
[2026-08-30 02:26:19] [orchestrator] [COLLECT] 跳过 Advanced Energy Materials - 2022 - Han - Achieving a Large Driving Force on Triboelectric Nanogenerator by Wave‐Driven：缺少 score.json 或 index.json（reviewer 尚未完成）
[2026-08-30 02:26:19] [orchestrator] [COLLECT] 跳过 Advanced Energy Materials - 2022 - Wu - Industrial Fabrication of 3D Braided Stretchable Hierarchical Interlocked：缺少 score.json 或 index.json（reviewer 尚未完成）
[2026-08-30 02:26:19] [orchestrator] [COLLECT] 跳过 Advanced Energy Materials - 2022 - Yang - Triboelectric Nanogenerator Enabled Wearable Sensors and Electronics for：缺少 score.json 或 index.json（reviewer 尚未完成）
[2026-08-30 02:26:19] [orchestrator] [COLLECT] 跳过 Advanced Energy Materials - 2022 - Yong - Environmental Self‐Adaptive Wind Energy Harvesting Technology for Self‐Powered：缺少 score.json 或 index.json（reviewer 尚未完成）
[2026-08-30 02:26:19] [orchestrator] [COLLECT] 跳过 Advanced Energy Materials - 2022 - Yong - Environmental Self‐Adaptive Wind Energy Harvesting Technology for Self‐Powered_1：缺少 score.json 或 index.json（reviewer 尚未完成）
[2026-08-30 02:26:19] [orchestrator] [COLLECT] 跳过 Advanced Energy Materials - 2023 - Chen - Stackable Direct Current Triboelectric‐Electromagnetic Hybrid Nanogenerator for：缺少 score.json 或 index.json（reviewer 尚未完成）
[2026-08-30 02:26:19] [orchestrator] [COLLECT] 跳过 Advanced Energy Materials - 2023 - Chen - Stackable Direct Current Triboelectric‐Electromagnetic Hybrid Nanogenerator for_1：缺少 score.json 或 index.json（reviewer 尚未完成）
[2026-08-30 02:26:19] [orchestrator] [COLLECT] 跳过 Advanced Energy Materials - 2023 - Lv - High‐Performance and Durable Rotational Triboelectric Nanogenerator Leveraging：缺少 score.json 或 index.json（reviewer 尚未完成）
[2026-08-30 02:26:19] [orchestrator] [COLLECT] 跳过 Advanced Energy Materials - 2023 - Salauddin - Highly Electronegative V2CTx Silicone Nanocomposite‐Based Serpentine (1)：缺少 score.json 或 index.json（reviewer 尚未完成）
[2026-08-30 02:26:19] [orchestrator] [COLLECT] 跳过 Advanced Energy Materials - 2023 - Zhang - Multi‐Mode Vibrational Triboelectric Nanogenerator for Broadband Energy：缺少 score.json 或 index.json（reviewer 尚未完成）
[2026-08-30 02:26:19] [orchestrator] [COLLECT] 跳过 Advanced Energy Materials - 2024 - Chung - Acoustic Tunable Battery-Free Implants Based on Sustainable Triboelectric Nanogenerators：缺少 score.json 或 index.json（reviewer 尚未完成）
[2026-08-30 02:26:19] [orchestrator] [COLLECT] 跳过 Advanced Energy Materials - 2024 - Hu - A Combined Wind Harvesting and Speed Sensing System Based on Constant‐Voltage：缺少 score.json 或 index.json（reviewer 尚未完成）
[2026-08-30 02:26:19] [orchestrator] [COLLECT] 跳过 Advanced Energy Materials - 2024 - Zhu - Bladeless Wind Turbine Triboelectric Nanogenerator for Effectively Harvesting：缺少 score.json 或 index.json（reviewer 尚未完成）
[2026-08-30 02:26:19] [orchestrator] [COLLECT] 跳过 Advanced Energy Materials - 2025 - Mulvihill - How to Test Triboelectric Nanogenerators Key Factors for Standardized Performance Evaluation：缺少 score.json 或 index.json（reviewer 尚未完成）
[2026-08-30 02:26:19] [orchestrator] [COLLECT] 跳过 Advanced Energy Materials - 2025 - Zhang - Fur‐Brush Disk Triboelectric Nanogenerator Driven by Cantilever Oscillating：缺少 score.json 或 index.json（reviewer 尚未完成）
[2026-08-30 02:26:19] [orchestrator] [COLLECT] 跳过 Advanced Energy Materials - 2025 - Zhang - Fur‐Brush Disk Triboelectric Nanogenerator Driven by Cantilever Oscillating_1：缺少 score.json 或 index.json（reviewer 尚未完成）
[2026-08-30 02:26:19] [orchestrator] [COLLECT] 跳过 Advanced Materials - 2013 - Yang - A Single‐Electrode Based Triboelectric Nanogenerator as Self‐Powered Tracking System：缺少 score.json 或 index.json（reviewer 尚未完成）
[2026-08-30 02:26:19] [orchestrator] [COLLECT] 跳过 Advanced Materials - 2016 - Lai - Electric Eel‐Skin‐Inspired Mechanically Durable and Super‐Stretchable Nanogenerator for：缺少 score.json 或 index.json（reviewer 尚未完成）
[2026-08-30 02:26:19] [orchestrator] [COLLECT] 跳过 Advanced Materials - 2018 - Dong - A Stretchable Yarn Embedded Triboelectric Nanogenerator as Electronic Skin for：缺少 score.json 或 index.json（reviewer 尚未完成）
[2026-08-30 02:26:19] [orchestrator] [COLLECT] 跳过 Advanced Materials - 2018 - Lai - Actively Perceiving and Responsive Soft Robots Enabled by Self‐Powered  Highly Extensible：缺少 score.json 或 index.json（reviewer 尚未完成）
[2026-08-30 02:26:19] [orchestrator] [COLLECT] 跳过 Advanced Materials - 2021 - Su - Self‐Powered Respiration Monitoring Enabled By a Triboelectric Nanogenerator  Adv  Mater ：缺少 score.json 或 index.json（reviewer 尚未完成）
[2026-08-30 02:26:19] [orchestrator] [COLLECT] 跳过 Advanced Materials - 2021 - Yang - Self‐Powered Interactive Fiber Electronics with Visual Digital Synergies：缺少 score.json 或 index.json（reviewer 尚未完成）
[2026-08-30 02:26:19] [orchestrator] [COLLECT] 跳过 Advanced Materials - 2022 - Deng - Rationally Structured Triboelectric Nanogenerator Arrays for Harvesting Water‐Current：缺少 score.json 或 index.json（reviewer 尚未完成）
[2026-08-30 02:26:19] [orchestrator] [COLLECT] 跳过 Advanced Materials - 2022 - Lu - Wearable Triboelectric Visual Sensors for Tactile Perception：缺少 score.json 或 index.json（reviewer 尚未完成）
[2026-08-30 02:26:19] [orchestrator] [COLLECT] 跳过 Advanced Materials - 2022 - Wei - An Open‐Environment Tactile Sensing System  Toward Simple and Efficient Material：缺少 score.json 或 index.json（reviewer 尚未完成）
[2026-08-30 02:26:19] [orchestrator] [COLLECT] 跳过 Advanced Materials - 2023 - Xia - Transparent Self‐Healing Anti‐Freezing Ionogel for Monolayered Triboelectric：缺少 score.json 或 index.json（reviewer 尚未完成）
[2026-08-30 02:26:19] [orchestrator] [COLLECT] 跳过 Advanced Materials - 2025 - Chen - A Self‐Sustainable  Ultrarobust and High‐Power‐Density Triboelectric Nanogenerator for：缺少 score.json 或 index.json（reviewer 尚未完成）
[2026-08-30 02:26:19] [orchestrator] [COLLECT] 跳过 Advanced Materials - 2025 - Zheng - The Efficient and Stable Triboelectric Nanogenerator Materials Based on Electrostatic (1)：缺少 score.json 或 index.json（reviewer 尚未完成）
[2026-08-30 02:26:19] [orchestrator] [COLLECT] 跳过 Advanced Science - 2025 - Yang - Skeleton Enhanced Dispersed Lubricant Particle Based Triboelectric Nanogenerator for：缺少 score.json 或 index.json（reviewer 尚未完成）
[2026-08-30 02:26:19] [orchestrator] [COLLECT] 跳过 All-foam-intrinsic-triboelectric-static-and-dynamic-pressure-sens_2025_Nano-：缺少 score.json 或 index.json（reviewer 尚未完成）
[2026-08-30 02:26:19] [orchestrator] [COLLECT] 跳过 Amphibious-triboelectric-acoustic-sensor-for-bioacoustic-signa_2026_Nano-Ene：缺少 score.json 或 index.json（reviewer 尚未完成）
[2026-08-30 02:26:19] [orchestrator] [COLLECT] 跳过 An-on-skin-triboelectric-sensor-system-enabled-by-heterogeneous-p_2024_Nano-：缺少 score.json 或 index.json（reviewer 尚未完成）
[2026-08-30 02:26:19] [orchestrator] [COLLECT] 跳过 Basith2024_wind_Upcycling_of_Waste_Materials_for_the_Development_of_Triboelectric_Nanoge：缺少 score.json 或 index.json（reviewer 尚未完成）
[2026-08-30 02:26:19] [orchestrator] [COLLECT] 跳过 Bentonite-nanosheets-incorporated-silk-fibroin-double-network-hydr_2026_Nano：缺少 score.json 或 index.json（reviewer 尚未完成）
[2026-08-30 02:26:19] [orchestrator] [COLLECT] 跳过 Bifunctional-Silicone-NENU-5-nanocomposite-based-wearable-serpi-g_2026_Nano-：缺少 score.json 或 index.json（reviewer 尚未完成）
[2026-08-30 02:26:19] [orchestrator] [COLLECT] 跳过 Buckling-inspired-triboelectric-sensor-for-multifunctional-sensi_2024_Nano-E：缺少 score.json 或 index.json（reviewer 尚未完成）
[2026-08-30 02:26:19] [orchestrator] [COLLECT] 跳过 Chandrasekhar2024_wind_Smart_maracas_An_innovative_triboelectric_nanogenerator_for_earthquake_d：缺少 score.json 或 index.json（reviewer 尚未完成）
[2026-08-30 02:26:19] [orchestrator] [COLLECT] 跳过 Chem. Rev-Triboelectric nanogenerator as a probe for investigating charge transfer at liquid-solid interfaces：缺少 score.json 或 index.json（reviewer 尚未完成）
[2026-08-30 02:26:19] [orchestrator] [COLLECT] 跳过 Chen2026_iot_Structural_superlubricity_triboelectric_nanogenerator_with_negligible_we：缺少 score.json 或 index.json（reviewer 尚未完成）
[2026-08-30 02:26:19] [orchestrator] [COLLECT] 跳过 Clapping-triboelectric-nanogenerators-as-self-powered--frequency-_2023_Nano-：缺少 score.json 或 index.json（reviewer 尚未完成）
[2026-08-30 02:26:19] [orchestrator] [COLLECT] 跳过 Compact-hybrid-synchronous-wireless-triboelectric-sensors-for-ta_2026_Nano-E：缺少 score.json 或 index.json（reviewer 尚未完成）
[2026-08-30 02:26:19] [orchestrator] [COLLECT] 跳过 Deep-learning-enhanced-safety-system-for-real-time-in-situ-blade_2025_Nano-E：缺少 score.json 或 index.json（reviewer 尚未完成）
[2026-08-30 02:26:19] [orchestrator] [COLLECT] 跳过 Dual-mode-triboelectric-encoder-based-high-precision-liquid-leve_2025_Nano-E：缺少 score.json 或 index.json（reviewer 尚未完成）
[2026-08-30 02:26:19] [orchestrator] [COLLECT] 跳过 Dual-nano-micro-tip-array-based-liquid-solid-interface-for-ultra_2025_Nano-E：缺少 score.json 或 index.json（reviewer 尚未完成）
[2026-08-30 02:26:19] [orchestrator] [COLLECT] 跳过 Dynamic-charge-balanced-multi-layer-noncontact-triboelectric-nanog_2026_Nano：缺少 score.json 或 index.json（reviewer 尚未完成）
[2026-08-30 02:26:19] [orchestrator] [COLLECT] 跳过 Dynamic-keystroke-password-recognition-based-on-piezoelectric-trib_2025_Nano：缺少 score.json 或 index.json（reviewer 尚未完成）
[2026-08-30 02:26:19] [orchestrator] [COLLECT] 跳过 Eco-friendly-triboelectric-nanogenerator-for-self-powering-stacke_2024_Nano-：缺少 score.json 或 index.json（reviewer 尚未完成）
[2026-08-30 02:26:19] [orchestrator] [COLLECT] 跳过 Electrical-double-layer-dynamics-regulation-for-maximized-electrosta_2026_Jo：缺少 score.json 或 index.json（reviewer 尚未完成）
[2026-08-30 02:26:19] [orchestrator] [COLLECT] 跳过 Enhancing-self-induced-polarization-of-PVDF-based-triboelectric-f_2024_Nano-：缺少 score.json 或 index.json（reviewer 尚未完成）
[2026-08-30 02:26:19] [orchestrator] [COLLECT] 跳过 Enhancing-the-accuracy-of-triboelectric-sensor-based-on-triboele_2025_Nano-E：缺少 score.json 或 index.json（reviewer 尚未完成）
[2026-08-30 02:26:19] [orchestrator] [COLLECT] 跳过 Flexible-arrayed-triboelectric-pressure-sensor-with-PDMS-CNT-CB-v_2026_Nano-：缺少 score.json 或 index.json（reviewer 尚未完成）
[2026-08-30 02:26:19] [orchestrator] [COLLECT] 跳过 Flexible-magnet-Fe-layers-based-triboelectric-sensors-for-continu_2025_Nano-：缺少 score.json 或 index.json（reviewer 尚未完成）
[2026-08-30 02:26:19] [orchestrator] [COLLECT] 跳过 Fountain-inspired-triboelectric-nanogenerator-as-rotary-energy-h_2025_Nano-E：缺少 score.json 或 index.json（reviewer 尚未完成）
[2026-08-30 02:26:19] [orchestrator] [COLLECT] 跳过 From-anti-counterfeit-polymer-materials-to-dual-mode-visualizati_2025_Nano-E：缺少 score.json 或 index.json（reviewer 尚未完成）
[2026-08-30 02:26:19] [orchestrator] [COLLECT] 跳过 Gao2024_aviation_Microdroplet_splitting_and_mixing_by_portable_triboelectric_nanogenerato：缺少 score.json 或 index.json（reviewer 尚未完成）
[2026-08-30 02:26:19] [orchestrator] [COLLECT] 跳过 Gao2024_aviation_Spontaneously_established_reverse_electric_field_to_enhance_the_performa：缺少 score.json 或 index.json（reviewer 尚未完成）
[2026-08-30 02:26:19] [orchestrator] [COLLECT] 跳过 Gbadam2025_space_Direct_current_generation_in_triboelectric_nanogenerators_through_ionic：缺少 score.json 或 index.json（reviewer 尚未完成）
[2026-08-30 02:26:19] [orchestrator] [COLLECT] 跳过 Grease-lubricated-triboelectric-instantaneous-angular-speed-senso_2023_Nano-：缺少 score.json 或 index.json（reviewer 尚未完成）
[2026-08-30 02:26:19] [orchestrator] [COLLECT] 跳过 Guo2026_biomedical_A_fully_degradable_triboelectric_vagus_nerve_stimulator_for_attenuating：缺少 score.json 或 index.json（reviewer 尚未完成）
[2026-08-30 02:26:19] [orchestrator] [COLLECT] 跳过 Han2025_motion_Monolithically_integrated_ionic_triboelectric_nanogenerators_for_deforma：缺少 score.json 或 index.json（reviewer 尚未完成）
[2026-08-30 02:26:19] [orchestrator] [COLLECT] 跳过 Hao2024_space_Enhancing_output_performance_of_triboelectric_nanogenerator_by_increasin：缺少 score.json 或 index.json（reviewer 尚未完成）
[2026-08-30 02:26:19] [orchestrator] [COLLECT] 跳过 Hao2024_wearable_Triboelectric_nanogenerator_based_on_changing_the_nanomorphology_of_poly：缺少 score.json 或 index.json（reviewer 尚未完成）
[2026-08-30 02:26:19] [orchestrator] [COLLECT] 跳过 High-sensitivity-and-high-resolution-triboelectric-acoustic-sens_2025_Nano-E：缺少 score.json 或 index.json（reviewer 尚未完成）
[2026-08-30 02:26:19] [orchestrator] [COLLECT] 跳过 Highly-sensitive--absolute-and-self-powered-triboelectric-angul_2025_Nano-En：缺少 score.json 或 index.json（reviewer 尚未完成）
[2026-08-30 02:26:19] [orchestrator] [COLLECT] 跳过 InfoMat-Advanced Handwriting Identification- Triboelectric Sensor Array Integrating with Deep Learning Towards High Information Security：缺少 score.json 或 index.json（reviewer 尚未完成）
[2026-08-30 02:26:19] [orchestrator] [COLLECT] 跳过 InfoMat-Miniaturized and cost-effective self-powered triboelectric sensing system towards rapid detection of Puerarin concentration：缺少 score.json 或 index.json（reviewer 尚未完成）
[2026-08-30 02:26:19] [orchestrator] [COLLECT] 跳过 Innovative-smart-gloves-with-Phalanges-based-triboelectric-sensor_2025_Nano-：缺少 score.json 或 index.json（reviewer 尚未完成）
[2026-08-30 02:26:19] [orchestrator] [COLLECT] 跳过 Intelligent-triboelectric-sensor-for-rapid-detecting-of-oil-m_2026_Nano-Ener：缺少 score.json 或 index.json（reviewer 尚未完成）
[2026-08-30 02:26:19] [orchestrator] [COLLECT] 跳过 Interdisciplinary Materials-High-performance triboelectric nanogenerator based on a double-spiral zigzag-origami structure for continuous sensing and signal transmission in marine environment：缺少 score.json 或 index.json（reviewer 尚未完成）
[2026-08-30 02:26:19] [orchestrator] [COLLECT] 跳过 Investigating-superior-performance-by-configuring-bimetallic-elect_2024_Nano：缺少 score.json 或 index.json（reviewer 尚未完成）
[2026-08-30 02:26:19] [orchestrator] [COLLECT] 跳过 JACS-Triboelectric spectroscopy for in-situ chemical analysis of liquids：缺少 score.json 或 index.json（reviewer 尚未完成）
[2026-08-30 02:26:19] [orchestrator] [COLLECT] 跳过 Jiang2022_space_Ion_rectification_based_on_gel_polymer_electrolyte_ionic_diode：缺少 score.json 或 index.json（reviewer 尚未完成）
[2026-08-30 02:26:19] [orchestrator] [COLLECT] 跳过 Jung2023_marine_Self_powered_ocean_buoy_using_a_disk_type_triboelectric_nanogenerator_wi：缺少 score.json 或 index.json（reviewer 尚未完成）
[2026-08-30 02:26:19] [orchestrator] [COLLECT] 跳过 Karabiber2024_smarttextile_Dielectric_size_optimization_for_high_power_density_in_large_scale_tribo：缺少 score.json 或 index.json（reviewer 尚未完成）
[2026-08-30 02:26:19] [orchestrator] [COLLECT] 跳过 Keel2023_tactile_Three_dimensional_graphene_foam_based_triboelectric_nanogenerators_for_e：缺少 score.json 或 index.json（reviewer 尚未完成）
[2026-08-30 02:26:19] [orchestrator] [COLLECT] 跳过 Kovalska2026_acoustic_Multifunctional_energy_autonomous_textile_sensors_enabled_by_spray_coate：缺少 score.json 或 index.json（reviewer 尚未完成）
[2026-08-30 02:26:19] [orchestrator] [COLLECT] 跳过 Lee2024_wind_Integrated_triboelectric_nanogenerator_and_radiative_cooler_for_all_weat：缺少 score.json 或 index.json（reviewer 尚未完成）
[2026-08-30 02:26:19] [orchestrator] [COLLECT] 跳过 Li2022_wind_Filling_the_gap_between_topological_insulator_nanomaterials_and_triboele：缺少 score.json 或 index.json（reviewer 尚未完成）
[2026-08-30 02:26:19] [orchestrator] [COLLECT] 跳过 Li2024_aviation_Triboiontronics_with_temporal_control_of_electrical_double_layer_formati：缺少 score.json 或 index.json（reviewer 尚未完成）
[2026-08-30 02:26:19] [orchestrator] [COLLECT] 跳过 Li2024_robotics_Visualization_and_standardized_quantification_of_surface_charge_density：缺少 score.json 或 index.json（reviewer 尚未完成）
[2026-08-30 02:26:19] [orchestrator] [COLLECT] 跳过 Li2025_aviation_A_self_powered_soft_triboelectric_electrohydrodynamic_pump：缺少 score.json 或 index.json（reviewer 尚未完成）
[2026-08-30 02:26:19] [orchestrator] [COLLECT] 跳过 Liu2022_energyharv_Fabrication_of_triboelectric_polymer_films_via_repeated_rheological_forg：缺少 score.json 或 index.json（reviewer 尚未完成）
[2026-08-30 02:26:19] [orchestrator] [COLLECT] 跳过 Liu2022_wearable_Self_powered_high_sensitivity_all_in_one_vertical_tribo_transistor_devic：缺少 score.json 或 index.json（reviewer 尚未完成）
[2026-08-30 02:26:19] [orchestrator] [COLLECT] 跳过 Liu2022_wind_Standardized_measurement_of_dielectric_materials_intrinsic_triboelectric：缺少 score.json 或 index.json（reviewer 尚未完成）
[2026-08-30 02:26:19] [orchestrator] [COLLECT] 跳过 Liu2022_wind_Touchless_interactive_teaching_of_soft_robots_through_flexible_bimodal_s：缺少 score.json 或 index.json（reviewer 尚未完成）
[2026-08-30 02:26:19] [orchestrator] [COLLECT] 跳过 Liu2025_aviation_Self_powered_sensing_platform_based_on_triboelectric_nanogenerators_towa：缺少 score.json 或 index.json（reviewer 尚未完成）
[2026-08-30 02:26:19] [orchestrator] [COLLECT] 跳过 Liu2025_iot_Field_emission_effect_in_triboelectric_nanogenerators：缺少 score.json 或 index.json（reviewer 尚未完成）
[2026-08-30 02:26:19] [orchestrator] [COLLECT] 跳过 Liu2025_wearable_Triboelectric_tactile_sensor_for_pressure_and_temperature_sensing_in_hig：缺少 score.json 或 index.json（reviewer 尚未完成）
[2026-08-30 02:26:19] [orchestrator] [COLLECT] 跳过 Lotus-leaf-inspired-triboelectric-sensor-for-detecting-seismic_2025_Nano-Ene：缺少 score.json 或 index.json（reviewer 尚未完成）
[2026-08-30 02:26:19] [orchestrator] [COLLECT] 跳过 Lu2022_marine_Liquid_liquid_triboelectric_nanogenerator_based_on_the_immiscible_interf：缺少 score.json 或 index.json（reviewer 尚未完成）
[2026-08-30 02:26:19] [orchestrator] [COLLECT] 跳过 Lu2024_aviation_Magnetic_assisted_self_powered_vehicle_motion_sensor_based_on_triboelect：缺少 score.json 或 index.json（reviewer 尚未完成）
[2026-08-30 02:26:19] [orchestrator] [COLLECT] 跳过 MRS Bull-Nanogenerators- A foundation for high-entropy energy and sensing systems：缺少 score.json 或 index.json（reviewer 尚未完成）
[2026-08-30 02:26:19] [orchestrator] [COLLECT] 跳过 MRS Bulletin-Triboelectric nanogenerators as a probe for studying charge transfer at liquid-solid interface：缺少 score.json 或 index.json（reviewer 尚未完成）
[2026-08-30 02:26:19] [orchestrator] [COLLECT] 跳过 Magnetic-repulsion-assisted-hybrid-breeze-wind-energy-harvester-wit_2025_Nan：缺少 score.json 或 index.json（reviewer 尚未完成）
[2026-08-30 02:26:19] [orchestrator] [COLLECT] 跳过 Materials Today-Fully sprayed triboelectric-piezoresistive hybrid sensor for intelligent sports analytics：缺少 score.json 或 index.json（reviewer 尚未完成）
[2026-08-30 02:26:19] [orchestrator] [COLLECT] 跳过 Mica-nylon-composite-nanofiber-film-based-wearable-triboelectri_2024_Nano-En：缺少 score.json 或 index.json（reviewer 尚未完成）
[2026-08-30 02:26:19] [orchestrator] [COLLECT] 跳过 Mondal2024_wind_CsPbI_sub_3_sub_PVDF_Composite_Based_Multimode_Hybrid_Piezo_Triboelectri：缺少 score.json 或 index.json（reviewer 尚未完成）
[2026-08-30 02:26:19] [orchestrator] [COLLECT] 跳过 Monolithic-thermodielectric-enhanced-triboelectric-sensor-for-au_2026_Nano-E：缺少 score.json 或 index.json（reviewer 尚未完成）
[2026-08-30 02:26:19] [orchestrator] [COLLECT] 跳过 Multi-degree-of-freedom--semi-flexible--embedded-biomimetic-tail-f_2026_Nano：缺少 score.json 或 index.json（reviewer 尚未完成）
[2026-08-30 02:26:19] [orchestrator] [COLLECT] 跳过 Multi-scale-interlocked-PDMS-PDMS-CB-triboelectric-tactile-sensor_2026_Nano-：缺少 score.json 或 index.json（reviewer 尚未完成）
[2026-08-30 02:26:19] [orchestrator] [COLLECT] 跳过 Nano Energy-A multi-dimensional tactile perception system based on triboelectric sensors- towards intelligent sorting without seeing：缺少 score.json 或 index.json（reviewer 尚未完成）
[2026-08-30 02:26:19] [orchestrator] [COLLECT] 跳过 Nano Energy-Emerging sensing systems based on triboelectric nanogenerator：缺少 score.json 或 index.json（reviewer 尚未完成）
[2026-08-30 02:26:19] [orchestrator] [COLLECT] 跳过 Nano Energy-Gate-Coupling-Enhanced Triboelectric-Triggered Proximity Sensory Memory in Ferroelectric Heterostructure：缺少 score.json 或 index.json（reviewer 尚未完成）
[2026-08-30 02:26:19] [orchestrator] [COLLECT] 跳过 Nano Energy-Innovative smart gloves with Phalanges-based triboelectric sensors as a dexterous teaching interface for Embodied Artificial Intelligence：缺少 score.json 或 index.json（reviewer 尚未完成）
[2026-08-30 02:26:19] [orchestrator] [COLLECT] 跳过 Nano Energy-Intelligent triboelectric sensor for rapid detecting of oil mixed in water：缺少 score.json 或 index.json（reviewer 尚未完成）
[2026-08-30 02:26:19] [orchestrator] [COLLECT] 跳过 Nano Energy-Machine Learning Enhanced Rigiflex Pillar-Membrane Triboelectric Nanogenerator for Universal Stereoscopic Recognition：缺少 score.json 或 index.json（reviewer 尚未完成）
[2026-08-30 02:26:19] [orchestrator] [COLLECT] 跳过 Nano Energy-Monolithic thermodielectric-enhanced triboelectric sensor for autonomous safety monitoring in underground engineering：缺少 score.json 或 index.json（reviewer 尚未完成）
[2026-08-30 02:26:19] [orchestrator] [COLLECT] 跳过 Nano Energy-Probing Leidenfrost effect via contact electrification：缺少 score.json 或 index.json（reviewer 尚未完成）
[2026-08-30 02:26:19] [orchestrator] [COLLECT] 跳过 Nano Letters-Flexible Tactile Sensors for 3D Force Detection：缺少 score.json 或 index.json（reviewer 尚未完成）
[2026-08-30 02:26:19] [orchestrator] [COLLECT] 跳过 Nano Today-A tightly coupled electromagnetic-triboelectric hybrid generator for wind energy harvesting and environmental monitoring：缺少 score.json 或 index.json（reviewer 尚未完成）
[2026-08-30 02:26:19] [orchestrator] [COLLECT] 跳过 Nat. Commun-Probing Electrical Double Layer via Triboelectric Charge Transfer：缺少 score.json 或 index.json（reviewer 尚未完成）
[2026-08-30 02:26:19] [orchestrator] [COLLECT] 跳过 Nat. Sensor-A Fully Self-Powered Triboelectric Wireless Sensor for Robotic Arm Control via Efficient Electromagnetic Induction：缺少 score.json 或 index.json（reviewer 尚未完成）
[2026-08-30 02:26:19] [orchestrator] [COLLECT] 跳过 Octopus-inspired-soft-gripper-with-embedded-triboelectric-tactil_2025_Nano-E：缺少 score.json 或 index.json（reviewer 尚未完成）
[2026-08-30 02:26:19] [orchestrator] [COLLECT] 跳过 Origami-structured-triboelectric-nanogenerator-for-energy-and-infor_2026_Jou：缺少 score.json 或 index.json（reviewer 尚未完成）
[2026-08-30 02:26:19] [orchestrator] [COLLECT] 跳过 Pan2024_aviation_Self_powered_and_speed_adjustable_sensor_for_abyssal_ocean_current_measu：缺少 score.json 或 index.json（reviewer 尚未完成）
[2026-08-30 02:26:19] [orchestrator] [COLLECT] 跳过 Qiu2024_wearable_E_cardiac_patch_to_sense_and_repair_infarcted_myocardium：缺少 score.json 或 index.json（reviewer 尚未完成）
[2026-08-30 02:26:19] [orchestrator] [COLLECT] 跳过 Rapid-response-hybrid-piezo-triboelectric-pressure-sensor-using-a_2025_Nano-：缺少 score.json 或 index.json（reviewer 尚未完成）
[2026-08-30 02:26:19] [orchestrator] [COLLECT] 跳过 Ren2024_aviation_High_performance_press_driven_triboelectric_nanogenerator_based_on_a_gea：缺少 score.json 或 index.json（reviewer 尚未完成）
[2026-08-30 02:26:19] [orchestrator] [COLLECT] 跳过 Revolutionizing-energy-harvesting--Eco-friendly-and-adaptable-trib_2024_Nano：缺少 score.json 或 index.json（reviewer 尚未完成）
[2026-08-30 02:26:19] [orchestrator] [COLLECT] 跳过 Scalable-manufacturing-of-self-powered-embroidered-triboelectric_2026_Nano-E：缺少 score.json 或 index.json（reviewer 尚未完成）
[2026-08-30 02:26:19] [orchestrator] [COLLECT] 跳过 Sci. Adv-A wearable triboelectric impedance tomography system for non-invasive and dynamic imaging of biological tissues：缺少 score.json 或 index.json（reviewer 尚未完成）
[2026-08-30 02:26:19] [orchestrator] [COLLECT] 跳过 Sci. Adv.-Self-powered visualized tactile-acoustic sensor for accurate artificial perception with high brightness and record-low detection limit：缺少 score.json 或 index.json（reviewer 尚未完成）
[2026-08-30 02:26:19] [orchestrator] [COLLECT] 跳过 Science Advances-Self-Powered Visualized Tactile-Acoustic Sensor for High-Accuracy Artificial Perception with High Brightness and Record-Low Detection Limit：缺少 score.json 或 index.json（reviewer 尚未完成）
[2026-08-30 02:26:19] [orchestrator] [COLLECT] 跳过 Science Advances-Triboelectric nanogenerator for high-entropy energy self-powered sensors and popular education：缺少 score.json 或 index.json（reviewer 尚未完成）
[2026-08-30 02:26:19] [orchestrator] [COLLECT] 跳过 Science Bulletin-Over 200 times current enhancement via buckling triboelectric nanogenerator at ultra-low speed for monitoring the swelling of lithium ion batteries：缺少 score.json 或 index.json（reviewer 尚未完成）
[2026-08-30 02:26:19] [orchestrator] [COLLECT] 跳过 Self-powered-flexible-force-sensing-sensor-based-on-triboelectric-_2025_Nano：缺少 score.json 或 index.json（reviewer 尚未完成）
[2026-08-30 02:26:19] [orchestrator] [COLLECT] 跳过 Self-powered-optical-triboelectric-sensor-for-remote-vibratio_2025_Nano-Ener：缺少 score.json 或 index.json（reviewer 尚未完成）
[2026-08-30 02:26:19] [orchestrator] [COLLECT] 跳过 Self-powered-triboelectric-sensor-based-on-a-carbon-fiber-glass-f_2024_Nano-：缺少 score.json 或 index.json（reviewer 尚未完成）
[2026-08-30 02:26:19] [orchestrator] [COLLECT] 跳过 Self-powered-wideband-ultrasonic-sensor-based-on-capacitive-triboe_2025_Nano：缺少 score.json 或 index.json（reviewer 尚未完成）
[2026-08-30 02:26:19] [orchestrator] [COLLECT] 跳过 Self-retracting-triboelectric-electromagnetic-hybrid-sensor-for-_2025_Nano-E：缺少 score.json 或 index.json（reviewer 尚未完成）
[2026-08-30 02:26:19] [orchestrator] [COLLECT] 跳过 Shakibi2025_wearable_Aesthetic_wire_free_and_bioresorbable_dermal_tattoo_TENG_system_for_self：缺少 score.json 或 index.json（reviewer 尚未完成）
[2026-08-30 02:26:19] [orchestrator] [COLLECT] 跳过 Shao2024_wind_Large_area_untethered_metamorphic_and_omnidirectionally_stretchable_mult：缺少 score.json 或 index.json（reviewer 尚未完成）
[2026-08-30 02:26:19] [orchestrator] [COLLECT] 跳过 Small-Bioinspired Omnidirectional Iontronic Sensors Based on Triboelectric Charge：缺少 score.json 或 index.json（reviewer 尚未完成）
[2026-08-30 02:26:19] [orchestrator] [COLLECT] 跳过 Small-Feature-Reinforced Strategy for Enhancing the Accuracy of Triboelectric Vibration Sensing Toward Mechanical Equipment Monitoring：缺少 score.json 或 index.json（reviewer 尚未完成）
[2026-08-30 02:26:19] [orchestrator] [COLLECT] 跳过 Small-Interface Charge Transfer Mapping for In Situ Monitoring of Contamination in Liquid Food：缺少 score.json 或 index.json（reviewer 尚未完成）
[2026-08-30 02:26:19] [orchestrator] [COLLECT] 跳过 Small-Wireless self-powered triboelectric-based sensor for real-time quantitative monitoring of gas-liquid mixed flow：缺少 score.json 或 index.json（reviewer 尚未完成）
[2026-08-30 02:26:19] [orchestrator] [COLLECT] 跳过 Smart-ping-pong-paddle-with-triboelectric-self-powered-wirele_2024_Nano-Ener：缺少 score.json 或 index.json（reviewer 尚未完成）
[2026-08-30 02:26:19] [orchestrator] [COLLECT] 跳过 Strain-insensitive-stretchable-triboelectric-tactile-sensors-vi_2025_Nano-En：缺少 score.json 或 index.json（reviewer 尚未完成）
[2026-08-30 02:26:19] [orchestrator] [COLLECT] 跳过 Subbotina2022_space_Aqueous_synthesis_of_highly_functional_hydrophobic_and_chemically_recycl：缺少 score.json 或 index.json（reviewer 尚未完成）
[2026-08-30 02:26:19] [orchestrator] [COLLECT] 跳过 Sun2025_wind_Impedance_decoupling_strategy_to_enhance_the_real_time_powering_performa：缺少 score.json 或 index.json（reviewer 尚未完成）
[2026-08-30 02:26:19] [orchestrator] [COLLECT] 跳过 Tan2024_tactile_Self_powered_tactile_sensor_for_real_time_recognition_of_Morse_code_base：缺少 score.json 或 index.json（reviewer 尚未完成）
[2026-08-30 02:26:19] [orchestrator] [COLLECT] 跳过 Tang2025_aviation_Rattle_drum_inspired_triboelectric_nanogenerator_with_enhanced_output_us：缺少 score.json 或 index.json（reviewer 尚未完成）
[2026-08-30 02:26:19] [orchestrator] [COLLECT] 跳过 Tao2025_wind_Electro_spun_nanofibers_based_triboelectric_nanogenerators_in_wearable_e：缺少 score.json 或 index.json（reviewer 尚未完成）
[2026-08-30 02:26:19] [orchestrator] [COLLECT] 跳过 Thermal-stable-cordierite-embedded-polyimide-based-triboelectric-_2025_Nano-：缺少 score.json 或 index.json（reviewer 尚未完成）
[2026-08-30 02:26:19] [orchestrator] [COLLECT] 跳过 Triboelectric-induced-abnormal-tribovoltaic-effect-at-the-metal-Ga_2026_Joul：缺少 score.json 或 index.json（reviewer 尚未完成）
[2026-08-30 02:26:19] [orchestrator] [COLLECT] 跳过 Triboelectric-nanogenerator-powering-piezoresistive-cement-based-_2025_Nano-：缺少 score.json 或 index.json（reviewer 尚未完成）
[2026-08-30 02:26:19] [orchestrator] [COLLECT] 跳过 Triboelectric-nanogenerator-sensors-based-trans-media-motion-moni_2025_Nano-：缺少 score.json 或 index.json（reviewer 尚未完成）
[2026-08-30 02:26:19] [orchestrator] [COLLECT] 跳过 Triboelectric-sensor-for-mid-frequency-acoustic-signals-detect_2025_Nano-Ene：缺少 score.json 或 index.json（reviewer 尚未完成）
[2026-08-30 02:26:19] [orchestrator] [COLLECT] 跳过 Ultra-stretchable-and-anti-freezing-ionic-conductive-hydrogels-as-_2024_Nano：缺少 score.json 或 index.json（reviewer 尚未完成）
[2026-08-30 02:26:19] [orchestrator] [COLLECT] 跳过 Ultra-wide-frequency-response-and-high-resolution-triboelectric-a_2025_Nano-：缺少 score.json 或 index.json（reviewer 尚未完成）
[2026-08-30 02:26:19] [orchestrator] [COLLECT] 跳过 Using-deep-learning-and-an-annular-triboelectric-sensor-for-mon_2025_Nano-En：缺少 score.json 或 index.json（reviewer 尚未完成）
[2026-08-30 02:26:19] [orchestrator] [COLLECT] 跳过 Wang2024_wind_A_rolling_mode_triboelectric_nanogenerator_with_multi_tunnel_grating_ele：缺少 score.json 或 index.json（reviewer 尚未完成）
[2026-08-30 02:26:19] [orchestrator] [COLLECT] 跳过 Wang2024_wind_Contact_electro_catalytic_CO2_reduction_from_ambient_air：缺少 score.json 或 index.json（reviewer 尚未完成）
[2026-08-30 02:26:19] [orchestrator] [COLLECT] 跳过 Waterproof-membrane-cavity-membrane-triboelectric-acoustic-sensor_2026_Nano-：缺少 score.json 或 index.json（reviewer 尚未完成）
[2026-08-30 02:26:19] [orchestrator] [COLLECT] 跳过 Wei2022_biomedical_Flexible_iontronics_based_on_2D_nanofluidic_material：缺少 score.json 或 index.json（reviewer 尚未完成）
[2026-08-30 02:26:19] [orchestrator] [COLLECT] 跳过 Wireless-passive-sensor-design-based-on-a-highly-stable-triboelec_2025_Nano-：缺少 score.json 或 index.json（reviewer 尚未完成）
[2026-08-30 02:26:19] [orchestrator] [COLLECT] 跳过 Wu2024_wind_Efficient_energy_conversion_mechanism_and_energy_storage_strategy_for_tr：缺少 score.json 或 index.json（reviewer 尚未完成）
[2026-08-30 02:26:19] [orchestrator] [COLLECT] 跳过 Xia2023_marine_Metallic_glass_based_triboelectric_nanogenerators：缺少 score.json 或 index.json（reviewer 尚未完成）
[2026-08-30 02:26:19] [orchestrator] [COLLECT] 跳过 Xu2022_aviation_A_bio_inspired_and_self_powered_triboelectric_tactile_sensor_for_underwa：缺少 score.json 或 index.json（reviewer 尚未完成）
[2026-08-30 02:26:19] [orchestrator] [COLLECT] 跳过 Xu2022_space_Van_der_Waals_force_induced_intralayer_ferroelectric_to_antiferroelectri：缺少 score.json 或 index.json（reviewer 尚未完成）
[2026-08-30 02:26:19] [orchestrator] [COLLECT] 跳过 Xu2025_wind_Integrating_machine_learning_with_triboelectric_nanogenerators_Optimizin：缺少 score.json 或 index.json（reviewer 尚未完成）
[2026-08-30 02:26:19] [orchestrator] [COLLECT] 跳过 Yang2022_iot_Improved_pharmacodynamics_of_epidermal_growth_factor_via_microneedles_ba：缺少 score.json 或 index.json（reviewer 尚未完成）
[2026-08-30 02:26:19] [orchestrator] [COLLECT] 跳过 Yang2025_wind_Skeleton_enhanced_droplet_energy_harvesting：缺少 score.json 或 index.json（reviewer 尚未完成）
[2026-08-30 02:26:19] [orchestrator] [COLLECT] 跳过 Zhang2022_wind_Bioinspired_asymmetric_amphiphilic_surface_for_triboelectric_enhanced_ef：缺少 score.json 或 index.json（reviewer 尚未完成）
[2026-08-30 02:26:19] [orchestrator] [COLLECT] 跳过 Zhang2023_iot_Discharge_domains_regulation_and_dynamic_processes_of_direct_current_tri：缺少 score.json 或 index.json（reviewer 尚未完成）
[2026-08-30 02:26:19] [orchestrator] [COLLECT] 跳过 Zhang2024_biomedical_Self_powered_triboelectric_responsive_microneedles_with_controllable_rel：缺少 score.json 或 index.json（reviewer 尚未完成）
[2026-08-30 02:26:19] [orchestrator] [COLLECT] 跳过 Zhang2024_wind_Cellulose_nanofiber_mediated_manifold_dynamic_synergy_enabling_adhesive：缺少 score.json 或 index.json（reviewer 尚未完成）
[2026-08-30 02:26:19] [orchestrator] [COLLECT] 跳过 Zhao2022_iot_Underwater_wireless_communication_via_TENG_generated_Maxwell_s_displacem：缺少 score.json 或 index.json（reviewer 尚未完成）
[2026-08-30 02:26:19] [orchestrator] [COLLECT] 跳过 Zhao2025_acoustic_A_pendulum_based_nanogenerator_for_high_entropy_wave_energy_harvesting：缺少 score.json 或 index.json（reviewer 尚未完成）
[2026-08-30 02:26:19] [orchestrator] [COLLECT] 跳过 Zhou2024_acoustic_Sound_frequency_sensitive_triboelectric_nanogenerator_for_multi_function：缺少 score.json 或 index.json（reviewer 尚未完成）
[2026-08-30 02:26:19] [orchestrator] [COLLECT] 跳过 Zhu2026_wind_Effective_wind_energy_harvesting_by_a_triboelectric_electromagnetic_hybr：缺少 score.json 或 index.json（reviewer 尚未完成）
[2026-08-30 02:26:19] [orchestrator] [COLLECT] 跳过 acoustic_NanoEnergy2024_Gao_High_Bandwidth_Self：缺少 score.json 或 index.json（reviewer 尚未完成）
[2026-08-30 02:26:19] [orchestrator] [COLLECT] 跳过 biomedical_BiosensorsAnd2025_Cho_Implantable_Multilayer_Interdigitated：缺少 score.json 或 index.json（reviewer 尚未完成）
[2026-08-30 02:26:19] [orchestrator] [COLLECT] 跳过 chemical_NanoEnergy2023_Yu_Dual_Mode_Sensor：缺少 score.json 或 index.json（reviewer 尚未完成）
[2026-08-30 02:26:19] [orchestrator] [COLLECT] 跳过 eScience-Bioinspired Triboelectric-driven Multisensory Framework with Autonomous Cross-modal Adaptation：缺少 score.json 或 index.json（reviewer 尚未完成）
[2026-08-30 02:26:19] [orchestrator] [COLLECT] 跳过 hmi_NanoEnergy2024_Wang_Flexible_Triboelectric_Sensor：缺少 score.json 或 index.json（reviewer 尚未完成）
[2026-08-30 02:26:19] [orchestrator] [COLLECT] 跳过 iot_NanoEnergy2024_Feng_Novel_Self_Powered：缺少 score.json 或 index.json（reviewer 尚未完成）
[2026-08-30 02:26:19] [orchestrator] [COLLECT] [QUALIFIED] iot_NanoEnergy2025_Zhang_Real_Time_Self | score=4.85 | subcat=iot | qa=11题 (BK1=1 | BK2=1 | BK3=1 | BK4=1 | DG1=1 | DG2=1 | DG3=1 | RP1=1 | RP2=1 | RP3=1 | RP4=1) -> papers/qualified/iot/iot_NanoEnergy2025_Zhang_Real_Time_Self
[2026-08-30 02:26:19] [orchestrator] [COLLECT] 跳过 marine_NatComm2026_Huang_Bubble_Burst_Induced：无 .complete 标记（reviewer 仍在出题）
[2026-08-30 02:26:19] [orchestrator] [COLLECT] 跳过 motion_NanoEnergy2024_Sun_Machine_Learning_Coupled：缺少 score.json 或 index.json（reviewer 尚未完成）
[2026-08-30 02:26:19] [orchestrator] [COLLECT] 跳过 nn2c11633：缺少 score.json 或 index.json（reviewer 尚未完成）
[2026-08-30 02:26:19] [orchestrator] [COLLECT] 跳过 nn2c11633_si_001：缺少 score.json 或 index.json（reviewer 尚未完成）
[2026-08-30 02:26:19] [orchestrator] [COLLECT] [QUALIFIED] robotics_NanoEnergy2024_Xiao_Multi_Dimensional_Tactile | score=4.85 | subcat=robotics | qa=11题 (BK1=1 | BK2=1 | BK3=1 | BK4=1 | DG1=1 | DG2=1 | DG3=1 | RP1=1 | RP2=1 | RP3=1 | RP4=1) -> papers/qualified/robotics/robotics_NanoEnergy2024_Xiao_Multi_Dimensional_Tactile
[2026-08-30 02:26:19] [orchestrator] [COLLECT] 跳过 tactile_AcsSensors2024_Huang_Human_Friendly_Self：缺少 score.json 或 index.json（reviewer 尚未完成）
[2026-08-30 02:26:19] [orchestrator] [COLLECT] 跳过 tactile_NanoEnergy2023_Seo_Rationally_Designed_Micropixelation：缺少 score.json 或 index.json（reviewer 尚未完成）
[2026-08-30 02:26:19] [orchestrator] [COLLECT] 跳过 tactile_NanoEnergy2024_Wang_Enhancing_Recognition_Accuracy：缺少 score.json 或 index.json（reviewer 尚未完成）
[2026-08-30 02:26:19] [orchestrator] [COLLECT] 跳过 wearable_NanoEnergy2023_Han_Self_Powered_Slippery：缺少 score.json 或 index.json（reviewer 尚未完成）
[2026-08-30 02:26:19] [orchestrator] [COLLECT] 跳过 wearable_NanoEnergy2023_He_Mechanoreceptor_Inspired_Ear：缺少 score.json 或 index.json（reviewer 尚未完成）
[2026-08-30 02:26:19] [orchestrator] [COLLECT] 跳过 wearable_NanoEnergy2023_He_Mechanoreceptor_Inspired_Ear__dup1：缺少 score.json 或 index.json（reviewer 尚未完成）
[2026-08-30 02:26:19] [orchestrator] [COLLECT] 跳过 wearable_NanoEnergy2023_Mao_Health_Monitoring_System：缺少 score.json 或 index.json（reviewer 尚未完成）
[2026-08-30 02:26:19] [orchestrator] [COLLECT] 完成：qualified=2 rejected=0 skipped=227
[2026-08-30 02:26:19] [orchestrator] [UPDATE] phase 保持：screening（inbox=0 cache=227）
[2026-08-30 02:26:19] [orchestrator] [UPDATE] master.json 已写入：phase=screening
[2026-08-30 02:33:59] [reviewer] [PAPER_ID] 生成 paper_id：wearable_NanoEnergy2026_Liu_Self_Powered_Wearable
[2026-08-30 02:33:59] [reviewer] [PAPER_ID]   subcategory=wearable venue=Nano Energy date=2026-02 authors=['Kang Liu'] title=A self-powered wearable structured foam built-in electrode t
[2026-08-30 02:33:59] [reviewer] [PAPER_ID] PDF 重命名：A-self-powered-wearable-structured-foam-built-in-electrode-triboel_2026_Nano.pdf -> wearable_NanoEnergy2026_Liu_Self_Powered_Wearable.pdf
[2026-08-30 02:33:59] [reviewer] [PAPER_ID] 目录重命名：A-self-powered-wearable-structured-foam-built-in-electrode-triboel_2026_Nano -> wearable_NanoEnergy2026_Liu_Self_Powered_Wearable
[2026-08-30 02:33:59] [reviewer] [PAPER_ID] 完成：wearable_NanoEnergy2026_Liu_Self_Powered_Wearable
[2026-08-30 02:34:36] [reviewer] [PAPER_ID] 生成 paper_id：hmi_NanoEnergy2025_Yan_Wearable_Sign_Language
[2026-08-30 02:34:36] [reviewer] [PAPER_ID]   subcategory=hmi venue=Nano Energy date=2025-01 authors=['Cangshu Yan'] title=A wearable sign language translation device utilizing silico
[2026-08-30 02:34:36] [reviewer] [PAPER_ID] PDF 重命名：A-wearable-sign-language-translation-device-utilizing-silicone-hy_2025_Nano-.pdf -> hmi_NanoEnergy2025_Yan_Wearable_Sign_Language.pdf
[2026-08-30 02:34:36] [reviewer] [PAPER_ID] 目录重命名：A-wearable-sign-language-translation-device-utilizing-silicone-hy_2025_Nano- -> hmi_NanoEnergy2025_Yan_Wearable_Sign_Language
[2026-08-30 02:34:36] [reviewer] [PAPER_ID] 完成：hmi_NanoEnergy2025_Yan_Wearable_Sign_Language
[2026-08-30 02:57:58] [reviewer] [PAPER_ID] 生成 paper_id：marine_ACSEnergyLett2024_Zhang_Self_Propelled_Nanocellulose
[2026-08-30 02:57:58] [reviewer] [PAPER_ID]   subcategory=marine venue=ACS Energy Letters date=2024-09 authors=['Jiwei Zhang'] title=Self-Propelled Nanocellulose Aerogel Eco-Robots for Self-Pow
[2026-08-30 02:57:58] [reviewer] [PAPER_ID] PDF 重命名：ACS Energy Letters-Self-Propelled Nanocellulose Aerogel Eco-Robots for Self-Powered Aquatic Environment Perception.pdf -> marine_ACSEnergyLett2024_Zhang_Self_Propelled_Nanocellulose.pdf
[2026-08-30 02:57:58] [reviewer] [PAPER_ID] 目录重命名：ACS Energy Letters-Self-Propelled Nanocellulose Aerogel Eco-Robots for Self-Powered Aquatic Environment Perception -> marine_ACSEnergyLett2024_Zhang_Self_Propelled_Nanocellulose
[2026-08-30 02:57:58] [reviewer] [PAPER_ID] 完成：marine_ACSEnergyLett2024_Zhang_Self_Propelled_Nanocellulose
[2026-08-30 03:00:35] [reviewer] [PAPER_ID] 生成 paper_id：hmi_ACSNano2024_Xie_Neuromorphic_Computing_Assisted
[2026-08-30 03:00:35] [reviewer] [PAPER_ID]   subcategory=hmi venue=ACS Nano date=2024-06 authors=['Xinkai Xie'] title=Neuromorphic Computing-Assisted Triboelectric Capacitive-Cou
[2026-08-30 03:00:35] [reviewer] [PAPER_ID] PDF 重命名：ACS Nano-Neuromorphic Computing-Assisted Triboelectric Capacitive-Coupled Tactile Sensor Array for Wireless Mixed Reality Interaction.pdf -> hmi_ACSNano2024_Xie_Neuromorphic_Computing_Assisted.pdf
[2026-08-30 03:00:35] [reviewer] [PAPER_ID] 目录重命名：ACS Nano-Neuromorphic Computing-Assisted Triboelectric Capacitive-Coupled Tactile Sensor Array for Wireless Mixed Reality Interaction -> hmi_ACSNano2024_Xie_Neuromorphic_Computing_Assisted
[2026-08-30 03:00:35] [reviewer] [PAPER_ID] 完成：hmi_ACSNano2024_Xie_Neuromorphic_Computing_Assisted
[2026-08-30 03:18:37] [reviewer] [PAPER_ID] 生成 paper_id：chemical_ACSNano2026_Gao_Triboelectric_Spectroscopy_Situ
[2026-08-30 03:18:37] [reviewer] [PAPER_ID]   subcategory=chemical venue=ACS Nano date=2026-06 authors=['Hongwei Gao'] title=Triboelectric Spectroscopy for In Situ Detection of Gas Mole
[2026-08-30 03:18:37] [reviewer] [PAPER_ID] PDF 重命名：ACS Nano-Triboelectric Spectroscopy for In-Situ Detection of Gas Molecules in Liquid.pdf -> chemical_ACSNano2026_Gao_Triboelectric_Spectroscopy_Situ.pdf
[2026-08-30 03:18:37] [reviewer] [PAPER_ID] 目录重命名：ACS Nano-Triboelectric Spectroscopy for In-Situ Detection of Gas Molecules in Liquid -> chemical_ACSNano2026_Gao_Triboelectric_Spectroscopy_Situ
[2026-08-30 03:18:37] [reviewer] [PAPER_ID] 完成：chemical_ACSNano2026_Gao_Triboelectric_Spectroscopy_Situ
[2026-08-30 03:26:32] [reviewer] [PAPER_ID] 生成 paper_id：chemical_ACSNano2026_Liu_Triboelectric_Spectroscopy_Identification
[2026-08-30 03:26:32] [reviewer] [PAPER_ID]   subcategory=chemical venue=ACS Nano date=2026-07 authors=['Qiheng Liu'] title=Triboelectric Spectroscopy for Identification of Metal Ion V
[2026-08-30 03:26:32] [reviewer] [PAPER_ID] PDF 重命名：ACS Nano-Triboelectric Spectroscopy for identification of Metal Ion Valence States in Aqueous Solutions.pdf -> chemical_ACSNano2026_Liu_Triboelectric_Spectroscopy_Identification.pdf
[2026-08-30 03:26:32] [reviewer] [PAPER_ID] 目录重命名：ACS Nano-Triboelectric Spectroscopy for identification of Metal Ion Valence States in Aqueous Solutions -> chemical_ACSNano2026_Liu_Triboelectric_Spectroscopy_Identification
[2026-08-30 03:26:32] [reviewer] [PAPER_ID] 完成：chemical_ACSNano2026_Liu_Triboelectric_Spectroscopy_Identification
[2026-08-30 03:46:20] [reviewer] [PAPER_ID] 生成 paper_id：marine_AdvFunctMater2022_Han_Hybrid_Triboelectric_Electromagnetic
[2026-08-30 03:46:20] [reviewer] [PAPER_ID]   subcategory=marine venue=Advanced Functional Materials date=2022-07 authors=['Chengcheng Han'] title=Hybrid Triboelectric-Electromagnetic Nanogenerator with a Do
[2026-08-30 03:46:20] [reviewer] [PAPER_ID] PDF 重命名：Adv Funct Materials - 2022 - Han - Hybrid Triboelectric‐Electromagnetic Nanogenerator with a Double‐Sided Fluff and Double.pdf -> marine_AdvFunctMater2022_Han_Hybrid_Triboelectric_Electromagnetic.pdf
[2026-08-30 03:46:20] [reviewer] [PAPER_ID] 目录重命名：Adv Funct Materials - 2022 - Han - Hybrid Triboelectric‐Electromagnetic Nanogenerator with a Double‐Sided Fluff and Double -> marine_AdvFunctMater2022_Han_Hybrid_Triboelectric_Electromagnetic
[2026-08-30 03:46:20] [reviewer] [PAPER_ID] 完成：marine_AdvFunctMater2022_Han_Hybrid_Triboelectric_Electromagnetic
[2026-08-30 03:51:17] [reviewer] [PAPER_ID] 生成 paper_id：marine_AdvFunctMater2022_Qu_Spherical_Triboelectric_Nanogenerator
[2026-08-30 03:51:17] [reviewer] [PAPER_ID]   subcategory=marine venue=Advanced Functional Materials date=2022-05 authors=['Zhigang Qu'] title=Spherical Triboelectric Nanogenerator Based on Eccentric Str
[2026-08-30 03:51:17] [reviewer] [PAPER_ID] PDF 重命名：Adv Funct Materials - 2022 - Qu - Spherical Triboelectric Nanogenerator Based on Eccentric Structure for Omnidirectional.pdf -> marine_AdvFunctMater2022_Qu_Spherical_Triboelectric_Nanogenerator.pdf
[2026-08-30 03:51:17] [reviewer] [PAPER_ID] 目录重命名：Adv Funct Materials - 2022 - Qu - Spherical Triboelectric Nanogenerator Based on Eccentric Structure for Omnidirectional -> marine_AdvFunctMater2022_Qu_Spherical_Triboelectric_Nanogenerator
[2026-08-30 03:51:17] [reviewer] [PAPER_ID] 完成：marine_AdvFunctMater2022_Qu_Spherical_Triboelectric_Nanogenerator
[2026-08-30 04:07:55] [reviewer] [PAPER_ID] 生成 paper_id：marine_AdvFunctMater2022_Yang_Barycenter_Self_Adapting
[2026-08-30 04:07:55] [reviewer] [PAPER_ID]   subcategory=marine venue=Advanced Functional Materials date=2022-03 authors=['Yuhan Yang'] title=Barycenter Self-Adapting Triboelectric Nanogenerator for Sea
[2026-08-30 04:07:55] [reviewer] [PAPER_ID] PDF 重命名：Adv Funct Materials - 2022 - Yang - Barycenter Self‐Adapting Triboelectric Nanogenerator for Sea Water Wave High‐Entropy.pdf -> marine_AdvFunctMater2022_Yang_Barycenter_Self_Adapting.pdf
[2026-08-30 04:07:55] [reviewer] [PAPER_ID] 目录重命名：Adv Funct Materials - 2022 - Yang - Barycenter Self‐Adapting Triboelectric Nanogenerator for Sea Water Wave High‐Entropy -> marine_AdvFunctMater2022_Yang_Barycenter_Self_Adapting
[2026-08-30 04:07:55] [reviewer] [PAPER_ID] 完成：marine_AdvFunctMater2022_Yang_Barycenter_Self_Adapting
[2026-08-30 04:15:01] [reviewer] [PAPER_ID] 生成 paper_id：wind_AdvFunctMater2022_Yu_Moisture_Resistant_Stable
[2026-08-30 04:15:01] [reviewer] [PAPER_ID]   subcategory=wind venue=Advanced Functional Materials date=2022-08 authors=['Xinke Yu'] title=Moisture Resistant and Stable Wireless Wind Speed Sensing Sy
[2026-08-30 04:15:01] [reviewer] [PAPER_ID] PDF 重命名：Adv Funct Materials - 2022 - Yu - Moisture Resistant and Stable Wireless Wind Speed Sensing System Based on Triboelectric.pdf -> wind_AdvFunctMater2022_Yu_Moisture_Resistant_Stable.pdf
[2026-08-30 04:15:01] [reviewer] [PAPER_ID] 目录重命名：Adv Funct Materials - 2022 - Yu - Moisture Resistant and Stable Wireless Wind Speed Sensing System Based on Triboelectric -> wind_AdvFunctMater2022_Yu_Moisture_Resistant_Stable
[2026-08-30 04:15:01] [reviewer] [PAPER_ID] 完成：wind_AdvFunctMater2022_Yu_Moisture_Resistant_Stable
[2026-08-30 04:30:53] [reviewer] [PAPER_ID] 生成 paper_id：wind_AdvFunctMater2023_Mu_Achieving_High_Efficiency
[2026-08-30 04:30:53] [reviewer] [PAPER_ID]   subcategory=wind venue=Advanced Functional Materials date=2023-09 authors=['Qianjin Mu'] title=Achieving High-Efficiency Wind Energy Harvesting Triboelectr
[2026-08-30 04:30:53] [reviewer] [PAPER_ID] PDF 重命名：Adv Funct Materials - 2023 - Mu - Achieving High‐Efficiency Wind Energy Harvesting Triboelectric Nanogenerator by Coupling (1).pdf -> wind_AdvFunctMater2023_Mu_Achieving_High_Efficiency.pdf
[2026-08-30 04:30:53] [reviewer] [PAPER_ID] 目录重命名：Adv Funct Materials - 2023 - Mu - Achieving High‐Efficiency Wind Energy Harvesting Triboelectric Nanogenerator by Coupling (1) -> wind_AdvFunctMater2023_Mu_Achieving_High_Efficiency
[2026-08-30 04:30:53] [reviewer] [PAPER_ID] 完成：wind_AdvFunctMater2023_Mu_Achieving_High_Efficiency
[2026-08-30 04:34:47] [reviewer] [PAPER_ID] 生成 paper_id：marine_AdvFunctMater2023_Yang_Swing_Self_Regulated
[2026-08-30 04:34:47] [reviewer] [PAPER_ID]   subcategory=marine venue=Advanced Functional Materials date=2023-07 authors=['Yuhan Yang'] title=A Swing Self-Regulated Triboelectric Nanogenerator for High-
[2026-08-30 04:34:47] [reviewer] [PAPER_ID] PDF 重命名：Adv Funct Materials - 2023 - Yang - A Swing Self‐Regulated Triboelectric Nanogenerator for High‐Entropy Ocean Breaking.pdf -> marine_AdvFunctMater2023_Yang_Swing_Self_Regulated.pdf
[2026-08-30 04:34:47] [reviewer] [PAPER_ID] 目录重命名：Adv Funct Materials - 2023 - Yang - A Swing Self‐Regulated Triboelectric Nanogenerator for High‐Entropy Ocean Breaking -> marine_AdvFunctMater2023_Yang_Swing_Self_Regulated
[2026-08-30 04:34:47] [reviewer] [PAPER_ID] 完成：marine_AdvFunctMater2023_Yang_Swing_Self_Regulated
[2026-08-30 04:54:45] [reviewer] [PAPER_ID] 生成 paper_id：hmi_AdvFunctMater2024_Wang_Self_Healing_Hydrogel
[2026-08-30 04:54:45] [reviewer] [PAPER_ID]   subcategory=hmi venue=Advanced Functional Materials date=2024-12 authors=['Chengwen Wang'] title=Self-Healing Hydrogel-Based Triboelectric Nanogenerator in S
[2026-08-30 04:54:45] [reviewer] [PAPER_ID] PDF 重命名：Adv Funct Materials - 2024 - Wang - Self‐Healing Hydrogel‐Based Triboelectric Nanogenerator in Smart Glove System for.pdf -> hmi_AdvFunctMater2024_Wang_Self_Healing_Hydrogel.pdf
[2026-08-30 04:54:45] [reviewer] [PAPER_ID] 目录重命名：Adv Funct Materials - 2024 - Wang - Self‐Healing Hydrogel‐Based Triboelectric Nanogenerator in Smart Glove System for -> hmi_AdvFunctMater2024_Wang_Self_Healing_Hydrogel
[2026-08-30 04:54:45] [reviewer] [PAPER_ID] 完成：hmi_AdvFunctMater2024_Wang_Self_Healing_Hydrogel
[2026-08-30 04:57:58] [reviewer] [PAPER_ID] 生成 paper_id：tactile_AdvFunctMater2024_Zhu_Hierarchical_Structure_Self
[2026-08-30 04:57:58] [reviewer] [PAPER_ID]   subcategory=tactile venue=Advanced Functional Materials date=2024-04 authors=['Lida Zhu'] title=Hierarchical Structure by Self-sedimentation of Liquid Metal
[2026-08-30 04:57:58] [reviewer] [PAPER_ID] PDF 重命名：Adv Funct Materials - 2024 - Zhu - Hierarchical Structure by Self‐sedimentation of Liquid Metal for Flexible Sensor (1).pdf -> tactile_AdvFunctMater2024_Zhu_Hierarchical_Structure_Self.pdf
[2026-08-30 04:57:58] [reviewer] [PAPER_ID] 目录重命名：Adv Funct Materials - 2024 - Zhu - Hierarchical Structure by Self‐sedimentation of Liquid Metal for Flexible Sensor (1) -> tactile_AdvFunctMater2024_Zhu_Hierarchical_Structure_Self
[2026-08-30 04:57:58] [reviewer] [PAPER_ID] 完成：tactile_AdvFunctMater2024_Zhu_Hierarchical_Structure_Self
[2026-08-30 05:23:15] [reviewer] [PAPER_ID] 生成 paper_id：motion_AdvFunctMater2025_Gao_Fabric_Reinforced_Functional
[2026-08-30 05:23:15] [reviewer] [PAPER_ID]   subcategory=motion venue=Advanced Functional Materials date=2025-01 authors=['Yuanyuan Gao'] title=Fabric-Reinforced Functional Insoles with Superior Durabilit
[2026-08-30 05:23:15] [reviewer] [PAPER_ID] PDF 重命名：Adv Funct Materials - 2025 - Gao - Fabric-Reinforced Functional Insoles for Energy Harvesting and AI-Empowered Motion Monitoring.pdf -> motion_AdvFunctMater2025_Gao_Fabric_Reinforced_Functional.pdf
[2026-08-30 05:23:15] [reviewer] [PAPER_ID] 目录重命名：Adv Funct Materials - 2025 - Gao - Fabric-Reinforced Functional Insoles for Energy Harvesting and AI-Empowered Motion Monitoring -> motion_AdvFunctMater2025_Gao_Fabric_Reinforced_Functional
[2026-08-30 05:23:15] [reviewer] [PAPER_ID] 完成：motion_AdvFunctMater2025_Gao_Fabric_Reinforced_Functional
[2026-08-30 05:25:27] [reviewer] [PAPER_ID] 生成 paper_id：energyharv_AdvFunctMater2025_Gong_Alternating_Electrical_Polarity
[2026-08-30 05:25:27] [reviewer] [PAPER_ID]   subcategory=energyharv venue=Advanced Functional Materials date=2025-07 authors=['Shaokun Gong'] title=Alternating Electrical Polarity Enabled Efficient Charge Cap
[2026-08-30 05:25:27] [reviewer] [PAPER_ID] PDF 重命名：Adv Funct Materials - 2025 - Gong - Alternating Electrical Polarity Enabled Efficient Charge Capture Triboelectric.pdf -> energyharv_AdvFunctMater2025_Gong_Alternating_Electrical_Polarity.pdf
[2026-08-30 05:25:27] [reviewer] [PAPER_ID] 目录重命名：Adv Funct Materials - 2025 - Gong - Alternating Electrical Polarity Enabled Efficient Charge Capture Triboelectric -> energyharv_AdvFunctMater2025_Gong_Alternating_Electrical_Polarity
[2026-08-30 05:25:27] [reviewer] [PAPER_ID] 完成：energyharv_AdvFunctMater2025_Gong_Alternating_Electrical_Polarity
[2026-08-30 05:39:50] [reviewer] [PAPER_ID] 生成 paper_id：energyharv_AdvFunctMater2025_Guo_Flexible_Triboelectric_Nanogenerator
[2026-08-30 05:39:50] [reviewer] [PAPER_ID]   subcategory=energyharv venue=Advanced Functional Materials date=2025-07 authors=['Jiangtao Guo'] title=Flexible Triboelectric Nanogenerator Arrays for Energy Harve
[2026-08-30 05:39:50] [reviewer] [PAPER_ID] PDF 重命名：Adv Funct Materials - 2025 - Guo - Flexible Triboelectric Nanogenerator Arrays for Energy Harvesting and Direct Current.pdf -> energyharv_AdvFunctMater2025_Guo_Flexible_Triboelectric_Nanogenerator.pdf
[2026-08-30 05:39:50] [reviewer] [PAPER_ID] 目录重命名：Adv Funct Materials - 2025 - Guo - Flexible Triboelectric Nanogenerator Arrays for Energy Harvesting and Direct Current -> energyharv_AdvFunctMater2025_Guo_Flexible_Triboelectric_Nanogenerator
[2026-08-30 05:39:50] [reviewer] [PAPER_ID] 完成：energyharv_AdvFunctMater2025_Guo_Flexible_Triboelectric_Nanogenerator
[2026-08-30 05:51:24] [reviewer] [PAPER_ID] 生成 paper_id：iot_AdvFunctMater2025_Lee_Metamaterial_Adhesives_Integrated
[2026-08-30 05:51:24] [reviewer] [PAPER_ID]   subcategory=iot venue=Advanced Functional Materials date=2025-06 authors=['Hee Jin Lee'] title=Metamaterial Adhesives-Integrated Triboelectric Nanogenerato
[2026-08-30 05:51:24] [reviewer] [PAPER_ID] PDF 重命名：Adv Funct Materials - 2025 - Lee - Metamaterial Adhesives-Integrated Triboelectric Nanogenerators with Enhanced and Programmable Charge Generation and Adhesion.pdf -> iot_AdvFunctMater2025_Lee_Metamaterial_Adhesives_Integrated.pdf
[2026-08-30 05:51:24] [reviewer] [PAPER_ID] 目录重命名：Adv Funct Materials - 2025 - Lee - Metamaterial Adhesives-Integrated Triboelectric Nanogenerators with Enhanced and Programmable Charge Generation and Adhesion -> iot_AdvFunctMater2025_Lee_Metamaterial_Adhesives_Integrated
[2026-08-30 05:51:24] [reviewer] [PAPER_ID] 完成：iot_AdvFunctMater2025_Lee_Metamaterial_Adhesives_Integrated
[2026-08-30 05:55:32] [reviewer] [PAPER_ID] 生成 paper_id：chemical_AdvFunctMater2025_Xiao_Tubular_Oilsolid_Triboelectric
[2026-08-30 05:55:32] [reviewer] [PAPER_ID]   subcategory=chemical venue=Advanced Functional Materials date=2025-08 authors=['Song Xiao'] title=Tubular Oil–Solid Triboelectric Nanogenerator Adopted for Se
[2026-08-30 05:55:32] [reviewer] [PAPER_ID] PDF 重命名：Adv Funct Materials - 2025 - Xiao - Tubular Oil Solid Triboelectric Nanogenerator Adopted for Self‐Powered Impurities.pdf -> chemical_AdvFunctMater2025_Xiao_Tubular_Oilsolid_Triboelectric.pdf
[2026-08-30 05:55:32] [reviewer] [PAPER_ID] 目录重命名：Adv Funct Materials - 2025 - Xiao - Tubular Oil Solid Triboelectric Nanogenerator Adopted for Self‐Powered Impurities -> chemical_AdvFunctMater2025_Xiao_Tubular_Oilsolid_Triboelectric
[2026-08-30 05:55:32] [reviewer] [PAPER_ID] 完成：chemical_AdvFunctMater2025_Xiao_Tubular_Oilsolid_Triboelectric
[2026-08-30 06:21:14] [reviewer] [PAPER_ID] 生成 paper_id：iot_AdvFunctMater2026_Li_Loofah_Inspired_Hierarchical
[2026-08-30 06:21:14] [reviewer] [PAPER_ID]   subcategory=iot venue=Advanced Functional Materials date=2026-07 authors=['Haoqi Li'] title=Loofah-Inspired Hierarchical Porous Triboelectric Nanogenera
[2026-08-30 06:21:14] [reviewer] [PAPER_ID] PDF 重命名：Adv Funct Materials - 2026 - Li - Loofah‐Inspired Hierarchical Porous Triboelectric Nanogenerator with Dual Phase Flame.pdf -> iot_AdvFunctMater2026_Li_Loofah_Inspired_Hierarchical.pdf
[2026-08-30 06:21:14] [reviewer] [PAPER_ID] 目录重命名：Adv Funct Materials - 2026 - Li - Loofah‐Inspired Hierarchical Porous Triboelectric Nanogenerator with Dual Phase Flame -> iot_AdvFunctMater2026_Li_Loofah_Inspired_Hierarchical
[2026-08-30 06:21:14] [reviewer] [PAPER_ID] 完成：iot_AdvFunctMater2026_Li_Loofah_Inspired_Hierarchical
[2026-08-30 06:22:49] [reviewer] [PAPER_ID] 生成 paper_id：marine_AdvancedMaterials2025_Huo_Gravity_Switch_Triggered
[2026-08-30 06:22:49] [reviewer] [PAPER_ID]   subcategory=marine venue=Advanced Materials Technologies date=2025-01 authors=['Da Huo'] title=Gravity-Switch-Triggered Triboelectric Nanogenerator for Mul
[2026-08-30 06:22:49] [reviewer] [PAPER_ID] PDF 重命名：Adv Materials Technologies - 2025 - Huo - Gravity‐Switch‐Triggered Triboelectric Nanogenerator for Multi‐Directional Wave.pdf -> marine_AdvancedMaterials2025_Huo_Gravity_Switch_Triggered.pdf
[2026-08-30 06:22:49] [reviewer] [PAPER_ID] 目录重命名：Adv Materials Technologies - 2025 - Huo - Gravity‐Switch‐Triggered Triboelectric Nanogenerator for Multi‐Directional Wave -> marine_AdvancedMaterials2025_Huo_Gravity_Switch_Triggered
[2026-08-30 06:22:49] [reviewer] [PAPER_ID] 完成：marine_AdvancedMaterials2025_Huo_Gravity_Switch_Triggered
[2026-08-30 06:48:08] [reviewer] [PAPER_ID] 生成 paper_id：energyharv_AdvancedMaterials2025_Manojkumar_Triboelectric_Nanogenerator_Enabled
[2026-08-30 06:48:08] [reviewer] [PAPER_ID]   subcategory=energyharv venue=Advanced Materials Technologies date=2025-11 authors=['Kaliyannan Manojkumar'] title=Triboelectric Nanogenerator-Enabled Smart Agriculture: Self-
[2026-08-30 06:48:08] [reviewer] [PAPER_ID] PDF 重命名：Adv Materials Technologies - 2025 - Manojkumar - Triboelectric Nanogenerator‐Enabled Smart Agriculture  Self‐Powered.pdf -> energyharv_AdvancedMaterials2025_Manojkumar_Triboelectric_Nanogenerator_Enabled.pdf
[2026-08-30 06:48:08] [reviewer] [PAPER_ID] 目录重命名：Adv Materials Technologies - 2025 - Manojkumar - Triboelectric Nanogenerator‐Enabled Smart Agriculture  Self‐Powered -> energyharv_AdvancedMaterials2025_Manojkumar_Triboelectric_Nanogenerator_Enabled
[2026-08-30 06:48:08] [reviewer] [PAPER_ID] 完成：energyharv_AdvancedMaterials2025_Manojkumar_Triboelectric_Nanogenerator_Enabled
[2026-08-30 06:51:38] [reviewer] [PAPER_ID] 生成 paper_id：marine_AdvEnergyMater2025_Zhang_Fur_Brush_Disk
[2026-08-30 06:51:38] [reviewer] [PAPER_ID]   subcategory=marine venue=Advanced Energy Materials date=2025-11 authors=['Shaoxiang Zhang'] title=Fur-Brush Disk Triboelectric Nanogenerator Driven by Cantile
[2026-08-30 06:51:38] [reviewer] [PAPER_ID] PDF 重命名：Adv. Energy Mater-Fur-Brush Disk Triboelectric Nanogenerator Driven by Cantilever Oscillating Float Mechanism for Near-Shore Marine Environment Monitoring.pdf -> marine_AdvEnergyMater2025_Zhang_Fur_Brush_Disk.pdf
[2026-08-30 06:51:38] [reviewer] [PAPER_ID] 目录重命名：Adv. Energy Mater-Fur-Brush Disk Triboelectric Nanogenerator Driven by Cantilever Oscillating Float Mechanism for Near-Shore Marine Environment Monitoring -> marine_AdvEnergyMater2025_Zhang_Fur_Brush_Disk
[2026-08-30 06:51:38] [reviewer] [PAPER_ID] 完成：marine_AdvEnergyMater2025_Zhang_Fur_Brush_Disk
[2026-08-30 07:16:57] [reviewer] [PAPER_ID] 生成 paper_id：energyharv_AdvEnergyMater2023_Qin_Piezo_Tribovoltaic_Nanogenerator
[2026-08-30 07:16:57] [reviewer] [PAPER_ID]   subcategory=energyharv venue=Advanced Energy Materials date=2023-11 authors=['Siyao Qin'] title=A Piezo-Tribovoltaic Nanogenerator with Ultrahigh Output Pow
[2026-08-30 07:16:57] [reviewer] [PAPER_ID] PDF 重命名：Adv. Energy Mater.-A piezo-tribovoltaic nanogenerator with ultrahigh output power density and dynamic sensory functions.pdf -> energyharv_AdvEnergyMater2023_Qin_Piezo_Tribovoltaic_Nanogenerator.pdf
[2026-08-30 07:16:57] [reviewer] [PAPER_ID] 目录重命名：Adv. Energy Mater.-A piezo-tribovoltaic nanogenerator with ultrahigh output power density and dynamic sensory functions -> energyharv_AdvEnergyMater2023_Qin_Piezo_Tribovoltaic_Nanogenerator
[2026-08-30 07:16:57] [reviewer] [PAPER_ID] 完成：energyharv_AdvEnergyMater2023_Qin_Piezo_Tribovoltaic_Nanogenerator
[2026-08-30 07:21:25] [reviewer] [PAPER_ID] 生成 paper_id：energyharv_AdvEnergyMater2024_Zhang_Multi_Parameters_Self
[2026-08-30 07:21:25] [reviewer] [PAPER_ID]   subcategory=energyharv venue=Advanced Energy Materials date=2024-06 authors=['Xiaosong Zhang'] title=Multi-Parameters Self-Powered Monitoring via Triboelectric a
[2026-08-30 07:21:25] [reviewer] [PAPER_ID] PDF 重命名：Adv. Energy Mater.-Multi-Parameters Self-Powered Monitoring via Triboelectric and Electromagnetic Mechanisms for Smart Transmission Lines.pdf -> energyharv_AdvEnergyMater2024_Zhang_Multi_Parameters_Self.pdf
[2026-08-30 07:21:25] [reviewer] [PAPER_ID] 目录重命名：Adv. Energy Mater.-Multi-Parameters Self-Powered Monitoring via Triboelectric and Electromagnetic Mechanisms for Smart Transmission Lines -> energyharv_AdvEnergyMater2024_Zhang_Multi_Parameters_Self
[2026-08-30 07:21:25] [reviewer] [PAPER_ID] 完成：energyharv_AdvEnergyMater2024_Zhang_Multi_Parameters_Self
[2026-08-30 07:39:00] [reviewer] [PAPER_ID] 生成 paper_id：marine_AdvFunctMater2025_Wang_Achieving_Dual_Function
[2026-08-30 07:39:00] [reviewer] [PAPER_ID]   subcategory=marine venue=Advanced Functional Materials date=2025-06 authors=['Xinxian Wang'] title=Achieving Dual-Function In Situ Monitoring of Water Level an
[2026-08-30 07:39:00] [reviewer] [PAPER_ID] PDF 重命名：Adv. Func. Mater-Achieving Dual-Function In Situ Monitoring of Water Level and Flow Velocity via a Flapping-Wing Triboelectric Nanogenerator.pdf -> marine_AdvFunctMater2025_Wang_Achieving_Dual_Function.pdf
[2026-08-30 07:39:00] [reviewer] [PAPER_ID] 目录重命名：Adv. Func. Mater-Achieving Dual-Function In Situ Monitoring of Water Level and Flow Velocity via a Flapping-Wing Triboelectric Nanogenerator -> marine_AdvFunctMater2025_Wang_Achieving_Dual_Function
[2026-08-30 07:39:00] [reviewer] [PAPER_ID] 完成：marine_AdvFunctMater2025_Wang_Achieving_Dual_Function
[2026-08-30 07:44:14] [reviewer] [PAPER_ID] 生成 paper_id：hmi_AdvFunctMater2025_Sun_Kirigami_Cube_Inspired
[2026-08-30 07:44:14] [reviewer] [PAPER_ID]   subcategory=hmi venue=Advanced Functional Materials date=2025-08 authors=['Hanlin Sun'] title=Kirigami Cube-Inspired Triboelectric Vector Sensor for Human
[2026-08-30 07:44:14] [reviewer] [PAPER_ID] PDF 重命名：Adv. Func. Mater-Kirigami Cube-Inspired Triboelectric Vector Sensor for Human–Machine Interaction.pdf -> hmi_AdvFunctMater2025_Sun_Kirigami_Cube_Inspired.pdf
[2026-08-30 07:44:14] [reviewer] [PAPER_ID] 目录重命名：Adv. Func. Mater-Kirigami Cube-Inspired Triboelectric Vector Sensor for Human–Machine Interaction -> hmi_AdvFunctMater2025_Sun_Kirigami_Cube_Inspired
[2026-08-30 07:44:14] [reviewer] [PAPER_ID] 完成：hmi_AdvFunctMater2025_Sun_Kirigami_Cube_Inspired
[2026-08-30 08:02:12] [reviewer] [PAPER_ID] 生成 paper_id：iot_AdvFunctMater2024_He_High_Accuracy_Liquid
[2026-08-30 08:02:12] [reviewer] [PAPER_ID]   subcategory=iot venue=Advanced Functional Materials date=2024-10 authors=['Siyang He'] title=High-Accuracy Liquid Flow Monitoring via Triboelectric Nanog
[2026-08-30 08:02:12] [reviewer] [PAPER_ID] PDF 重命名：Adv. Funct. Mater.-High-accuracy liquid flow monitoring via triboelectric nanogenerator combined with bionic design and common-mode interference suppression.pdf -> iot_AdvFunctMater2024_He_High_Accuracy_Liquid.pdf
[2026-08-30 08:02:12] [reviewer] [PAPER_ID] 目录重命名：Adv. Funct. Mater.-High-accuracy liquid flow monitoring via triboelectric nanogenerator combined with bionic design and common-mode interference suppression -> iot_AdvFunctMater2024_He_High_Accuracy_Liquid
[2026-08-30 08:02:12] [reviewer] [PAPER_ID] 完成：iot_AdvFunctMater2024_He_High_Accuracy_Liquid
[2026-08-30 08:02:40] [reviewer] [PAPER_ID] 生成 paper_id：hmi_AdvMater2026_Zhao_Tongue_Computer_Tactile
[2026-08-30 08:02:40] [reviewer] [PAPER_ID]   subcategory=hmi venue=Advanced Materials date=2026-01 authors=['Jiarui Zhao'] title=A Tongue-Computer Tactile Interface Mediated by the Magnetoe
[2026-08-30 08:02:40] [reviewer] [PAPER_ID] PDF 重命名：Adv. Mater-A Tongue-Computer Tactile Interface Mediated by the Magnetoelectric-Driven Tribovoltaic Sensors.pdf -> hmi_AdvMater2026_Zhao_Tongue_Computer_Tactile.pdf
[2026-08-30 08:02:40] [reviewer] [PAPER_ID] 目录重命名：Adv. Mater-A Tongue-Computer Tactile Interface Mediated by the Magnetoelectric-Driven Tribovoltaic Sensors -> hmi_AdvMater2026_Zhao_Tongue_Computer_Tactile
[2026-08-30 08:02:40] [reviewer] [PAPER_ID] 完成：hmi_AdvMater2026_Zhao_Tongue_Computer_Tactile
[2026-08-30 08:27:23] [reviewer] [PAPER_ID] 生成 paper_id：energyharv_AdvMater2026_Zhang_All_Solid_Biomass
[2026-08-30 08:27:23] [reviewer] [PAPER_ID]   subcategory=energyharv venue=Advanced Materials date=2026-01 authors=['Qiying Zhang'] title=All-Solid Biomass Dual Network Ionic Conducting Elastomer wi
[2026-08-30 08:27:23] [reviewer] [PAPER_ID] PDF 重命名：Adv. Mater-All-Solid Biomass Dual Network Ionic Conducting Elastomer with Multi Ion Synergy for Low-Temperature Resistant Sensor and Triboelectric Nanogenerator.pdf -> energyharv_AdvMater2026_Zhang_All_Solid_Biomass.pdf
[2026-08-30 08:27:23] [reviewer] [PAPER_ID] 目录重命名：Adv. Mater-All-Solid Biomass Dual Network Ionic Conducting Elastomer with Multi Ion Synergy for Low-Temperature Resistant Sensor and Triboelectric Nanogenerator -> energyharv_AdvMater2026_Zhang_All_Solid_Biomass
[2026-08-30 08:27:23] [reviewer] [PAPER_ID] 完成：energyharv_AdvMater2026_Zhang_All_Solid_Biomass
[2026-08-30 08:47:04] [reviewer] [PAPER_ID] 生成 paper_id：chemical_AdvMater2026_Gu_Triboelectric_E_Skin
[2026-08-30 08:47:04] [reviewer] [PAPER_ID]   subcategory=chemical venue=Advanced Materials date=2026-07 authors=['Guangxiang Gu'] title=Triboelectric E-Skin for Robotic Perception of Hazardous Che
[2026-08-30 08:47:04] [reviewer] [PAPER_ID] PDF 重命名：Adv. Mater-Triboelectric E-Skin for Robotic Perception of Hazardous Chemical Leaks.pdf -> chemical_AdvMater2026_Gu_Triboelectric_E_Skin.pdf
[2026-08-30 08:47:04] [reviewer] [PAPER_ID] 目录重命名：Adv. Mater-Triboelectric E-Skin for Robotic Perception of Hazardous Chemical Leaks -> chemical_AdvMater2026_Gu_Triboelectric_E_Skin
[2026-08-30 08:47:04] [reviewer] [PAPER_ID] 完成：chemical_AdvMater2026_Gu_Triboelectric_E_Skin
[2026-08-30 09:04:34] [reviewer] [PAPER_ID] 生成 paper_id：motion_AdvMater2026_Wang_Ultra_Robust_Hyperelastic
[2026-08-30 09:04:34] [reviewer] [PAPER_ID]   subcategory=motion venue=Advanced Materials date=2026-03 authors=['Wei Wang'] title=Ultra-Robust and Hyperelastic Triboelectric Webbing for Self
[2026-08-30 09:04:34] [reviewer] [PAPER_ID] PDF 重命名：Adv. Mater-Ultra-Robust and Hyperelastic Triboelectric Webbing for Self-powered Rehabilitation Sensing with Invisible and Embedded Design.pdf -> motion_AdvMater2026_Wang_Ultra_Robust_Hyperelastic.pdf
[2026-08-30 09:04:34] [reviewer] [PAPER_ID] 目录重命名：Adv. Mater-Ultra-Robust and Hyperelastic Triboelectric Webbing for Self-powered Rehabilitation Sensing with Invisible and Embedded Design -> motion_AdvMater2026_Wang_Ultra_Robust_Hyperelastic
[2026-08-30 09:04:34] [reviewer] [PAPER_ID] 完成：motion_AdvMater2026_Wang_Ultra_Robust_Hyperelastic
[2026-08-30 09:22:33] [reviewer] [PAPER_ID] 生成 paper_id：acoustic_AdvMater2024_Hui_Acoustically_Enhanced_Triboelectric
[2026-08-30 09:22:33] [reviewer] [PAPER_ID]   subcategory=acoustic venue=Advanced Materials date=2024-05 authors=['Xindan Hui'] title=Acoustically Enhanced Triboelectric Stethoscope for Ultrasen
[2026-08-30 09:22:33] [reviewer] [PAPER_ID] PDF 重命名：Adv. Mater.-Acoustically enhanced triboelectric stethoscope for ultrasensitive cardiac sounds sensing and disease diagnosis.pdf -> acoustic_AdvMater2024_Hui_Acoustically_Enhanced_Triboelectric.pdf
[2026-08-30 09:22:33] [reviewer] [PAPER_ID] 目录重命名：Adv. Mater.-Acoustically enhanced triboelectric stethoscope for ultrasensitive cardiac sounds sensing and disease diagnosis -> acoustic_AdvMater2024_Hui_Acoustically_Enhanced_Triboelectric
[2026-08-30 09:22:33] [reviewer] [PAPER_ID] 完成：acoustic_AdvMater2024_Hui_Acoustically_Enhanced_Triboelectric
[2026-08-30 09:41:40] [reviewer] [PAPER_ID] 生成 paper_id：iot_AdvMater2024_Zhang_Engineering_Triboelectric_Paper
[2026-08-30 09:41:40] [reviewer] [PAPER_ID]   subcategory=iot venue=Advanced Materials date=2024-12 authors=['Renyun Zhang'] title=Engineering Triboelectric Paper for Energy Harvesting and Sm
[2026-08-30 09:41:40] [reviewer] [PAPER_ID] PDF 重命名：Adv. Mater.-Engineering Triboelectric Paper for Energy Harvesting and Smart Sensing.pdf -> iot_AdvMater2024_Zhang_Engineering_Triboelectric_Paper.pdf
[2026-08-30 09:41:40] [reviewer] [PAPER_ID] 目录重命名：Adv. Mater.-Engineering Triboelectric Paper for Energy Harvesting and Smart Sensing -> iot_AdvMater2024_Zhang_Engineering_Triboelectric_Paper
[2026-08-30 09:41:40] [reviewer] [PAPER_ID] 完成：iot_AdvMater2024_Zhang_Engineering_Triboelectric_Paper
[2026-08-30 10:01:10] [reviewer] [PAPER_ID] 生成 paper_id：iot_AdvMater2024_Wang_Ultra_High_Sensitivity
[2026-08-30 10:01:10] [reviewer] [PAPER_ID]   subcategory=iot venue=Advanced Materials date=2024-10 authors=['Chao Wang'] title=Ultra-High Sensitivity Real-Time Monitoring of Landslide Sur
[2026-08-30 10:01:10] [reviewer] [PAPER_ID] PDF 重命名：Adv. Mater.-Ultra-High Sensitivity Real-Time Monitoring of Landslide Surface Deformation via Triboelectric Nanogenerator.pdf -> iot_AdvMater2024_Wang_Ultra_High_Sensitivity.pdf
[2026-08-30 10:01:10] [reviewer] [PAPER_ID] 目录重命名：Adv. Mater.-Ultra-High Sensitivity Real-Time Monitoring of Landslide Surface Deformation via Triboelectric Nanogenerator -> iot_AdvMater2024_Wang_Ultra_High_Sensitivity
[2026-08-30 10:01:10] [reviewer] [PAPER_ID] 完成：iot_AdvMater2024_Wang_Ultra_High_Sensitivity
[2026-08-30 10:21:42] [reviewer] [PAPER_ID] 生成 paper_id：smarttextile_AdvancedScience2024_Xing_Multistrand_Twisted_Triboelectric
[2026-08-30 10:21:42] [reviewer] [PAPER_ID]   subcategory=smarttextile venue=Advanced Science date=2024-04 authors=['Fangjing Xing'] title=Multistrand Twisted Triboelectric Kevlar Yarns for Harvestin
[2026-08-30 10:21:42] [reviewer] [PAPER_ID] PDF 重命名：Adv. Sci.-Multistrand Twisted Triboelectric Kevlar Yarns for Harvesting High Impact Energy, Body Injury Location and Levels Evaluation.pdf -> smarttextile_AdvancedScience2024_Xing_Multistrand_Twisted_Triboelectric.pdf
[2026-08-30 10:21:42] [reviewer] [PAPER_ID] 目录重命名：Adv. Sci.-Multistrand Twisted Triboelectric Kevlar Yarns for Harvesting High Impact Energy, Body Injury Location and Levels Evaluation -> smarttextile_AdvancedScience2024_Xing_Multistrand_Twisted_Triboelectric
[2026-08-30 10:21:42] [reviewer] [PAPER_ID] 完成：smarttextile_AdvancedScience2024_Xing_Multistrand_Twisted_Triboelectric
[2026-08-30 10:41:04] [reviewer] [PAPER_ID] 生成 paper_id：marine_AdvEnergyMater2022_Han_Achieving_Large_Driving
[2026-08-30 10:41:04] [reviewer] [PAPER_ID]   subcategory=marine venue=Advanced Energy Materials date=2022-12 authors=['Jiajia Han'] title=Achieving a Large Driving Force on Triboelectric Nanogenerat
[2026-08-30 10:41:04] [reviewer] [PAPER_ID] PDF 重命名：Advanced Energy Materials - 2022 - Han - Achieving a Large Driving Force on Triboelectric Nanogenerator by Wave‐Driven.pdf -> marine_AdvEnergyMater2022_Han_Achieving_Large_Driving.pdf
[2026-08-30 10:41:04] [reviewer] [PAPER_ID] 目录重命名：Advanced Energy Materials - 2022 - Han - Achieving a Large Driving Force on Triboelectric Nanogenerator by Wave‐Driven -> marine_AdvEnergyMater2022_Han_Achieving_Large_Driving
[2026-08-30 10:41:04] [reviewer] [PAPER_ID] 完成：marine_AdvEnergyMater2022_Han_Achieving_Large_Driving
[2026-08-30 10:57:34] [reviewer] [PAPER_ID] 生成 paper_id：smarttextile_AdvEnergyMater2022_Wu_Industrial_Fabrication_3d
[2026-08-30 10:57:34] [reviewer] [PAPER_ID]   subcategory=smarttextile venue=Advanced Energy Materials date=2022-07 authors=['Ronghui Wu'] title=Industrial Fabrication of 3D Braided Stretchable Hierarchica
[2026-08-30 10:57:34] [reviewer] [PAPER_ID] PDF 重命名：Advanced Energy Materials - 2022 - Wu - Industrial Fabrication of 3D Braided Stretchable Hierarchical Interlocked.pdf -> smarttextile_AdvEnergyMater2022_Wu_Industrial_Fabrication_3d.pdf
[2026-08-30 10:57:34] [reviewer] [PAPER_ID] 目录重命名：Advanced Energy Materials - 2022 - Wu - Industrial Fabrication of 3D Braided Stretchable Hierarchical Interlocked -> smarttextile_AdvEnergyMater2022_Wu_Industrial_Fabrication_3d
[2026-08-30 10:57:34] [reviewer] [PAPER_ID] 完成：smarttextile_AdvEnergyMater2022_Wu_Industrial_Fabrication_3d
[2026-08-30 11:13:39] [reviewer] [PAPER_ID] 生成 paper_id：wearable_AdvEnergyMater2023_Yang_Triboelectric_Nanogenerator_Enabled
[2026-08-30 11:13:39] [reviewer] [PAPER_ID]   subcategory=wearable venue=Advanced Energy Materials date=2023-01 authors=['Yanqin Yang'] title=Triboelectric Nanogenerator Enabled Wearable Sensors and Ele
[2026-08-30 11:13:39] [reviewer] [PAPER_ID] PDF 重命名：Advanced Energy Materials - 2022 - Yang - Triboelectric Nanogenerator Enabled Wearable Sensors and Electronics for.pdf -> wearable_AdvEnergyMater2023_Yang_Triboelectric_Nanogenerator_Enabled.pdf
[2026-08-30 11:13:39] [reviewer] [PAPER_ID] 目录重命名：Advanced Energy Materials - 2022 - Yang - Triboelectric Nanogenerator Enabled Wearable Sensors and Electronics for -> wearable_AdvEnergyMater2023_Yang_Triboelectric_Nanogenerator_Enabled
[2026-08-30 11:13:39] [reviewer] [PAPER_ID] 完成：wearable_AdvEnergyMater2023_Yang_Triboelectric_Nanogenerator_Enabled
[2026-08-30 11:24:14] [reviewer] [PAPER_ID] 生成 paper_id：wind_AdvEnergyMater2022_Yong_Environmental_Self_Adaptive
[2026-08-30 11:24:14] [reviewer] [PAPER_ID]   subcategory=wind venue=Advanced Energy Materials date=2022-09 authors=['Shun Yong'] title=Environmental Self-Adaptive Wind Energy Harvesting Technolog
[2026-08-30 11:24:14] [reviewer] [PAPER_ID] PDF 重命名：Advanced Energy Materials - 2022 - Yong - Environmental Self‐Adaptive Wind Energy Harvesting Technology for Self‐Powered.pdf -> wind_AdvEnergyMater2022_Yong_Environmental_Self_Adaptive.pdf
[2026-08-30 11:24:14] [reviewer] [PAPER_ID] 目录重命名：Advanced Energy Materials - 2022 - Yong - Environmental Self‐Adaptive Wind Energy Harvesting Technology for Self‐Powered -> wind_AdvEnergyMater2022_Yong_Environmental_Self_Adaptive
[2026-08-30 11:24:14] [reviewer] [PAPER_ID] 完成：wind_AdvEnergyMater2022_Yong_Environmental_Self_Adaptive
[2026-08-30 11:43:02] [reviewer] [PAPER_ID] 生成 paper_id：energyharv_AdvEnergyMater2023_Chen_Stackable_Direct_Current
[2026-08-30 11:43:02] [reviewer] [PAPER_ID]   subcategory=energyharv venue=Advanced Energy Materials date=2023-01 authors=['Jie Chen'] title=Stackable Direct Current Triboelectric-Electromagnetic Hybri
[2026-08-30 11:43:02] [reviewer] [PAPER_ID] PDF 重命名：Advanced Energy Materials - 2023 - Chen - Stackable Direct Current Triboelectric‐Electromagnetic Hybrid Nanogenerator for.pdf -> energyharv_AdvEnergyMater2023_Chen_Stackable_Direct_Current.pdf
[2026-08-30 11:43:02] [reviewer] [PAPER_ID] 目录重命名：Advanced Energy Materials - 2023 - Chen - Stackable Direct Current Triboelectric‐Electromagnetic Hybrid Nanogenerator for -> energyharv_AdvEnergyMater2023_Chen_Stackable_Direct_Current
[2026-08-30 11:43:02] [reviewer] [PAPER_ID] 完成：energyharv_AdvEnergyMater2023_Chen_Stackable_Direct_Current
[2026-08-30 11:58:20] [reviewer] [PAPER_ID] 生成 paper_id：energyharv_AdvEnergyMater2023_Lv_High_Performance_Durable
[2026-08-30 11:58:20] [reviewer] [PAPER_ID]   subcategory=energyharv venue=Advanced Energy Materials date=2023-10 authors=['Shaobo Lv'] title=High-Performance and Durable Rotational Triboelectric Nanoge
[2026-08-30 11:58:20] [reviewer] [PAPER_ID] PDF 重命名：Advanced Energy Materials - 2023 - Lv - High‐Performance and Durable Rotational Triboelectric Nanogenerator Leveraging.pdf -> energyharv_AdvEnergyMater2023_Lv_High_Performance_Durable.pdf
[2026-08-30 11:58:20] [reviewer] [PAPER_ID] 目录重命名：Advanced Energy Materials - 2023 - Lv - High‐Performance and Durable Rotational Triboelectric Nanogenerator Leveraging -> energyharv_AdvEnergyMater2023_Lv_High_Performance_Durable
[2026-08-30 11:58:20] [reviewer] [PAPER_ID] 完成：energyharv_AdvEnergyMater2023_Lv_High_Performance_Durable
