[2026-08-30 12:23:38] [reviewer] [PAPER_ID] 生成 paper_id：hmi_AdvEnergyMater2023_Salauddin_Highly_Electronegative_V2ctxsilicone
[2026-08-30 12:23:38] [reviewer] [PAPER_ID]   subcategory=hmi venue=Advanced Energy Materials date=2023-01 authors=['Md. Salauddin'] title=Highly Electronegative V2CTx/Silicone Nanocomposite-Based Se
[2026-08-30 12:23:38] [reviewer] [PAPER_ID] PDF 重命名：Advanced Energy Materials - 2023 - Salauddin - Highly Electronegative V2CTx Silicone Nanocomposite‐Based Serpentine (1).pdf -> hmi_AdvEnergyMater2023_Salauddin_Highly_Electronegative_V2ctxsilicone.pdf
[2026-08-30 12:23:38] [reviewer] [PAPER_ID] 目录重命名：Advanced Energy Materials - 2023 - Salauddin - Highly Electronegative V2CTx Silicone Nanocomposite‐Based Serpentine (1) -> hmi_AdvEnergyMater2023_Salauddin_Highly_Electronegative_V2ctxsilicone
[2026-08-30 12:23:38] [reviewer] [PAPER_ID] 完成：hmi_AdvEnergyMater2023_Salauddin_Highly_Electronegative_V2ctxsilicone
[2026-08-30 12:39:55] [reviewer] [PAPER_ID] 生成 paper_id：energyharv_AdvEnergyMater2023_Zhang_Multi_Mode_Vibrational
[2026-08-30 12:39:55] [reviewer] [PAPER_ID]   subcategory=energyharv venue=Advanced Energy Materials date=2023-09 authors=['Xiaosong Zhang'] title=Multi-Mode Vibrational Triboelectric Nanogenerator for Broad
[2026-08-30 12:39:55] [reviewer] [PAPER_ID] PDF 重命名：Advanced Energy Materials - 2023 - Zhang - Multi‐Mode Vibrational Triboelectric Nanogenerator for Broadband Energy.pdf -> energyharv_AdvEnergyMater2023_Zhang_Multi_Mode_Vibrational.pdf
[2026-08-30 12:39:55] [reviewer] [PAPER_ID] 目录重命名：Advanced Energy Materials - 2023 - Zhang - Multi‐Mode Vibrational Triboelectric Nanogenerator for Broadband Energy -> energyharv_AdvEnergyMater2023_Zhang_Multi_Mode_Vibrational
[2026-08-30 12:39:55] [reviewer] [PAPER_ID] 完成：energyharv_AdvEnergyMater2023_Zhang_Multi_Mode_Vibrational
[2026-08-30 12:57:17] [reviewer] [PAPER_ID] 生成 paper_id：biomedical_AdvEnergyMater2024_Chung_Acoustic_Tunable_Battery
[2026-08-30 12:57:17] [reviewer] [PAPER_ID]   subcategory=biomedical venue=Advanced Energy Materials date=2024-11 authors=['Youngwook Chung'] title=Acoustic Tunable Battery-Free Implants Based on Sustainable 
[2026-08-30 12:57:17] [reviewer] [PAPER_ID] PDF 重命名：Advanced Energy Materials - 2024 - Chung - Acoustic Tunable Battery-Free Implants Based on Sustainable Triboelectric Nanogenerators.pdf -> biomedical_AdvEnergyMater2024_Chung_Acoustic_Tunable_Battery.pdf
[2026-08-30 12:57:17] [reviewer] [PAPER_ID] 目录重命名：Advanced Energy Materials - 2024 - Chung - Acoustic Tunable Battery-Free Implants Based on Sustainable Triboelectric Nanogenerators -> biomedical_AdvEnergyMater2024_Chung_Acoustic_Tunable_Battery
[2026-08-30 12:57:17] [reviewer] [PAPER_ID] 完成：biomedical_AdvEnergyMater2024_Chung_Acoustic_Tunable_Battery
[2026-08-30 13:13:16] [reviewer] [PAPER_ID] 生成 paper_id：wind_AdvEnergyMater2024_Hu_Combined_Wind_Harvesting
[2026-08-30 13:13:16] [reviewer] [PAPER_ID]   subcategory=wind venue=Advanced Energy Materials date=2024-03 authors=['Yuexiao Hu'] title=A Combined Wind Harvesting and Speed Sensing System Based on
[2026-08-30 13:13:16] [reviewer] [PAPER_ID] PDF 重命名：Advanced Energy Materials - 2024 - Hu - A Combined Wind Harvesting and Speed Sensing System Based on Constant‐Voltage.pdf -> wind_AdvEnergyMater2024_Hu_Combined_Wind_Harvesting.pdf
[2026-08-30 13:13:16] [reviewer] [PAPER_ID] 目录重命名：Advanced Energy Materials - 2024 - Hu - A Combined Wind Harvesting and Speed Sensing System Based on Constant‐Voltage -> wind_AdvEnergyMater2024_Hu_Combined_Wind_Harvesting
[2026-08-30 13:13:16] [reviewer] [PAPER_ID] 完成：wind_AdvEnergyMater2024_Hu_Combined_Wind_Harvesting
[2026-08-30 13:28:46] [orchestrator] [DISTRIBUTE] 扫描 inbox，发现 0 个 PDF
[2026-08-30 13:28:46] [orchestrator] [DISTRIBUTE] 完成：新分发 0 篇，已存在跳过 0 篇，inbox 当前 0 篇残留
[2026-08-30 13:28:46] [orchestrator] [DISTRIBUTE] cache 当前目录数：227
[2026-08-30 13:28:46] [orchestrator] [COLLECT] 扫描 cache，发现 227 个目录
[2026-08-30 13:28:46] [orchestrator] [COLLECT] 跳过 A-multi-dimensional-tactile-perception-system-based-on-triboelect_2024_Nano-：缺少 score.json 或 index.json（reviewer 尚未完成）
[2026-08-30 13:28:46] [orchestrator] [COLLECT] 跳过 ACS Nano-Neuromorphic-Computing-Assisted Triboelectric-Capacitive-Coupled Tactile Sensor Array for Wireless Mixed Reality Interaction：缺少 score.json 或 index.json（reviewer 尚未完成）
[2026-08-30 13:28:46] [orchestrator] [COLLECT] 跳过 Adv Funct Materials - 2022 - Qu - Spherical Triboelectric Nanogenerator Based on Eccentric Structure for Omnidirectional_1：缺少 score.json 或 index.json（reviewer 尚未完成）
[2026-08-30 13:28:46] [orchestrator] [COLLECT] 跳过 Advanced Energy Materials - 2022 - Yong - Environmental Self‐Adaptive Wind Energy Harvesting Technology for Self‐Powered_1：缺少 score.json 或 index.json（reviewer 尚未完成）
[2026-08-30 13:28:46] [orchestrator] [COLLECT] 跳过 Advanced Energy Materials - 2023 - Chen - Stackable Direct Current Triboelectric‐Electromagnetic Hybrid Nanogenerator for_1：缺少 score.json 或 index.json（reviewer 尚未完成）
[2026-08-30 13:28:46] [orchestrator] [COLLECT] 跳过 Advanced Energy Materials - 2024 - Zhu - Bladeless Wind Turbine Triboelectric Nanogenerator for Effectively Harvesting：缺少 score.json 或 index.json（reviewer 尚未完成）
[2026-08-30 13:28:46] [orchestrator] [COLLECT] 跳过 Advanced Energy Materials - 2025 - Mulvihill - How to Test Triboelectric Nanogenerators Key Factors for Standardized Performance Evaluation：缺少 score.json 或 index.json（reviewer 尚未完成）
[2026-08-30 13:28:46] [orchestrator] [COLLECT] 跳过 Advanced Energy Materials - 2025 - Zhang - Fur‐Brush Disk Triboelectric Nanogenerator Driven by Cantilever Oscillating：缺少 score.json 或 index.json（reviewer 尚未完成）
[2026-08-30 13:28:46] [orchestrator] [COLLECT] 跳过 Advanced Energy Materials - 2025 - Zhang - Fur‐Brush Disk Triboelectric Nanogenerator Driven by Cantilever Oscillating_1：缺少 score.json 或 index.json（reviewer 尚未完成）
[2026-08-30 13:28:46] [orchestrator] [COLLECT] 跳过 Advanced Materials - 2013 - Yang - A Single‐Electrode Based Triboelectric Nanogenerator as Self‐Powered Tracking System：缺少 score.json 或 index.json（reviewer 尚未完成）
[2026-08-30 13:28:46] [orchestrator] [COLLECT] 跳过 Advanced Materials - 2016 - Lai - Electric Eel‐Skin‐Inspired Mechanically Durable and Super‐Stretchable Nanogenerator for：缺少 score.json 或 index.json（reviewer 尚未完成）
[2026-08-30 13:28:46] [orchestrator] [COLLECT] 跳过 Advanced Materials - 2018 - Dong - A Stretchable Yarn Embedded Triboelectric Nanogenerator as Electronic Skin for：缺少 score.json 或 index.json（reviewer 尚未完成）
[2026-08-30 13:28:46] [orchestrator] [COLLECT] 跳过 Advanced Materials - 2018 - Lai - Actively Perceiving and Responsive Soft Robots Enabled by Self‐Powered  Highly Extensible：缺少 score.json 或 index.json（reviewer 尚未完成）
[2026-08-30 13:28:46] [orchestrator] [COLLECT] 跳过 Advanced Materials - 2021 - Su - Self‐Powered Respiration Monitoring Enabled By a Triboelectric Nanogenerator  Adv  Mater ：缺少 score.json 或 index.json（reviewer 尚未完成）
[2026-08-30 13:28:46] [orchestrator] [COLLECT] 跳过 Advanced Materials - 2021 - Yang - Self‐Powered Interactive Fiber Electronics with Visual Digital Synergies：缺少 score.json 或 index.json（reviewer 尚未完成）
[2026-08-30 13:28:46] [orchestrator] [COLLECT] 跳过 Advanced Materials - 2022 - Deng - Rationally Structured Triboelectric Nanogenerator Arrays for Harvesting Water‐Current：缺少 score.json 或 index.json（reviewer 尚未完成）
[2026-08-30 13:28:46] [orchestrator] [COLLECT] 跳过 Advanced Materials - 2022 - Lu - Wearable Triboelectric Visual Sensors for Tactile Perception：缺少 score.json 或 index.json（reviewer 尚未完成）
[2026-08-30 13:28:46] [orchestrator] [COLLECT] 跳过 Advanced Materials - 2022 - Wei - An Open‐Environment Tactile Sensing System  Toward Simple and Efficient Material：缺少 score.json 或 index.json（reviewer 尚未完成）
[2026-08-30 13:28:46] [orchestrator] [COLLECT] 跳过 Advanced Materials - 2023 - Xia - Transparent Self‐Healing Anti‐Freezing Ionogel for Monolayered Triboelectric：缺少 score.json 或 index.json（reviewer 尚未完成）
[2026-08-30 13:28:46] [orchestrator] [COLLECT] 跳过 Advanced Materials - 2025 - Chen - A Self‐Sustainable  Ultrarobust and High‐Power‐Density Triboelectric Nanogenerator for：缺少 score.json 或 index.json（reviewer 尚未完成）
[2026-08-30 13:28:46] [orchestrator] [COLLECT] 跳过 Advanced Materials - 2025 - Zheng - The Efficient and Stable Triboelectric Nanogenerator Materials Based on Electrostatic (1)：缺少 score.json 或 index.json（reviewer 尚未完成）
[2026-08-30 13:28:46] [orchestrator] [COLLECT] 跳过 Advanced Science - 2025 - Yang - Skeleton Enhanced Dispersed Lubricant Particle Based Triboelectric Nanogenerator for：缺少 score.json 或 index.json（reviewer 尚未完成）
[2026-08-30 13:28:46] [orchestrator] [COLLECT] 跳过 All-foam-intrinsic-triboelectric-static-and-dynamic-pressure-sens_2025_Nano-：缺少 score.json 或 index.json（reviewer 尚未完成）
[2026-08-30 13:28:46] [orchestrator] [COLLECT] 跳过 Amphibious-triboelectric-acoustic-sensor-for-bioacoustic-signa_2026_Nano-Ene：缺少 score.json 或 index.json（reviewer 尚未完成）
[2026-08-30 13:28:46] [orchestrator] [COLLECT] 跳过 An-on-skin-triboelectric-sensor-system-enabled-by-heterogeneous-p_2024_Nano-：缺少 score.json 或 index.json（reviewer 尚未完成）
[2026-08-30 13:28:46] [orchestrator] [COLLECT] 跳过 Basith2024_wind_Upcycling_of_Waste_Materials_for_the_Development_of_Triboelectric_Nanoge：缺少 score.json 或 index.json（reviewer 尚未完成）
[2026-08-30 13:28:46] [orchestrator] [COLLECT] 跳过 Bentonite-nanosheets-incorporated-silk-fibroin-double-network-hydr_2026_Nano：缺少 score.json 或 index.json（reviewer 尚未完成）
[2026-08-30 13:28:46] [orchestrator] [COLLECT] 跳过 Bifunctional-Silicone-NENU-5-nanocomposite-based-wearable-serpi-g_2026_Nano-：缺少 score.json 或 index.json（reviewer 尚未完成）
[2026-08-30 13:28:46] [orchestrator] [COLLECT] 跳过 Buckling-inspired-triboelectric-sensor-for-multifunctional-sensi_2024_Nano-E：缺少 score.json 或 index.json（reviewer 尚未完成）
[2026-08-30 13:28:46] [orchestrator] [COLLECT] 跳过 Chandrasekhar2024_wind_Smart_maracas_An_innovative_triboelectric_nanogenerator_for_earthquake_d：缺少 score.json 或 index.json（reviewer 尚未完成）
[2026-08-30 13:28:46] [orchestrator] [COLLECT] 跳过 Chem. Rev-Triboelectric nanogenerator as a probe for investigating charge transfer at liquid-solid interfaces：缺少 score.json 或 index.json（reviewer 尚未完成）
[2026-08-30 13:28:46] [orchestrator] [COLLECT] 跳过 Chen2026_iot_Structural_superlubricity_triboelectric_nanogenerator_with_negligible_we：缺少 score.json 或 index.json（reviewer 尚未完成）
[2026-08-30 13:28:46] [orchestrator] [COLLECT] 跳过 Clapping-triboelectric-nanogenerators-as-self-powered--frequency-_2023_Nano-：缺少 score.json 或 index.json（reviewer 尚未完成）
[2026-08-30 13:28:46] [orchestrator] [COLLECT] 跳过 Compact-hybrid-synchronous-wireless-triboelectric-sensors-for-ta_2026_Nano-E：缺少 score.json 或 index.json（reviewer 尚未完成）
[2026-08-30 13:28:46] [orchestrator] [COLLECT] 跳过 Deep-learning-enhanced-safety-system-for-real-time-in-situ-blade_2025_Nano-E：缺少 score.json 或 index.json（reviewer 尚未完成）
[2026-08-30 13:28:46] [orchestrator] [COLLECT] 跳过 Dual-mode-triboelectric-encoder-based-high-precision-liquid-leve_2025_Nano-E：缺少 score.json 或 index.json（reviewer 尚未完成）
[2026-08-30 13:28:46] [orchestrator] [COLLECT] 跳过 Dual-nano-micro-tip-array-based-liquid-solid-interface-for-ultra_2025_Nano-E：缺少 score.json 或 index.json（reviewer 尚未完成）
[2026-08-30 13:28:46] [orchestrator] [COLLECT] 跳过 Dynamic-charge-balanced-multi-layer-noncontact-triboelectric-nanog_2026_Nano：缺少 score.json 或 index.json（reviewer 尚未完成）
[2026-08-30 13:28:46] [orchestrator] [COLLECT] 跳过 Dynamic-keystroke-password-recognition-based-on-piezoelectric-trib_2025_Nano：缺少 score.json 或 index.json（reviewer 尚未完成）
[2026-08-30 13:28:46] [orchestrator] [COLLECT] 跳过 Eco-friendly-triboelectric-nanogenerator-for-self-powering-stacke_2024_Nano-：缺少 score.json 或 index.json（reviewer 尚未完成）
[2026-08-30 13:28:46] [orchestrator] [COLLECT] 跳过 Electrical-double-layer-dynamics-regulation-for-maximized-electrosta_2026_Jo：缺少 score.json 或 index.json（reviewer 尚未完成）
[2026-08-30 13:28:46] [orchestrator] [COLLECT] 跳过 Enhancing-self-induced-polarization-of-PVDF-based-triboelectric-f_2024_Nano-：缺少 score.json 或 index.json（reviewer 尚未完成）
[2026-08-30 13:28:46] [orchestrator] [COLLECT] 跳过 Enhancing-the-accuracy-of-triboelectric-sensor-based-on-triboele_2025_Nano-E：缺少 score.json 或 index.json（reviewer 尚未完成）
[2026-08-30 13:28:46] [orchestrator] [COLLECT] 跳过 Flexible-arrayed-triboelectric-pressure-sensor-with-PDMS-CNT-CB-v_2026_Nano-：缺少 score.json 或 index.json（reviewer 尚未完成）
[2026-08-30 13:28:46] [orchestrator] [COLLECT] 跳过 Flexible-magnet-Fe-layers-based-triboelectric-sensors-for-continu_2025_Nano-：缺少 score.json 或 index.json（reviewer 尚未完成）
[2026-08-30 13:28:46] [orchestrator] [COLLECT] 跳过 Fountain-inspired-triboelectric-nanogenerator-as-rotary-energy-h_2025_Nano-E：缺少 score.json 或 index.json（reviewer 尚未完成）
[2026-08-30 13:28:46] [orchestrator] [COLLECT] 跳过 From-anti-counterfeit-polymer-materials-to-dual-mode-visualizati_2025_Nano-E：缺少 score.json 或 index.json（reviewer 尚未完成）
[2026-08-30 13:28:46] [orchestrator] [COLLECT] 跳过 Gao2024_aviation_Microdroplet_splitting_and_mixing_by_portable_triboelectric_nanogenerato：缺少 score.json 或 index.json（reviewer 尚未完成）
[2026-08-30 13:28:46] [orchestrator] [COLLECT] 跳过 Gao2024_aviation_Spontaneously_established_reverse_electric_field_to_enhance_the_performa：缺少 score.json 或 index.json（reviewer 尚未完成）
[2026-08-30 13:28:46] [orchestrator] [COLLECT] 跳过 Gbadam2025_space_Direct_current_generation_in_triboelectric_nanogenerators_through_ionic：缺少 score.json 或 index.json（reviewer 尚未完成）
[2026-08-30 13:28:46] [orchestrator] [COLLECT] 跳过 Grease-lubricated-triboelectric-instantaneous-angular-speed-senso_2023_Nano-：缺少 score.json 或 index.json（reviewer 尚未完成）
[2026-08-30 13:28:46] [orchestrator] [COLLECT] 跳过 Guo2026_biomedical_A_fully_degradable_triboelectric_vagus_nerve_stimulator_for_attenuating：缺少 score.json 或 index.json（reviewer 尚未完成）
[2026-08-30 13:28:46] [orchestrator] [COLLECT] 跳过 Han2025_motion_Monolithically_integrated_ionic_triboelectric_nanogenerators_for_deforma：缺少 score.json 或 index.json（reviewer 尚未完成）
[2026-08-30 13:28:46] [orchestrator] [COLLECT] 跳过 Hao2024_space_Enhancing_output_performance_of_triboelectric_nanogenerator_by_increasin：缺少 score.json 或 index.json（reviewer 尚未完成）
[2026-08-30 13:28:46] [orchestrator] [COLLECT] 跳过 Hao2024_wearable_Triboelectric_nanogenerator_based_on_changing_the_nanomorphology_of_poly：缺少 score.json 或 index.json（reviewer 尚未完成）
[2026-08-30 13:28:46] [orchestrator] [COLLECT] 跳过 High-sensitivity-and-high-resolution-triboelectric-acoustic-sens_2025_Nano-E：缺少 score.json 或 index.json（reviewer 尚未完成）
[2026-08-30 13:28:46] [orchestrator] [COLLECT] 跳过 Highly-sensitive--absolute-and-self-powered-triboelectric-angul_2025_Nano-En：缺少 score.json 或 index.json（reviewer 尚未完成）
[2026-08-30 13:28:46] [orchestrator] [COLLECT] 跳过 InfoMat-Advanced Handwriting Identification- Triboelectric Sensor Array Integrating with Deep Learning Towards High Information Security：缺少 score.json 或 index.json（reviewer 尚未完成）
[2026-08-30 13:28:46] [orchestrator] [COLLECT] 跳过 InfoMat-Miniaturized and cost-effective self-powered triboelectric sensing system towards rapid detection of Puerarin concentration：缺少 score.json 或 index.json（reviewer 尚未完成）
[2026-08-30 13:28:46] [orchestrator] [COLLECT] 跳过 Innovative-smart-gloves-with-Phalanges-based-triboelectric-sensor_2025_Nano-：缺少 score.json 或 index.json（reviewer 尚未完成）
[2026-08-30 13:28:46] [orchestrator] [COLLECT] 跳过 Intelligent-triboelectric-sensor-for-rapid-detecting-of-oil-m_2026_Nano-Ener：缺少 score.json 或 index.json（reviewer 尚未完成）
[2026-08-30 13:28:46] [orchestrator] [COLLECT] 跳过 Interdisciplinary Materials-High-performance triboelectric nanogenerator based on a double-spiral zigzag-origami structure for continuous sensing and signal transmission in marine environment：缺少 score.json 或 index.json（reviewer 尚未完成）
[2026-08-30 13:28:46] [orchestrator] [COLLECT] 跳过 Investigating-superior-performance-by-configuring-bimetallic-elect_2024_Nano：缺少 score.json 或 index.json（reviewer 尚未完成）
[2026-08-30 13:28:46] [orchestrator] [COLLECT] 跳过 JACS-Triboelectric spectroscopy for in-situ chemical analysis of liquids：缺少 score.json 或 index.json（reviewer 尚未完成）
[2026-08-30 13:28:46] [orchestrator] [COLLECT] 跳过 Jiang2022_space_Ion_rectification_based_on_gel_polymer_electrolyte_ionic_diode：缺少 score.json 或 index.json（reviewer 尚未完成）
[2026-08-30 13:28:46] [orchestrator] [COLLECT] 跳过 Jung2023_marine_Self_powered_ocean_buoy_using_a_disk_type_triboelectric_nanogenerator_wi：缺少 score.json 或 index.json（reviewer 尚未完成）
[2026-08-30 13:28:46] [orchestrator] [COLLECT] 跳过 Karabiber2024_smarttextile_Dielectric_size_optimization_for_high_power_density_in_large_scale_tribo：缺少 score.json 或 index.json（reviewer 尚未完成）
[2026-08-30 13:28:46] [orchestrator] [COLLECT] 跳过 Keel2023_tactile_Three_dimensional_graphene_foam_based_triboelectric_nanogenerators_for_e：缺少 score.json 或 index.json（reviewer 尚未完成）
[2026-08-30 13:28:46] [orchestrator] [COLLECT] 跳过 Kovalska2026_acoustic_Multifunctional_energy_autonomous_textile_sensors_enabled_by_spray_coate：缺少 score.json 或 index.json（reviewer 尚未完成）
[2026-08-30 13:28:46] [orchestrator] [COLLECT] 跳过 Lee2024_wind_Integrated_triboelectric_nanogenerator_and_radiative_cooler_for_all_weat：缺少 score.json 或 index.json（reviewer 尚未完成）
[2026-08-30 13:28:46] [orchestrator] [COLLECT] 跳过 Li2022_wind_Filling_the_gap_between_topological_insulator_nanomaterials_and_triboele：缺少 score.json 或 index.json（reviewer 尚未完成）
[2026-08-30 13:28:46] [orchestrator] [COLLECT] 跳过 Li2024_aviation_Triboiontronics_with_temporal_control_of_electrical_double_layer_formati：缺少 score.json 或 index.json（reviewer 尚未完成）
[2026-08-30 13:28:46] [orchestrator] [COLLECT] 跳过 Li2024_robotics_Visualization_and_standardized_quantification_of_surface_charge_density：缺少 score.json 或 index.json（reviewer 尚未完成）
[2026-08-30 13:28:46] [orchestrator] [COLLECT] 跳过 Li2025_aviation_A_self_powered_soft_triboelectric_electrohydrodynamic_pump：缺少 score.json 或 index.json（reviewer 尚未完成）
[2026-08-30 13:28:46] [orchestrator] [COLLECT] 跳过 Liu2022_energyharv_Fabrication_of_triboelectric_polymer_films_via_repeated_rheological_forg：缺少 score.json 或 index.json（reviewer 尚未完成）
[2026-08-30 13:28:46] [orchestrator] [COLLECT] 跳过 Liu2022_wearable_Self_powered_high_sensitivity_all_in_one_vertical_tribo_transistor_devic：缺少 score.json 或 index.json（reviewer 尚未完成）
[2026-08-30 13:28:46] [orchestrator] [COLLECT] 跳过 Liu2022_wind_Standardized_measurement_of_dielectric_materials_intrinsic_triboelectric：缺少 score.json 或 index.json（reviewer 尚未完成）
[2026-08-30 13:28:46] [orchestrator] [COLLECT] 跳过 Liu2022_wind_Touchless_interactive_teaching_of_soft_robots_through_flexible_bimodal_s：缺少 score.json 或 index.json（reviewer 尚未完成）
[2026-08-30 13:28:46] [orchestrator] [COLLECT] 跳过 Liu2025_aviation_Self_powered_sensing_platform_based_on_triboelectric_nanogenerators_towa：缺少 score.json 或 index.json（reviewer 尚未完成）
[2026-08-30 13:28:46] [orchestrator] [COLLECT] 跳过 Liu2025_iot_Field_emission_effect_in_triboelectric_nanogenerators：缺少 score.json 或 index.json（reviewer 尚未完成）
[2026-08-30 13:28:46] [orchestrator] [COLLECT] 跳过 Liu2025_wearable_Triboelectric_tactile_sensor_for_pressure_and_temperature_sensing_in_hig：缺少 score.json 或 index.json（reviewer 尚未完成）
[2026-08-30 13:28:46] [orchestrator] [COLLECT] 跳过 Lotus-leaf-inspired-triboelectric-sensor-for-detecting-seismic_2025_Nano-Ene：缺少 score.json 或 index.json（reviewer 尚未完成）
[2026-08-30 13:28:46] [orchestrator] [COLLECT] 跳过 Lu2022_marine_Liquid_liquid_triboelectric_nanogenerator_based_on_the_immiscible_interf：缺少 score.json 或 index.json（reviewer 尚未完成）
[2026-08-30 13:28:46] [orchestrator] [COLLECT] 跳过 Lu2024_aviation_Magnetic_assisted_self_powered_vehicle_motion_sensor_based_on_triboelect：缺少 score.json 或 index.json（reviewer 尚未完成）
[2026-08-30 13:28:46] [orchestrator] [COLLECT] 跳过 MRS Bull-Nanogenerators- A foundation for high-entropy energy and sensing systems：缺少 score.json 或 index.json（reviewer 尚未完成）
[2026-08-30 13:28:46] [orchestrator] [COLLECT] 跳过 MRS Bulletin-Triboelectric nanogenerators as a probe for studying charge transfer at liquid-solid interface：缺少 score.json 或 index.json（reviewer 尚未完成）
[2026-08-30 13:28:46] [orchestrator] [COLLECT] 跳过 Magnetic-repulsion-assisted-hybrid-breeze-wind-energy-harvester-wit_2025_Nan：缺少 score.json 或 index.json（reviewer 尚未完成）
[2026-08-30 13:28:46] [orchestrator] [COLLECT] 跳过 Materials Today-Fully sprayed triboelectric-piezoresistive hybrid sensor for intelligent sports analytics：缺少 score.json 或 index.json（reviewer 尚未完成）
[2026-08-30 13:28:46] [orchestrator] [COLLECT] 跳过 Mica-nylon-composite-nanofiber-film-based-wearable-triboelectri_2024_Nano-En：缺少 score.json 或 index.json（reviewer 尚未完成）
[2026-08-30 13:28:46] [orchestrator] [COLLECT] 跳过 Mondal2024_wind_CsPbI_sub_3_sub_PVDF_Composite_Based_Multimode_Hybrid_Piezo_Triboelectri：缺少 score.json 或 index.json（reviewer 尚未完成）
[2026-08-30 13:28:46] [orchestrator] [COLLECT] 跳过 Monolithic-thermodielectric-enhanced-triboelectric-sensor-for-au_2026_Nano-E：缺少 score.json 或 index.json（reviewer 尚未完成）
[2026-08-30 13:28:46] [orchestrator] [COLLECT] 跳过 Multi-degree-of-freedom--semi-flexible--embedded-biomimetic-tail-f_2026_Nano：缺少 score.json 或 index.json（reviewer 尚未完成）
[2026-08-30 13:28:46] [orchestrator] [COLLECT] 跳过 Multi-scale-interlocked-PDMS-PDMS-CB-triboelectric-tactile-sensor_2026_Nano-：缺少 score.json 或 index.json（reviewer 尚未完成）
[2026-08-30 13:28:46] [orchestrator] [COLLECT] 跳过 Nano Energy-A multi-dimensional tactile perception system based on triboelectric sensors- towards intelligent sorting without seeing：缺少 score.json 或 index.json（reviewer 尚未完成）
[2026-08-30 13:28:46] [orchestrator] [COLLECT] 跳过 Nano Energy-Emerging sensing systems based on triboelectric nanogenerator：缺少 score.json 或 index.json（reviewer 尚未完成）
[2026-08-30 13:28:46] [orchestrator] [COLLECT] 跳过 Nano Energy-Gate-Coupling-Enhanced Triboelectric-Triggered Proximity Sensory Memory in Ferroelectric Heterostructure：缺少 score.json 或 index.json（reviewer 尚未完成）
[2026-08-30 13:28:46] [orchestrator] [COLLECT] 跳过 Nano Energy-Innovative smart gloves with Phalanges-based triboelectric sensors as a dexterous teaching interface for Embodied Artificial Intelligence：缺少 score.json 或 index.json（reviewer 尚未完成）
[2026-08-30 13:28:46] [orchestrator] [COLLECT] 跳过 Nano Energy-Intelligent triboelectric sensor for rapid detecting of oil mixed in water：缺少 score.json 或 index.json（reviewer 尚未完成）
[2026-08-30 13:28:46] [orchestrator] [COLLECT] 跳过 Nano Energy-Machine Learning Enhanced Rigiflex Pillar-Membrane Triboelectric Nanogenerator for Universal Stereoscopic Recognition：缺少 score.json 或 index.json（reviewer 尚未完成）
[2026-08-30 13:28:46] [orchestrator] [COLLECT] 跳过 Nano Energy-Monolithic thermodielectric-enhanced triboelectric sensor for autonomous safety monitoring in underground engineering：缺少 score.json 或 index.json（reviewer 尚未完成）
[2026-08-30 13:28:46] [orchestrator] [COLLECT] 跳过 Nano Energy-Probing Leidenfrost effect via contact electrification：缺少 score.json 或 index.json（reviewer 尚未完成）
[2026-08-30 13:28:46] [orchestrator] [COLLECT] 跳过 Nano Letters-Flexible Tactile Sensors for 3D Force Detection：缺少 score.json 或 index.json（reviewer 尚未完成）
[2026-08-30 13:28:46] [orchestrator] [COLLECT] 跳过 Nano Today-A tightly coupled electromagnetic-triboelectric hybrid generator for wind energy harvesting and environmental monitoring：缺少 score.json 或 index.json（reviewer 尚未完成）
[2026-08-30 13:28:46] [orchestrator] [COLLECT] 跳过 Nat. Commun-Probing Electrical Double Layer via Triboelectric Charge Transfer：缺少 score.json 或 index.json（reviewer 尚未完成）
[2026-08-30 13:28:46] [orchestrator] [COLLECT] 跳过 Nat. Sensor-A Fully Self-Powered Triboelectric Wireless Sensor for Robotic Arm Control via Efficient Electromagnetic Induction：缺少 score.json 或 index.json（reviewer 尚未完成）
[2026-08-30 13:28:46] [orchestrator] [COLLECT] 跳过 Octopus-inspired-soft-gripper-with-embedded-triboelectric-tactil_2025_Nano-E：缺少 score.json 或 index.json（reviewer 尚未完成）
[2026-08-30 13:28:46] [orchestrator] [COLLECT] 跳过 Origami-structured-triboelectric-nanogenerator-for-energy-and-infor_2026_Jou：缺少 score.json 或 index.json（reviewer 尚未完成）
[2026-08-30 13:28:46] [orchestrator] [COLLECT] 跳过 Pan2024_aviation_Self_powered_and_speed_adjustable_sensor_for_abyssal_ocean_current_measu：缺少 score.json 或 index.json（reviewer 尚未完成）
[2026-08-30 13:28:46] [orchestrator] [COLLECT] 跳过 Qiu2024_wearable_E_cardiac_patch_to_sense_and_repair_infarcted_myocardium：缺少 score.json 或 index.json（reviewer 尚未完成）
[2026-08-30 13:28:46] [orchestrator] [COLLECT] 跳过 Rapid-response-hybrid-piezo-triboelectric-pressure-sensor-using-a_2025_Nano-：缺少 score.json 或 index.json（reviewer 尚未完成）
[2026-08-30 13:28:46] [orchestrator] [COLLECT] 跳过 Ren2024_aviation_High_performance_press_driven_triboelectric_nanogenerator_based_on_a_gea：缺少 score.json 或 index.json（reviewer 尚未完成）
[2026-08-30 13:28:46] [orchestrator] [COLLECT] 跳过 Revolutionizing-energy-harvesting--Eco-friendly-and-adaptable-trib_2024_Nano：缺少 score.json 或 index.json（reviewer 尚未完成）
[2026-08-30 13:28:46] [orchestrator] [COLLECT] 跳过 Scalable-manufacturing-of-self-powered-embroidered-triboelectric_2026_Nano-E：缺少 score.json 或 index.json（reviewer 尚未完成）
[2026-08-30 13:28:46] [orchestrator] [COLLECT] 跳过 Sci. Adv-A wearable triboelectric impedance tomography system for non-invasive and dynamic imaging of biological tissues：缺少 score.json 或 index.json（reviewer 尚未完成）
[2026-08-30 13:28:46] [orchestrator] [COLLECT] 跳过 Sci. Adv.-Self-powered visualized tactile-acoustic sensor for accurate artificial perception with high brightness and record-low detection limit：缺少 score.json 或 index.json（reviewer 尚未完成）
[2026-08-30 13:28:46] [orchestrator] [COLLECT] 跳过 Science Advances-Self-Powered Visualized Tactile-Acoustic Sensor for High-Accuracy Artificial Perception with High Brightness and Record-Low Detection Limit：缺少 score.json 或 index.json（reviewer 尚未完成）
[2026-08-30 13:28:46] [orchestrator] [COLLECT] 跳过 Science Advances-Triboelectric nanogenerator for high-entropy energy self-powered sensors and popular education：缺少 score.json 或 index.json（reviewer 尚未完成）
[2026-08-30 13:28:46] [orchestrator] [COLLECT] 跳过 Science Bulletin-Over 200 times current enhancement via buckling triboelectric nanogenerator at ultra-low speed for monitoring the swelling of lithium ion batteries：缺少 score.json 或 index.json（reviewer 尚未完成）
[2026-08-30 13:28:46] [orchestrator] [COLLECT] 跳过 Self-powered-flexible-force-sensing-sensor-based-on-triboelectric-_2025_Nano：缺少 score.json 或 index.json（reviewer 尚未完成）
[2026-08-30 13:28:46] [orchestrator] [COLLECT] 跳过 Self-powered-optical-triboelectric-sensor-for-remote-vibratio_2025_Nano-Ener：缺少 score.json 或 index.json（reviewer 尚未完成）
[2026-08-30 13:28:46] [orchestrator] [COLLECT] 跳过 Self-powered-triboelectric-sensor-based-on-a-carbon-fiber-glass-f_2024_Nano-：缺少 score.json 或 index.json（reviewer 尚未完成）
[2026-08-30 13:28:46] [orchestrator] [COLLECT] 跳过 Self-powered-wideband-ultrasonic-sensor-based-on-capacitive-triboe_2025_Nano：缺少 score.json 或 index.json（reviewer 尚未完成）
[2026-08-30 13:28:46] [orchestrator] [COLLECT] 跳过 Self-retracting-triboelectric-electromagnetic-hybrid-sensor-for-_2025_Nano-E：缺少 score.json 或 index.json（reviewer 尚未完成）
[2026-08-30 13:28:46] [orchestrator] [COLLECT] 跳过 Shakibi2025_wearable_Aesthetic_wire_free_and_bioresorbable_dermal_tattoo_TENG_system_for_self：缺少 score.json 或 index.json（reviewer 尚未完成）
[2026-08-30 13:28:46] [orchestrator] [COLLECT] 跳过 Shao2024_wind_Large_area_untethered_metamorphic_and_omnidirectionally_stretchable_mult：缺少 score.json 或 index.json（reviewer 尚未完成）
[2026-08-30 13:28:46] [orchestrator] [COLLECT] 跳过 Small-Bioinspired Omnidirectional Iontronic Sensors Based on Triboelectric Charge：缺少 score.json 或 index.json（reviewer 尚未完成）
[2026-08-30 13:28:46] [orchestrator] [COLLECT] 跳过 Small-Feature-Reinforced Strategy for Enhancing the Accuracy of Triboelectric Vibration Sensing Toward Mechanical Equipment Monitoring：缺少 score.json 或 index.json（reviewer 尚未完成）
[2026-08-30 13:28:46] [orchestrator] [COLLECT] 跳过 Small-Interface Charge Transfer Mapping for In Situ Monitoring of Contamination in Liquid Food：缺少 score.json 或 index.json（reviewer 尚未完成）
[2026-08-30 13:28:46] [orchestrator] [COLLECT] 跳过 Small-Wireless self-powered triboelectric-based sensor for real-time quantitative monitoring of gas-liquid mixed flow：缺少 score.json 或 index.json（reviewer 尚未完成）
[2026-08-30 13:28:46] [orchestrator] [COLLECT] 跳过 Smart-ping-pong-paddle-with-triboelectric-self-powered-wirele_2024_Nano-Ener：缺少 score.json 或 index.json（reviewer 尚未完成）
[2026-08-30 13:28:46] [orchestrator] [COLLECT] 跳过 Strain-insensitive-stretchable-triboelectric-tactile-sensors-vi_2025_Nano-En：缺少 score.json 或 index.json（reviewer 尚未完成）
[2026-08-30 13:28:46] [orchestrator] [COLLECT] 跳过 Subbotina2022_space_Aqueous_synthesis_of_highly_functional_hydrophobic_and_chemically_recycl：缺少 score.json 或 index.json（reviewer 尚未完成）
[2026-08-30 13:28:46] [orchestrator] [COLLECT] 跳过 Sun2025_wind_Impedance_decoupling_strategy_to_enhance_the_real_time_powering_performa：缺少 score.json 或 index.json（reviewer 尚未完成）
[2026-08-30 13:28:46] [orchestrator] [COLLECT] 跳过 Tan2024_tactile_Self_powered_tactile_sensor_for_real_time_recognition_of_Morse_code_base：缺少 score.json 或 index.json（reviewer 尚未完成）
[2026-08-30 13:28:46] [orchestrator] [COLLECT] 跳过 Tang2025_aviation_Rattle_drum_inspired_triboelectric_nanogenerator_with_enhanced_output_us：缺少 score.json 或 index.json（reviewer 尚未完成）
[2026-08-30 13:28:46] [orchestrator] [COLLECT] 跳过 Tao2025_wind_Electro_spun_nanofibers_based_triboelectric_nanogenerators_in_wearable_e：缺少 score.json 或 index.json（reviewer 尚未完成）
[2026-08-30 13:28:46] [orchestrator] [COLLECT] 跳过 Thermal-stable-cordierite-embedded-polyimide-based-triboelectric-_2025_Nano-：缺少 score.json 或 index.json（reviewer 尚未完成）
[2026-08-30 13:28:46] [orchestrator] [COLLECT] 跳过 Triboelectric-induced-abnormal-tribovoltaic-effect-at-the-metal-Ga_2026_Joul：缺少 score.json 或 index.json（reviewer 尚未完成）
[2026-08-30 13:28:46] [orchestrator] [COLLECT] 跳过 Triboelectric-nanogenerator-powering-piezoresistive-cement-based-_2025_Nano-：缺少 score.json 或 index.json（reviewer 尚未完成）
[2026-08-30 13:28:46] [orchestrator] [COLLECT] 跳过 Triboelectric-nanogenerator-sensors-based-trans-media-motion-moni_2025_Nano-：缺少 score.json 或 index.json（reviewer 尚未完成）
[2026-08-30 13:28:46] [orchestrator] [COLLECT] 跳过 Triboelectric-sensor-for-mid-frequency-acoustic-signals-detect_2025_Nano-Ene：缺少 score.json 或 index.json（reviewer 尚未完成）
[2026-08-30 13:28:46] [orchestrator] [COLLECT] 跳过 Ultra-stretchable-and-anti-freezing-ionic-conductive-hydrogels-as-_2024_Nano：缺少 score.json 或 index.json（reviewer 尚未完成）
[2026-08-30 13:28:46] [orchestrator] [COLLECT] 跳过 Ultra-wide-frequency-response-and-high-resolution-triboelectric-a_2025_Nano-：缺少 score.json 或 index.json（reviewer 尚未完成）
[2026-08-30 13:28:46] [orchestrator] [COLLECT] 跳过 Using-deep-learning-and-an-annular-triboelectric-sensor-for-mon_2025_Nano-En：缺少 score.json 或 index.json（reviewer 尚未完成）
[2026-08-30 13:28:46] [orchestrator] [COLLECT] 跳过 Wang2024_wind_A_rolling_mode_triboelectric_nanogenerator_with_multi_tunnel_grating_ele：缺少 score.json 或 index.json（reviewer 尚未完成）
[2026-08-30 13:28:46] [orchestrator] [COLLECT] 跳过 Wang2024_wind_Contact_electro_catalytic_CO2_reduction_from_ambient_air：缺少 score.json 或 index.json（reviewer 尚未完成）
[2026-08-30 13:28:46] [orchestrator] [COLLECT] 跳过 Waterproof-membrane-cavity-membrane-triboelectric-acoustic-sensor_2026_Nano-：缺少 score.json 或 index.json（reviewer 尚未完成）
[2026-08-30 13:28:46] [orchestrator] [COLLECT] 跳过 Wei2022_biomedical_Flexible_iontronics_based_on_2D_nanofluidic_material：缺少 score.json 或 index.json（reviewer 尚未完成）
[2026-08-30 13:28:46] [orchestrator] [COLLECT] 跳过 Wireless-passive-sensor-design-based-on-a-highly-stable-triboelec_2025_Nano-：缺少 score.json 或 index.json（reviewer 尚未完成）
[2026-08-30 13:28:46] [orchestrator] [COLLECT] 跳过 Wu2024_wind_Efficient_energy_conversion_mechanism_and_energy_storage_strategy_for_tr：缺少 score.json 或 index.json（reviewer 尚未完成）
[2026-08-30 13:28:46] [orchestrator] [COLLECT] 跳过 Xia2023_marine_Metallic_glass_based_triboelectric_nanogenerators：缺少 score.json 或 index.json（reviewer 尚未完成）
[2026-08-30 13:28:46] [orchestrator] [COLLECT] 跳过 Xu2022_aviation_A_bio_inspired_and_self_powered_triboelectric_tactile_sensor_for_underwa：缺少 score.json 或 index.json（reviewer 尚未完成）
[2026-08-30 13:28:46] [orchestrator] [COLLECT] 跳过 Xu2022_space_Van_der_Waals_force_induced_intralayer_ferroelectric_to_antiferroelectri：缺少 score.json 或 index.json（reviewer 尚未完成）
[2026-08-30 13:28:46] [orchestrator] [COLLECT] 跳过 Xu2025_wind_Integrating_machine_learning_with_triboelectric_nanogenerators_Optimizin：缺少 score.json 或 index.json（reviewer 尚未完成）
[2026-08-30 13:28:46] [orchestrator] [COLLECT] 跳过 Yang2022_iot_Improved_pharmacodynamics_of_epidermal_growth_factor_via_microneedles_ba：缺少 score.json 或 index.json（reviewer 尚未完成）
[2026-08-30 13:28:46] [orchestrator] [COLLECT] 跳过 Yang2025_wind_Skeleton_enhanced_droplet_energy_harvesting：缺少 score.json 或 index.json（reviewer 尚未完成）
[2026-08-30 13:28:46] [orchestrator] [COLLECT] 跳过 Zhang2022_wind_Bioinspired_asymmetric_amphiphilic_surface_for_triboelectric_enhanced_ef：缺少 score.json 或 index.json（reviewer 尚未完成）
[2026-08-30 13:28:46] [orchestrator] [COLLECT] 跳过 Zhang2023_iot_Discharge_domains_regulation_and_dynamic_processes_of_direct_current_tri：缺少 score.json 或 index.json（reviewer 尚未完成）
[2026-08-30 13:28:46] [orchestrator] [COLLECT] 跳过 Zhang2024_biomedical_Self_powered_triboelectric_responsive_microneedles_with_controllable_rel：缺少 score.json 或 index.json（reviewer 尚未完成）
[2026-08-30 13:28:46] [orchestrator] [COLLECT] 跳过 Zhang2024_wind_Cellulose_nanofiber_mediated_manifold_dynamic_synergy_enabling_adhesive：缺少 score.json 或 index.json（reviewer 尚未完成）
[2026-08-30 13:28:46] [orchestrator] [COLLECT] 跳过 Zhao2022_iot_Underwater_wireless_communication_via_TENG_generated_Maxwell_s_displacem：缺少 score.json 或 index.json（reviewer 尚未完成）
[2026-08-30 13:28:46] [orchestrator] [COLLECT] 跳过 Zhao2025_acoustic_A_pendulum_based_nanogenerator_for_high_entropy_wave_energy_harvesting：缺少 score.json 或 index.json（reviewer 尚未完成）
[2026-08-30 13:28:46] [orchestrator] [COLLECT] 跳过 Zhou2024_acoustic_Sound_frequency_sensitive_triboelectric_nanogenerator_for_multi_function：缺少 score.json 或 index.json（reviewer 尚未完成）
[2026-08-30 13:28:46] [orchestrator] [COLLECT] 跳过 Zhu2026_wind_Effective_wind_energy_harvesting_by_a_triboelectric_electromagnetic_hybr：缺少 score.json 或 index.json（reviewer 尚未完成）
[2026-08-30 13:28:46] [orchestrator] [COLLECT] [QUALIFIED] acoustic_AdvMater2024_Hui_Acoustically_Enhanced_Triboelectric | score=4.85 | subcat=acoustic | qa=11题 (BK1=1 | BK2=1 | BK3=1 | BK4=1 | DG1=1 | DG2=1 | DG3=1 | RP1=1 | RP2=1 | RP3=1 | RP4=1) -> papers/qualified/acoustic/acoustic_AdvMater2024_Hui_Acoustically_Enhanced_Triboelectric
[2026-08-30 13:28:46] [orchestrator] [COLLECT] 跳过 acoustic_NanoEnergy2024_Gao_High_Bandwidth_Self：缺少 score.json 或 index.json（reviewer 尚未完成）
[2026-08-30 13:28:46] [orchestrator] [COLLECT] [QUALIFIED] biomedical_AdvEnergyMater2024_Chung_Acoustic_Tunable_Battery | score=4.85 | subcat=biomedical | qa=11题 (BK1=1 | BK2=1 | BK3=1 | BK4=1 | DG1=1 | DG2=1 | DG3=1 | RP1=1 | RP2=1 | RP3=1 | RP4=1) -> papers/qualified/biomedical/biomedical_AdvEnergyMater2024_Chung_Acoustic_Tunable_Battery
[2026-08-30 13:28:46] [orchestrator] [COLLECT] 跳过 biomedical_BiosensorsAnd2025_Cho_Implantable_Multilayer_Interdigitated：缺少 score.json 或 index.json（reviewer 尚未完成）
[2026-08-30 13:28:46] [orchestrator] [COLLECT] [QUALIFIED] chemical_ACSNano2026_Gao_Triboelectric_Spectroscopy_Situ | score=4.85 | subcat=chemical | qa=11题 (BK1=1 | BK2=1 | BK3=1 | BK4=1 | DG1=1 | DG2=1 | DG3=1 | RP1=1 | RP2=1 | RP3=1 | RP4=1) -> papers/qualified/chemical/chemical_ACSNano2026_Gao_Triboelectric_Spectroscopy_Situ
[2026-08-30 13:28:46] [orchestrator] [COLLECT] [QUALIFIED] chemical_ACSNano2026_Liu_Triboelectric_Spectroscopy_Identification | score=4.85 | subcat=chemical | qa=11题 (BK1=1 | BK2=1 | BK3=1 | BK4=1 | DG1=1 | DG2=1 | DG3=1 | RP1=1 | RP2=1 | RP3=1 | RP4=1) -> papers/qualified/chemical/chemical_ACSNano2026_Liu_Triboelectric_Spectroscopy_Identification
[2026-08-30 13:28:46] [orchestrator] [COLLECT] [QUALIFIED] chemical_AdvFunctMater2025_Xiao_Tubular_Oilsolid_Triboelectric | score=4.85 | subcat=chemical | qa=11题 (BK1=1 | BK2=1 | BK3=1 | BK4=1 | DG1=1 | DG2=1 | DG3=1 | RP1=1 | RP2=1 | RP3=1 | RP4=1) -> papers/qualified/chemical/chemical_AdvFunctMater2025_Xiao_Tubular_Oilsolid_Triboelectric
[2026-08-30 13:28:46] [orchestrator] [COLLECT] [QUALIFIED] chemical_AdvMater2026_Gu_Triboelectric_E_Skin | score=4.85 | subcat=chemical | qa=11题 (BK1=1 | BK2=1 | BK3=1 | BK4=1 | DG1=1 | DG2=1 | DG3=1 | RP1=1 | RP2=1 | RP3=1 | RP4=1) -> papers/qualified/chemical/chemical_AdvMater2026_Gu_Triboelectric_E_Skin
[2026-08-30 13:28:46] [orchestrator] [COLLECT] 跳过 chemical_NanoEnergy2023_Yu_Dual_Mode_Sensor：缺少 score.json 或 index.json（reviewer 尚未完成）
[2026-08-30 13:28:46] [orchestrator] [COLLECT] 跳过 eScience-Bioinspired Triboelectric-driven Multisensory Framework with Autonomous Cross-modal Adaptation：缺少 score.json 或 index.json（reviewer 尚未完成）
[2026-08-30 13:28:46] [orchestrator] [COLLECT] [QUALIFIED] energyharv_AdvEnergyMater2023_Chen_Stackable_Direct_Current | score=4.70 | subcat=energyharv | qa=11题 (BK1=1 | BK2=1 | BK3=1 | BK4=1 | DG1=1 | DG2=1 | DG3=1 | RP1=1 | RP2=1 | RP3=1 | RP4=1) -> papers/qualified/energyharv/energyharv_AdvEnergyMater2023_Chen_Stackable_Direct_Current
[2026-08-30 13:28:46] [orchestrator] [COLLECT] [QUALIFIED] energyharv_AdvEnergyMater2023_Lv_High_Performance_Durable | score=4.85 | subcat=energyharv | qa=11题 (BK1=1 | BK2=1 | BK3=1 | BK4=1 | DG1=1 | DG2=1 | DG3=1 | RP1=1 | RP2=1 | RP3=1 | RP4=1) -> papers/qualified/energyharv/energyharv_AdvEnergyMater2023_Lv_High_Performance_Durable
[2026-08-30 13:28:46] [orchestrator] [COLLECT] [QUALIFIED] energyharv_AdvEnergyMater2023_Qin_Piezo_Tribovoltaic_Nanogenerator | score=4.70 | subcat=energyharv | qa=11题 (BK1=1 | BK2=1 | BK3=1 | BK4=1 | DG1=1 | DG2=1 | DG3=1 | RP1=1 | RP2=1 | RP3=1 | RP4=1) -> papers/qualified/energyharv/energyharv_AdvEnergyMater2023_Qin_Piezo_Tribovoltaic_Nanogenerator
[2026-08-30 13:28:46] [orchestrator] [COLLECT] [QUALIFIED] energyharv_AdvEnergyMater2023_Zhang_Multi_Mode_Vibrational | score=4.70 | subcat=energyharv | qa=11题 (BK1=1 | BK2=1 | BK3=1 | BK4=1 | DG1=1 | DG2=1 | DG3=1 | RP1=1 | RP2=1 | RP3=1 | RP4=1) -> papers/qualified/energyharv/energyharv_AdvEnergyMater2023_Zhang_Multi_Mode_Vibrational
[2026-08-30 13:28:46] [orchestrator] [COLLECT] [QUALIFIED] energyharv_AdvEnergyMater2024_Zhang_Multi_Parameters_Self | score=4.85 | subcat=energyharv | qa=11题 (BK1=1 | BK2=1 | BK3=1 | BK4=1 | DG1=1 | DG2=1 | DG3=1 | RP1=1 | RP2=1 | RP3=1 | RP4=1) -> papers/qualified/energyharv/energyharv_AdvEnergyMater2024_Zhang_Multi_Parameters_Self
[2026-08-30 13:28:46] [orchestrator] [COLLECT] [QUALIFIED] energyharv_AdvFunctMater2025_Gong_Alternating_Electrical_Polarity | score=4.85 | subcat=energyharv | qa=11题 (BK1=1 | BK2=1 | BK3=1 | BK4=1 | DG1=1 | DG2=1 | DG3=1 | RP1=1 | RP2=1 | RP3=1 | RP4=1) -> papers/qualified/energyharv/energyharv_AdvFunctMater2025_Gong_Alternating_Electrical_Polarity
[2026-08-30 13:28:46] [orchestrator] [COLLECT] [QUALIFIED] energyharv_AdvFunctMater2025_Guo_Flexible_Triboelectric_Nanogenerator | score=4.85 | subcat=energyharv | qa=11题 (BK1=1 | BK2=1 | BK3=1 | BK4=1 | DG1=1 | DG2=1 | DG3=1 | RP1=1 | RP2=1 | RP3=1 | RP4=1) -> papers/qualified/energyharv/energyharv_AdvFunctMater2025_Guo_Flexible_Triboelectric_Nanogenerator
[2026-08-30 13:28:46] [orchestrator] [COLLECT] [QUALIFIED] energyharv_AdvMater2026_Zhang_All_Solid_Biomass | score=4.85 | subcat=energyharv | qa=11题 (BK1=1 | BK2=1 | BK3=1 | BK4=1 | DG1=1 | DG2=1 | DG3=1 | RP1=1 | RP2=1 | RP3=1 | RP4=1) -> papers/qualified/energyharv/energyharv_AdvMater2026_Zhang_All_Solid_Biomass
[2026-08-30 13:28:46] [orchestrator] [COLLECT] [QUALIFIED] energyharv_AdvancedMaterials2025_Manojkumar_Triboelectric_Nanogenerator_Enabled | score=4.85 | subcat=energyharv | qa=11题 (BK1=1 | BK2=1 | BK3=1 | BK4=1 | DG1=1 | DG2=1 | DG3=1 | RP1=1 | RP2=1 | RP3=1 | RP4=1) -> papers/qualified/energyharv/energyharv_AdvancedMaterials2025_Manojkumar_Triboelectric_Nanogenerator_Enabled
[2026-08-30 13:28:46] [orchestrator] [COLLECT] [QUALIFIED] hmi_ACSNano2024_Xie_Neuromorphic_Computing_Assisted | score=4.85 | subcat=hmi | qa=11题 (BK1=1 | BK2=1 | BK3=1 | BK4=1 | DG1=1 | DG2=1 | DG3=1 | RP1=1 | RP2=1 | RP3=1 | RP4=1) -> papers/qualified/hmi/hmi_ACSNano2024_Xie_Neuromorphic_Computing_Assisted
[2026-08-30 13:28:46] [orchestrator] [COLLECT] [QUALIFIED] hmi_AdvEnergyMater2023_Salauddin_Highly_Electronegative_V2ctxsilicone | score=4.85 | subcat=hmi | qa=11题 (BK1=1 | BK2=1 | BK3=1 | BK4=1 | DG1=1 | DG2=1 | DG3=1 | RP1=1 | RP2=1 | RP3=1 | RP4=1) -> papers/qualified/hmi/hmi_AdvEnergyMater2023_Salauddin_Highly_Electronegative_V2ctxsilicone
[2026-08-30 13:28:46] [orchestrator] [COLLECT] [QUALIFIED] hmi_AdvFunctMater2024_Wang_Self_Healing_Hydrogel | score=4.85 | subcat=hmi | qa=11题 (BK1=1 | BK2=1 | BK3=1 | BK4=1 | DG1=1 | DG2=1 | DG3=1 | RP1=1 | RP2=1 | RP3=1 | RP4=1) -> papers/qualified/hmi/hmi_AdvFunctMater2024_Wang_Self_Healing_Hydrogel
[2026-08-30 13:28:46] [orchestrator] [COLLECT] [QUALIFIED] hmi_AdvFunctMater2025_Sun_Kirigami_Cube_Inspired | score=4.85 | subcat=hmi | qa=11题 (BK1=1 | BK2=1 | BK3=1 | BK4=1 | DG1=1 | DG2=1 | DG3=1 | RP1=1 | RP2=1 | RP3=1 | RP4=1) -> papers/qualified/hmi/hmi_AdvFunctMater2025_Sun_Kirigami_Cube_Inspired
[2026-08-30 13:28:46] [orchestrator] [COLLECT] [QUALIFIED] hmi_AdvMater2026_Zhao_Tongue_Computer_Tactile | score=4.85 | subcat=hmi | qa=11题 (BK1=1 | BK2=1 | BK3=1 | BK4=1 | DG1=1 | DG2=1 | DG3=1 | RP1=1 | RP2=1 | RP3=1 | RP4=1) -> papers/qualified/hmi/hmi_AdvMater2026_Zhao_Tongue_Computer_Tactile
[2026-08-30 13:28:46] [orchestrator] [COLLECT] 跳过 hmi_NanoEnergy2024_Wang_Flexible_Triboelectric_Sensor：缺少 score.json 或 index.json（reviewer 尚未完成）
[2026-08-30 13:28:46] [orchestrator] [COLLECT] [QUALIFIED] hmi_NanoEnergy2025_Yan_Wearable_Sign_Language | score=4.85 | subcat=hmi | qa=11题 (BK1=1 | BK2=1 | BK3=1 | BK4=1 | DG1=1 | DG2=1 | DG3=1 | RP1=1 | RP2=1 | RP3=1 | RP4=1) -> papers/qualified/hmi/hmi_NanoEnergy2025_Yan_Wearable_Sign_Language
[2026-08-30 13:28:46] [orchestrator] [COLLECT] [QUALIFIED] iot_AdvFunctMater2024_He_High_Accuracy_Liquid | score=4.65 | subcat=iot | qa=11题 (BK1=1 | BK2=1 | BK3=1 | BK4=1 | DG1=1 | DG2=1 | DG3=1 | RP1=1 | RP2=1 | RP3=1 | RP4=1) -> papers/qualified/iot/iot_AdvFunctMater2024_He_High_Accuracy_Liquid
[2026-08-30 13:28:46] [orchestrator] [COLLECT] 跳过 iot_AdvFunctMater2025_Lee_Metamaterial_Adhesives_Integrated：无 .complete 标记（reviewer 仍在出题）
[2026-08-30 13:28:46] [orchestrator] [COLLECT] [QUALIFIED] iot_AdvFunctMater2026_Li_Loofah_Inspired_Hierarchical | score=4.85 | subcat=iot | qa=11题 (BK1=1 | BK2=1 | BK3=1 | BK4=1 | DG1=1 | DG2=1 | DG3=1 | RP1=1 | RP2=1 | RP3=1 | RP4=1) -> papers/qualified/iot/iot_AdvFunctMater2026_Li_Loofah_Inspired_Hierarchical
[2026-08-30 13:28:46] [orchestrator] [COLLECT] [QUALIFIED] iot_AdvMater2024_Wang_Ultra_High_Sensitivity | score=4.70 | subcat=iot | qa=11题 (BK1=1 | BK2=1 | BK3=1 | BK4=1 | DG1=1 | DG2=1 | DG3=1 | RP1=1 | RP2=1 | RP3=1 | RP4=1) -> papers/qualified/iot/iot_AdvMater2024_Wang_Ultra_High_Sensitivity
[2026-08-30 13:28:46] [orchestrator] [COLLECT] [QUALIFIED] iot_AdvMater2024_Zhang_Engineering_Triboelectric_Paper | score=4.85 | subcat=iot | qa=11题 (BK1=1 | BK2=1 | BK3=1 | BK4=1 | DG1=1 | DG2=1 | DG3=1 | RP1=1 | RP2=1 | RP3=1 | RP4=1) -> papers/qualified/iot/iot_AdvMater2024_Zhang_Engineering_Triboelectric_Paper
[2026-08-30 13:28:46] [orchestrator] [COLLECT] 跳过 iot_NanoEnergy2024_Feng_Novel_Self_Powered：缺少 score.json 或 index.json（reviewer 尚未完成）
[2026-08-30 13:28:46] [orchestrator] [COLLECT] [QUALIFIED] marine_ACSEnergyLett2024_Zhang_Self_Propelled_Nanocellulose | score=4.85 | subcat=marine | qa=11题 (BK1=1 | BK2=1 | BK3=1 | BK4=1 | DG1=1 | DG2=1 | DG3=1 | RP1=1 | RP2=1 | RP3=1 | RP4=1) -> papers/qualified/marine/marine_ACSEnergyLett2024_Zhang_Self_Propelled_Nanocellulose
[2026-08-30 13:28:46] [orchestrator] [COLLECT] [QUALIFIED] marine_AdvEnergyMater2022_Han_Achieving_Large_Driving | score=4.70 | subcat=marine | qa=11题 (BK1=1 | BK2=1 | BK3=1 | BK4=1 | DG1=1 | DG2=1 | DG3=1 | RP1=1 | RP2=1 | RP3=1 | RP4=1) -> papers/qualified/marine/marine_AdvEnergyMater2022_Han_Achieving_Large_Driving
[2026-08-30 13:28:46] [orchestrator] [COLLECT] [QUALIFIED] marine_AdvEnergyMater2025_Zhang_Fur_Brush_Disk | score=4.85 | subcat=marine | qa=11题 (BK1=1 | BK2=1 | BK3=1 | BK4=1 | DG1=1 | DG2=1 | DG3=1 | RP1=1 | RP2=1 | RP3=1 | RP4=1) -> papers/qualified/marine/marine_AdvEnergyMater2025_Zhang_Fur_Brush_Disk
[2026-08-30 13:28:46] [orchestrator] [COLLECT] [QUALIFIED] marine_AdvFunctMater2022_Han_Hybrid_Triboelectric_Electromagnetic | score=4.55 | subcat=marine | qa=11题 (BK1=1 | BK2=1 | BK3=1 | BK4=1 | DG1=1 | DG2=1 | DG3=1 | RP1=1 | RP2=1 | RP3=1 | RP4=1) -> papers/qualified/marine/marine_AdvFunctMater2022_Han_Hybrid_Triboelectric_Electromagnetic
[2026-08-30 13:28:46] [orchestrator] [COLLECT] [QUALIFIED] marine_AdvFunctMater2022_Qu_Spherical_Triboelectric_Nanogenerator | score=4.70 | subcat=marine | qa=11题 (BK1=1 | BK2=1 | BK3=1 | BK4=1 | DG1=1 | DG2=1 | DG3=1 | RP1=1 | RP2=1 | RP3=1 | RP4=1) -> papers/qualified/marine/marine_AdvFunctMater2022_Qu_Spherical_Triboelectric_Nanogenerator
[2026-08-30 13:28:46] [orchestrator] [COLLECT] [QUALIFIED] marine_AdvFunctMater2022_Yang_Barycenter_Self_Adapting | score=4.50 | subcat=marine | qa=11题 (BK1=1 | BK2=1 | BK3=1 | BK4=1 | DG1=1 | DG2=1 | DG3=1 | RP1=1 | RP2=1 | RP3=1 | RP4=1) -> papers/qualified/marine/marine_AdvFunctMater2022_Yang_Barycenter_Self_Adapting
[2026-08-30 13:28:46] [orchestrator] [COLLECT] [QUALIFIED] marine_AdvFunctMater2023_Yang_Swing_Self_Regulated | score=4.70 | subcat=marine | qa=11题 (BK1=1 | BK2=1 | BK3=1 | BK4=1 | DG1=1 | DG2=1 | DG3=1 | RP1=1 | RP2=1 | RP3=1 | RP4=1) -> papers/qualified/marine/marine_AdvFunctMater2023_Yang_Swing_Self_Regulated
[2026-08-30 13:28:46] [orchestrator] [COLLECT] [QUALIFIED] marine_AdvFunctMater2025_Wang_Achieving_Dual_Function | score=4.85 | subcat=marine | qa=11题 (BK1=1 | BK2=1 | BK3=1 | BK4=1 | DG1=1 | DG2=1 | DG3=1 | RP1=1 | RP2=1 | RP3=1 | RP4=1) -> papers/qualified/marine/marine_AdvFunctMater2025_Wang_Achieving_Dual_Function
[2026-08-30 13:28:46] [orchestrator] [COLLECT] [QUALIFIED] marine_AdvancedMaterials2025_Huo_Gravity_Switch_Triggered | score=4.85 | subcat=marine | qa=11题 (BK1=1 | BK2=1 | BK3=1 | BK4=1 | DG1=1 | DG2=1 | DG3=1 | RP1=1 | RP2=1 | RP3=1 | RP4=1) -> papers/qualified/marine/marine_AdvancedMaterials2025_Huo_Gravity_Switch_Triggered
[2026-08-30 13:28:46] [orchestrator] [COLLECT] 跳过 marine_NatComm2026_Huang_Bubble_Burst_Induced：无 .complete 标记（reviewer 仍在出题）
[2026-08-30 13:28:46] [orchestrator] [COLLECT] [QUALIFIED] motion_AdvFunctMater2025_Gao_Fabric_Reinforced_Functional | score=4.85 | subcat=motion | qa=11题 (BK1=1 | BK2=1 | BK3=1 | BK4=1 | DG1=1 | DG2=1 | DG3=1 | RP1=1 | RP2=1 | RP3=1 | RP4=1) -> papers/qualified/motion/motion_AdvFunctMater2025_Gao_Fabric_Reinforced_Functional
[2026-08-30 13:28:46] [orchestrator] [COLLECT] [QUALIFIED] motion_AdvMater2026_Wang_Ultra_Robust_Hyperelastic | score=4.65 | subcat=motion | qa=11题 (BK1=1 | BK2=1 | BK3=1 | BK4=1 | DG1=1 | DG2=1 | DG3=1 | RP1=1 | RP2=1 | RP3=1 | RP4=1) -> papers/qualified/motion/motion_AdvMater2026_Wang_Ultra_Robust_Hyperelastic
[2026-08-30 13:28:46] [orchestrator] [COLLECT] 跳过 motion_NanoEnergy2024_Sun_Machine_Learning_Coupled：缺少 score.json 或 index.json（reviewer 尚未完成）
[2026-08-30 13:28:46] [orchestrator] [COLLECT] 跳过 nn2c11633：缺少 score.json 或 index.json（reviewer 尚未完成）
[2026-08-30 13:28:46] [orchestrator] [COLLECT] 跳过 nn2c11633_si_001：缺少 score.json 或 index.json（reviewer 尚未完成）
[2026-08-30 13:28:46] [orchestrator] [COLLECT] [QUALIFIED] smarttextile_AdvEnergyMater2022_Wu_Industrial_Fabrication_3d | score=4.85 | subcat=smarttextile | qa=11题 (BK1=1 | BK2=1 | BK3=1 | BK4=1 | DG1=1 | DG2=1 | DG3=1 | RP1=1 | RP2=1 | RP3=1 | RP4=1) -> papers/qualified/smarttextile/smarttextile_AdvEnergyMater2022_Wu_Industrial_Fabrication_3d
[2026-08-30 13:28:46] [orchestrator] [COLLECT] [QUALIFIED] smarttextile_AdvancedScience2024_Xing_Multistrand_Twisted_Triboelectric | score=4.85 | subcat=smarttextile | qa=11题 (BK1=1 | BK2=1 | BK3=1 | BK4=1 | DG1=1 | DG2=1 | DG3=1 | RP1=1 | RP2=1 | RP3=1 | RP4=1) -> papers/qualified/smarttextile/smarttextile_AdvancedScience2024_Xing_Multistrand_Twisted_Triboelectric
[2026-08-30 13:28:46] [orchestrator] [COLLECT] 跳过 tactile_AcsSensors2024_Huang_Human_Friendly_Self：缺少 score.json 或 index.json（reviewer 尚未完成）
[2026-08-30 13:28:46] [orchestrator] [COLLECT] [QUALIFIED] tactile_AdvFunctMater2024_Zhu_Hierarchical_Structure_Self | score=4.60 | subcat=tactile | qa=11题 (BK1=1 | BK2=1 | BK3=1 | BK4=1 | DG1=1 | DG2=1 | DG3=1 | RP1=1 | RP2=1 | RP3=1 | RP4=1) -> papers/qualified/tactile/tactile_AdvFunctMater2024_Zhu_Hierarchical_Structure_Self
[2026-08-30 13:28:46] [orchestrator] [COLLECT] 跳过 tactile_NanoEnergy2023_Seo_Rationally_Designed_Micropixelation：缺少 score.json 或 index.json（reviewer 尚未完成）
[2026-08-30 13:28:46] [orchestrator] [COLLECT] 跳过 tactile_NanoEnergy2024_Wang_Enhancing_Recognition_Accuracy：缺少 score.json 或 index.json（reviewer 尚未完成）
[2026-08-30 13:28:46] [orchestrator] [COLLECT] [QUALIFIED] wearable_AdvEnergyMater2023_Yang_Triboelectric_Nanogenerator_Enabled | score=4.35 | subcat=wearable | qa=11题 (BK1=1 | BK2=1 | BK3=1 | BK4=1 | DG1=1 | DG2=1 | DG3=1 | RP1=1 | RP2=1 | RP3=1 | RP4=1) -> papers/qualified/wearable/wearable_AdvEnergyMater2023_Yang_Triboelectric_Nanogenerator_Enabled
[2026-08-30 13:28:46] [orchestrator] [COLLECT] 跳过 wearable_NanoEnergy2023_Han_Self_Powered_Slippery：缺少 score.json 或 index.json（reviewer 尚未完成）
[2026-08-30 13:28:46] [orchestrator] [COLLECT] 跳过 wearable_NanoEnergy2023_He_Mechanoreceptor_Inspired_Ear：缺少 score.json 或 index.json（reviewer 尚未完成）
[2026-08-30 13:28:46] [orchestrator] [COLLECT] 跳过 wearable_NanoEnergy2023_He_Mechanoreceptor_Inspired_Ear__dup1：缺少 score.json 或 index.json（reviewer 尚未完成）
[2026-08-30 13:28:46] [orchestrator] [COLLECT] 跳过 wearable_NanoEnergy2023_Mao_Health_Monitoring_System：缺少 score.json 或 index.json（reviewer 尚未完成）
[2026-08-30 13:28:46] [orchestrator] [COLLECT] [QUALIFIED] wearable_NanoEnergy2026_Liu_Self_Powered_Wearable | score=4.85 | subcat=wearable | qa=11题 (BK1=1 | BK2=1 | BK3=1 | BK4=1 | DG1=1 | DG2=1 | DG3=1 | RP1=1 | RP2=1 | RP3=1 | RP4=1) -> papers/qualified/wearable/wearable_NanoEnergy2026_Liu_Self_Powered_Wearable
[2026-08-30 13:28:46] [orchestrator] [COLLECT] [QUALIFIED] wind_AdvEnergyMater2022_Yong_Environmental_Self_Adaptive | score=4.70 | subcat=wind | qa=11题 (BK1=1 | BK2=1 | BK3=1 | BK4=1 | DG1=1 | DG2=1 | DG3=1 | RP1=1 | RP2=1 | RP3=1 | RP4=1) -> papers/qualified/wind/wind_AdvEnergyMater2022_Yong_Environmental_Self_Adaptive
[2026-08-30 13:28:46] [orchestrator] [COLLECT] [QUALIFIED] wind_AdvEnergyMater2024_Hu_Combined_Wind_Harvesting | score=4.85 | subcat=wind | qa=11题 (BK1=1 | BK2=1 | BK3=1 | BK4=1 | DG1=1 | DG2=1 | DG3=1 | RP1=1 | RP2=1 | RP3=1 | RP4=1) -> papers/qualified/wind/wind_AdvEnergyMater2024_Hu_Combined_Wind_Harvesting
[2026-08-30 13:28:46] [orchestrator] [COLLECT] [QUALIFIED] wind_AdvFunctMater2022_Yu_Moisture_Resistant_Stable | score=4.50 | subcat=wind | qa=11题 (BK1=1 | BK2=1 | BK3=1 | BK4=1 | DG1=1 | DG2=1 | DG3=1 | RP1=1 | RP2=1 | RP3=1 | RP4=1) -> papers/qualified/wind/wind_AdvFunctMater2022_Yu_Moisture_Resistant_Stable
[2026-08-30 13:28:46] [orchestrator] [COLLECT] [QUALIFIED] wind_AdvFunctMater2023_Mu_Achieving_High_Efficiency | score=5.00 | subcat=wind | qa=11题 (BK1=1 | BK2=1 | BK3=1 | BK4=1 | DG1=1 | DG2=1 | DG3=1 | RP1=1 | RP2=1 | RP3=1 | RP4=1) -> papers/qualified/wind/wind_AdvFunctMater2023_Mu_Achieving_High_Efficiency
[2026-08-30 13:28:46] [orchestrator] [COLLECT] 完成：qualified=45 rejected=0 skipped=182
[2026-08-30 13:28:46] [orchestrator] [UPDATE] phase 保持：screening（inbox=0 cache=182）
[2026-08-30 13:28:46] [orchestrator] [UPDATE] master.json 已写入：phase=screening
[2026-08-30 13:28:46] [orchestrator] [ASSEMBLE] 跳过：papers/qualified/.validated 不存在（qa-validator 尚未完成）
[2026-08-30 13:32:54] [reviewer] [PAPER_ID] 生成 paper_id：wind_AdvEnergyMater2024_Zhu_Bladeless_Wind_Turbine
[2026-08-30 13:32:54] [reviewer] [PAPER_ID]   subcategory=wind venue=Advanced Energy Materials date=2024-06 authors=['Mingkang Zhu'] title=Bladeless Wind Turbine Triboelectric Nanogenerator for Effec
[2026-08-30 13:32:54] [reviewer] [PAPER_ID] PDF 重命名：Advanced Energy Materials - 2024 - Zhu - Bladeless Wind Turbine Triboelectric Nanogenerator for Effectively Harvesting.pdf -> wind_AdvEnergyMater2024_Zhu_Bladeless_Wind_Turbine.pdf
[2026-08-30 13:32:54] [reviewer] [PAPER_ID] 目录重命名：Advanced Energy Materials - 2024 - Zhu - Bladeless Wind Turbine Triboelectric Nanogenerator for Effectively Harvesting -> wind_AdvEnergyMater2024_Zhu_Bladeless_Wind_Turbine
[2026-08-30 13:32:54] [reviewer] [PAPER_ID] 完成：wind_AdvEnergyMater2024_Zhu_Bladeless_Wind_Turbine
[2026-08-30 13:46:24] [reviewer] [PAPER_ID] 生成 paper_id：energyharv_AdvEnergyMater2025_Mulvihill_How_Test_Triboelectric
[2026-08-30 13:46:24] [reviewer] [PAPER_ID]   subcategory=energyharv venue=Advanced Energy Materials date=2025-08 authors=['Daniel M. Mulvihill'] title=How to Test Triboelectric Nanogenerators: Key Factors for St
[2026-08-30 13:46:24] [reviewer] [PAPER_ID] PDF 重命名：Advanced Energy Materials - 2025 - Mulvihill - How to Test Triboelectric Nanogenerators Key Factors for Standardized Performance Evaluation.pdf -> energyharv_AdvEnergyMater2025_Mulvihill_How_Test_Triboelectric.pdf
[2026-08-30 13:46:24] [reviewer] [PAPER_ID] 目录重命名：Advanced Energy Materials - 2025 - Mulvihill - How to Test Triboelectric Nanogenerators Key Factors for Standardized Performance Evaluation -> energyharv_AdvEnergyMater2025_Mulvihill_How_Test_Triboelectric
[2026-08-30 13:46:24] [reviewer] [PAPER_ID] 完成：energyharv_AdvEnergyMater2025_Mulvihill_How_Test_Triboelectric
[2026-08-30 14:00:07] [reviewer] [PAPER_ID] 生成 paper_id：hmi_NanoResearch2025_Tan_Self_Powered_Tactile
[2026-08-30 14:00:07] [reviewer] [PAPER_ID]   subcategory=hmi venue=Nano Research date=2025-02 authors=['Shenxing Tan'] title=Self-powered tactile sensor for real-time recognition of Mor
[2026-08-30 14:00:07] [reviewer] [PAPER_ID] PDF 重命名：Tan2024_tactile_Self_powered_tactile_sensor_for_real_time_recognition_of_Morse_code_base.pdf -> hmi_NanoResearch2025_Tan_Self_Powered_Tactile.pdf
[2026-08-30 14:00:07] [reviewer] [PAPER_ID] 目录重命名：Tan2024_tactile_Self_powered_tactile_sensor_for_real_time_recognition_of_Morse_code_base -> hmi_NanoResearch2025_Tan_Self_Powered_Tactile
[2026-08-30 14:00:07] [reviewer] [PAPER_ID] 完成：hmi_NanoResearch2025_Tan_Self_Powered_Tactile
[2026-08-30 14:01:02] [reviewer] [PAPER_ID] 生成 paper_id：biomedical_NatComm2022_Wei_Flexible_Iontronics_2d
[2026-08-30 14:01:02] [reviewer] [PAPER_ID]   subcategory=biomedical venue=Nature Communications date=2022-08 authors=['Di Wei'] title=Flexible iontronics based on 2D nanofluidic material
[2026-08-30 14:01:02] [reviewer] [PAPER_ID] PDF 重命名：Wei2022_biomedical_Flexible_iontronics_based_on_2D_nanofluidic_material.pdf -> biomedical_NatComm2022_Wei_Flexible_Iontronics_2d.pdf
[2026-08-30 14:01:02] [reviewer] [PAPER_ID] 目录重命名：Wei2022_biomedical_Flexible_iontronics_based_on_2D_nanofluidic_material -> biomedical_NatComm2022_Wei_Flexible_Iontronics_2d
[2026-08-30 14:01:02] [reviewer] [PAPER_ID] 完成：biomedical_NatComm2022_Wei_Flexible_Iontronics_2d
[2026-08-30 14:01:57] [reviewer] [PAPER_ID] 生成 paper_id：robotics_NanoEnergy2025_Jian_Highly_Sensitive_Absolute
[2026-08-30 14:01:57] [reviewer] [PAPER_ID]   subcategory=robotics venue=Nano Energy date=2025-01 authors=['Gang Jian'] title=Highly-sensitive, absolute and self-powered triboelectric an
[2026-08-30 14:01:57] [reviewer] [PAPER_ID] PDF 重命名：Highly-sensitive--absolute-and-self-powered-triboelectric-angul_2025_Nano-En.pdf -> robotics_NanoEnergy2025_Jian_Highly_Sensitive_Absolute.pdf
[2026-08-30 14:01:57] [reviewer] [PAPER_ID] 目录重命名：Highly-sensitive--absolute-and-self-powered-triboelectric-angul_2025_Nano-En -> robotics_NanoEnergy2025_Jian_Highly_Sensitive_Absolute
[2026-08-30 14:01:57] [reviewer] [PAPER_ID] 完成：robotics_NanoEnergy2025_Jian_Highly_Sensitive_Absolute
[2026-08-30 14:02:00] [reviewer] [PAPER_ID] 生成 paper_id：energyharv_Joule2026_He_Triboelectric_Induced_Abnormal
[2026-08-30 14:02:00] [reviewer] [PAPER_ID]   subcategory=energyharv venue=Joule date=2026-09 authors=['Mingkai He'] title=Triboelectric-induced abnormal tribovoltaic effect at the me
[2026-08-30 14:02:00] [reviewer] [PAPER_ID] PDF 重命名：Triboelectric-induced-abnormal-tribovoltaic-effect-at-the-metal-Ga_2026_Joul.pdf -> energyharv_Joule2026_He_Triboelectric_Induced_Abnormal.pdf
[2026-08-30 14:02:00] [reviewer] [PAPER_ID] 目录重命名：Triboelectric-induced-abnormal-tribovoltaic-effect-at-the-metal-Ga_2026_Joul -> energyharv_Joule2026_He_Triboelectric_Induced_Abnormal
[2026-08-30 14:02:00] [reviewer] [PAPER_ID] 完成：energyharv_Joule2026_He_Triboelectric_Induced_Abnormal
[2026-08-30 14:02:16] [reviewer] [PAPER_ID] 生成 paper_id：hmi_NanoEnergy2025_Liu_Dynamic_Keystroke_Password
[2026-08-30 14:02:16] [reviewer] [PAPER_ID]   subcategory=hmi venue=Nano Energy date=2025-01 authors=['Wenqiu Liu'] title=Dynamic keystroke-password recognition based on piezoelectri
[2026-08-30 14:02:16] [reviewer] [PAPER_ID] PDF 重命名：Dynamic-keystroke-password-recognition-based-on-piezoelectric-trib_2025_Nano.pdf -> hmi_NanoEnergy2025_Liu_Dynamic_Keystroke_Password.pdf
[2026-08-30 14:02:16] [reviewer] [PAPER_ID] 目录重命名：Dynamic-keystroke-password-recognition-based-on-piezoelectric-trib_2025_Nano -> hmi_NanoEnergy2025_Liu_Dynamic_Keystroke_Password
[2026-08-30 14:02:16] [reviewer] [PAPER_ID] 完成：hmi_NanoEnergy2025_Liu_Dynamic_Keystroke_Password
[2026-08-30 14:02:53] [reviewer] [PAPER_ID] 生成 paper_id：marine_AdvMater2022_Deng_Rationally_Structured_Triboelectric
[2026-08-30 14:02:53] [reviewer] [PAPER_ID]   subcategory=marine venue=Advanced Materials date=2022-08 authors=['Zichao Deng'] title=Rationally Structured Triboelectric Nanogenerator Arrays for
[2026-08-30 14:02:53] [reviewer] [PAPER_ID] PDF 重命名：Advanced Materials - 2022 - Deng - Rationally Structured Triboelectric Nanogenerator Arrays for Harvesting Water‐Current.pdf -> marine_AdvMater2022_Deng_Rationally_Structured_Triboelectric.pdf
[2026-08-30 14:02:53] [reviewer] [PAPER_ID] 目录重命名：Advanced Materials - 2022 - Deng - Rationally Structured Triboelectric Nanogenerator Arrays for Harvesting Water‐Current -> marine_AdvMater2022_Deng_Rationally_Structured_Triboelectric
[2026-08-30 14:02:53] [reviewer] [PAPER_ID] 完成：marine_AdvMater2022_Deng_Rationally_Structured_Triboelectric
[2026-08-30 14:03:20] [reviewer] [PAPER_ID] 生成 paper_id：hmi_NatComm2022_Li_Filling_Gap_Between
[2026-08-30 14:03:20] [reviewer] [PAPER_ID]   subcategory=hmi venue=Nature Communications date=2022-02 authors=['Mengjiao Li'] title=Filling the gap between topological insulator nanomaterials 
[2026-08-30 14:03:20] [reviewer] [PAPER_ID] PDF 重命名：Li2022_wind_Filling_the_gap_between_topological_insulator_nanomaterials_and_triboele.pdf -> hmi_NatComm2022_Li_Filling_Gap_Between.pdf
[2026-08-30 14:03:20] [reviewer] [PAPER_ID] 目录重命名：Li2022_wind_Filling_the_gap_between_topological_insulator_nanomaterials_and_triboele -> hmi_NatComm2022_Li_Filling_Gap_Between
[2026-08-30 14:03:20] [reviewer] [PAPER_ID] 完成：hmi_NatComm2022_Li_Filling_Gap_Between
[2026-08-30 14:03:52] [reviewer] [PAPER_ID] 生成 paper_id：acoustic_NanoEnergy2025_Yang_Triboelectric_Sensor_Mid
[2026-08-30 14:03:52] [reviewer] [PAPER_ID]   subcategory=acoustic venue=Nano Energy date=2025-07 authors=['Qianxi Yang'] title=Triboelectric sensor for mid-frequency acoustic signals dete
[2026-08-30 14:03:52] [reviewer] [PAPER_ID] PDF 重命名：Triboelectric-sensor-for-mid-frequency-acoustic-signals-detect_2025_Nano-Ene.pdf -> acoustic_NanoEnergy2025_Yang_Triboelectric_Sensor_Mid.pdf
[2026-08-30 14:03:52] [reviewer] [PAPER_ID] 目录重命名：Triboelectric-sensor-for-mid-frequency-acoustic-signals-detect_2025_Nano-Ene -> acoustic_NanoEnergy2025_Yang_Triboelectric_Sensor_Mid
[2026-08-30 14:03:52] [reviewer] [PAPER_ID] 完成：acoustic_NanoEnergy2025_Yang_Triboelectric_Sensor_Mid
[2026-08-30 14:04:01] [reviewer] [PAPER_ID] 生成 paper_id：robotics_NatComm2024_Li_Visualization_Standardized_Quantification
[2026-08-30 14:04:01] [reviewer] [PAPER_ID]   subcategory=robotics venue=Nature Communications date=2024-07 authors=['Yi Li'] title=Visualization and standardized quantification of surface cha
[2026-08-30 14:04:01] [reviewer] [PAPER_ID] PDF 重命名：Li2024_robotics_Visualization_and_standardized_quantification_of_surface_charge_density.pdf -> robotics_NatComm2024_Li_Visualization_Standardized_Quantification.pdf
[2026-08-30 14:04:01] [reviewer] [PAPER_ID] 目录重命名：Li2024_robotics_Visualization_and_standardized_quantification_of_surface_charge_density -> robotics_NatComm2024_Li_Visualization_Standardized_Quantification
[2026-08-30 14:04:01] [reviewer] [PAPER_ID] 完成：robotics_NatComm2024_Li_Visualization_Standardized_Quantification
[2026-08-30 14:13:23] [reviewer] [PAPER_ID] 生成 paper_id：energyharv_NanoEnergy2025_Dong_Triboelectric_Nanogenerator_Powering
[2026-08-30 14:13:23] [reviewer] [PAPER_ID]   subcategory=energyharv venue=Nano Energy date=2025-02 authors=['Wenkui Dong'] title=Triboelectric nanogenerator-powering piezoresistive cement-b
[2026-08-30 14:13:23] [reviewer] [PAPER_ID] PDF 重命名：Triboelectric-nanogenerator-powering-piezoresistive-cement-based-_2025_Nano-.pdf -> energyharv_NanoEnergy2025_Dong_Triboelectric_Nanogenerator_Powering.pdf
[2026-08-30 14:13:23] [reviewer] [PAPER_ID] 目录重命名：Triboelectric-nanogenerator-powering-piezoresistive-cement-based-_2025_Nano- -> energyharv_NanoEnergy2025_Dong_Triboelectric_Nanogenerator_Powering
[2026-08-30 14:13:23] [reviewer] [PAPER_ID] 完成：energyharv_NanoEnergy2025_Dong_Triboelectric_Nanogenerator_Powering
[2026-08-30 14:14:42] [reviewer] [PAPER_ID] 生成 paper_id：hmi_AdvMater2021_Yang_Self_Powered_Interactive
[2026-08-30 14:14:42] [reviewer] [PAPER_ID]   subcategory=hmi venue=Advanced Materials date=2021-09 authors=['Weifeng Yang'] title=Self-Powered Interactive Fiber Electronics with Visual-Digit
[2026-08-30 14:14:42] [reviewer] [PAPER_ID] PDF 重命名：Advanced Materials - 2021 - Yang - Self‐Powered Interactive Fiber Electronics with Visual Digital Synergies.pdf -> hmi_AdvMater2021_Yang_Self_Powered_Interactive.pdf
[2026-08-30 14:14:42] [reviewer] [PAPER_ID] 目录重命名：Advanced Materials - 2021 - Yang - Self‐Powered Interactive Fiber Electronics with Visual Digital Synergies -> hmi_AdvMater2021_Yang_Self_Powered_Interactive
[2026-08-30 14:14:42] [reviewer] [PAPER_ID] 完成：hmi_AdvMater2021_Yang_Self_Powered_Interactive
[2026-08-30 14:16:00] [reviewer] [PAPER_ID] 生成 paper_id：hmi_NanoEnergy2025_Liu_Innovative_Smart_Gloves
[2026-08-30 14:16:00] [reviewer] [PAPER_ID]   subcategory=hmi venue=Nano Energy date=2025-01 authors=['Long Liu'] title=Innovative smart gloves with Phalanges-based triboelectric s
[2026-08-30 14:16:00] [reviewer] [PAPER_ID] PDF 重命名：Nano Energy-Innovative smart gloves with Phalanges-based triboelectric sensors as a dexterous teaching interface for Embodied Artificial Intelligence.pdf -> hmi_NanoEnergy2025_Liu_Innovative_Smart_Gloves.pdf
[2026-08-30 14:16:00] [reviewer] [PAPER_ID] 目录重命名：Nano Energy-Innovative smart gloves with Phalanges-based triboelectric sensors as a dexterous teaching interface for Embodied Artificial Intelligence -> hmi_NanoEnergy2025_Liu_Innovative_Smart_Gloves
[2026-08-30 14:16:00] [reviewer] [PAPER_ID] 完成：hmi_NanoEnergy2025_Liu_Innovative_Smart_Gloves
[2026-08-30 14:16:14] [reviewer] [PAPER_ID] 生成 paper_id：chemical_NanoEnergy2026_Gao_Intelligent_Triboelectric_Sensor
[2026-08-30 14:16:14] [reviewer] [PAPER_ID]   subcategory=chemical venue=Nano Energy date=2026-07 authors=['Hongwei Gao'] title=Intelligent triboelectric sensor for rapid detecting of oil 
[2026-08-30 14:16:14] [reviewer] [PAPER_ID] PDF 重命名：Nano Energy-Intelligent triboelectric sensor for rapid detecting of oil mixed in water.pdf -> chemical_NanoEnergy2026_Gao_Intelligent_Triboelectric_Sensor.pdf
[2026-08-30 14:16:14] [reviewer] [PAPER_ID] 目录重命名：Nano Energy-Intelligent triboelectric sensor for rapid detecting of oil mixed in water -> chemical_NanoEnergy2026_Gao_Intelligent_Triboelectric_Sensor
[2026-08-30 14:16:14] [reviewer] [PAPER_ID] 完成：chemical_NanoEnergy2026_Gao_Intelligent_Triboelectric_Sensor
[2026-08-30 14:16:50] [reviewer] [PAPER_ID] 生成 paper_id：tactile_AcsSensors2024_Huang_Human_Friendly_Self
[2026-08-30 14:16:50] [reviewer] [PAPER_ID]   subcategory=tactile venue=ACS Sensors date=2024-05 authors=['Yuhui Huang'] title=A Human Friendly Self-Assembled Triboelectric Sensor for Mul
[2026-08-30 14:16:50] [reviewer] [PAPER_ID] PDF 已是正确文件名，跳过：tactile_AcsSensors2024_Huang_Human_Friendly_Self.pdf
[2026-08-30 14:16:50] [reviewer] [PAPER_ID] 目录已是正确名称，跳过：tactile_AcsSensors2024_Huang_Human_Friendly_Self
[2026-08-30 14:16:50] [reviewer] [PAPER_ID] 完成：tactile_AcsSensors2024_Huang_Human_Friendly_Self
[2026-08-30 14:19:50] [reviewer] [PAPER_ID] 生成 paper_id：wind_NatComm2024_Lee_Integrated_Triboelectric_Nanogenerator
[2026-08-30 14:19:50] [reviewer] [PAPER_ID]   subcategory=wind venue=Nature Communications date=2024-08 authors=['Geon Lee'] title=Integrated triboelectric nanogenerator and radiative cooler 
[2026-08-30 14:19:50] [reviewer] [PAPER_ID] PDF 重命名：Lee2024_wind_Integrated_triboelectric_nanogenerator_and_radiative_cooler_for_all_weat.pdf -> wind_NatComm2024_Lee_Integrated_Triboelectric_Nanogenerator.pdf
[2026-08-30 14:19:50] [reviewer] [PAPER_ID] 目录重命名：Lee2024_wind_Integrated_triboelectric_nanogenerator_and_radiative_cooler_for_all_weat -> wind_NatComm2024_Lee_Integrated_Triboelectric_Nanogenerator
[2026-08-30 14:19:50] [reviewer] [PAPER_ID] 完成：wind_NatComm2024_Lee_Integrated_Triboelectric_Nanogenerator
[2026-08-30 14:25:44] [reviewer] [PAPER_ID] 生成 paper_id：hmi_NanoEnergy2024_Wang_Flexible_Triboelectric_Sensor
[2026-08-30 14:25:44] [reviewer] [PAPER_ID]   subcategory=hmi venue=Nano Energy date=2024-01 authors=['Shiyi Wang'] title=Flexible triboelectric sensor array based on 3D printed bead
[2026-08-30 14:25:44] [reviewer] [PAPER_ID] PDF 已是正确文件名，跳过：hmi_NanoEnergy2024_Wang_Flexible_Triboelectric_Sensor.pdf
[2026-08-30 14:25:44] [reviewer] [PAPER_ID] 目录已是正确名称，跳过：hmi_NanoEnergy2024_Wang_Flexible_Triboelectric_Sensor
[2026-08-30 14:25:44] [reviewer] [PAPER_ID] 完成：hmi_NanoEnergy2024_Wang_Flexible_Triboelectric_Sensor
[2026-08-30 14:26:53] [reviewer] [PAPER_ID] 生成 paper_id：acoustic_NanoEnergy2023_Qiao_Clapping_Triboelectric_Nanogenerators
[2026-08-30 14:26:53] [reviewer] [PAPER_ID]   subcategory=acoustic venue=Nano Energy date=2023-10 authors=['Yuansen Qiao'] title=Clapping triboelectric nanogenerators as self-powered, frequ
[2026-08-30 14:26:53] [reviewer] [PAPER_ID] PDF 重命名：Clapping-triboelectric-nanogenerators-as-self-powered--frequency-_2023_Nano-.pdf -> acoustic_NanoEnergy2023_Qiao_Clapping_Triboelectric_Nanogenerators.pdf
[2026-08-30 14:26:53] [reviewer] [PAPER_ID] 目录重命名：Clapping-triboelectric-nanogenerators-as-self-powered--frequency-_2023_Nano- -> acoustic_NanoEnergy2023_Qiao_Clapping_Triboelectric_Nanogenerators
[2026-08-30 14:26:53] [reviewer] [PAPER_ID] 完成：acoustic_NanoEnergy2023_Qiao_Clapping_Triboelectric_Nanogenerators
[2026-08-30 14:27:48] [reviewer] [PAPER_ID] 生成 paper_id：iot_NanoEnergy2025_Du_Emerging_Sensing_Systems
[2026-08-30 14:27:48] [reviewer] [PAPER_ID]   subcategory=iot venue=Nano Energy date=2025-07 authors=['Yan Du'] title=Emerging sensing systems based on triboelectric nanogenerato
[2026-08-30 14:27:48] [reviewer] [PAPER_ID] PDF 重命名：Nano Energy-Emerging sensing systems based on triboelectric nanogenerator.pdf -> iot_NanoEnergy2025_Du_Emerging_Sensing_Systems.pdf
[2026-08-30 14:27:48] [reviewer] [PAPER_ID] 目录重命名：Nano Energy-Emerging sensing systems based on triboelectric nanogenerator -> iot_NanoEnergy2025_Du_Emerging_Sensing_Systems
[2026-08-30 14:27:48] [reviewer] [PAPER_ID] 完成：iot_NanoEnergy2025_Du_Emerging_Sensing_Systems
[2026-08-30 14:30:27] [reviewer] [PAPER_ID] 生成 paper_id：marine_AdvEnergyMater2025_Zhang_Fur_Brush_Disk
[2026-08-30 14:30:27] [reviewer] [PAPER_ID]   subcategory=marine venue=Advanced Energy Materials date=2025-11 authors=['Shaoxiang Zhang'] title=Fur-Brush Disk Triboelectric Nanogenerator Driven by Cantile
[2026-08-30 14:30:27] [reviewer] [PAPER_ID] PDF 重命名：Advanced Energy Materials - 2025 - Zhang - Fur‐Brush Disk Triboelectric Nanogenerator Driven by Cantilever Oscillating_1.pdf -> marine_AdvEnergyMater2025_Zhang_Fur_Brush_Disk.pdf
[2026-08-30 14:30:27] [reviewer] [PAPER_ID] 目录重命名：Advanced Energy Materials - 2025 - Zhang - Fur‐Brush Disk Triboelectric Nanogenerator Driven by Cantilever Oscillating_1 -> marine_AdvEnergyMater2025_Zhang_Fur_Brush_Disk
[2026-08-30 14:30:27] [reviewer] [PAPER_ID] 完成：marine_AdvEnergyMater2025_Zhang_Fur_Brush_Disk
[2026-08-30 14:30:55] [reviewer] [PAPER_ID] 生成 paper_id：energyharv_NanoEnergy2025_Xu_Integrating_Machine_Learning
[2026-08-30 14:30:55] [reviewer] [PAPER_ID]   subcategory=energyharv venue=Nano Energy date=2025-08 authors=['Guanping Xu'] title=Integrating Machine Learning with Triboelectric Nanogenerato
[2026-08-30 14:30:55] [reviewer] [PAPER_ID] PDF 重命名：Xu2025_wind_Integrating_machine_learning_with_triboelectric_nanogenerators_Optimizin.pdf -> energyharv_NanoEnergy2025_Xu_Integrating_Machine_Learning.pdf
[2026-08-30 14:30:55] [reviewer] [PAPER_ID] 目录重命名：Xu2025_wind_Integrating_machine_learning_with_triboelectric_nanogenerators_Optimizin -> energyharv_NanoEnergy2025_Xu_Integrating_Machine_Learning
[2026-08-30 14:30:55] [reviewer] [PAPER_ID] 完成：energyharv_NanoEnergy2025_Xu_Integrating_Machine_Learning
[2026-08-30 14:32:36] [reviewer] [PAPER_ID] 生成 paper_id：chemical_Small2025_Gu_Interface_Charge_Transfer
[2026-08-30 14:32:36] [reviewer] [PAPER_ID]   subcategory=chemical venue=Small date=2025-08 authors=['Guangxiang Gu'] title=Interface Charge Transfer Mapping for In Situ Monitoring of 
[2026-08-30 14:32:36] [reviewer] [PAPER_ID] PDF 重命名：Small-Interface Charge Transfer Mapping for In Situ Monitoring of Contamination in Liquid Food.pdf -> chemical_Small2025_Gu_Interface_Charge_Transfer.pdf
[2026-08-30 14:32:36] [reviewer] [PAPER_ID] 目录重命名：Small-Interface Charge Transfer Mapping for In Situ Monitoring of Contamination in Liquid Food -> chemical_Small2025_Gu_Interface_Charge_Transfer
[2026-08-30 14:32:36] [reviewer] [PAPER_ID] 完成：chemical_Small2025_Gu_Interface_Charge_Transfer
[2026-08-30 14:34:09] [reviewer] [PAPER_ID] 生成 paper_id：wearable_NatComm2024_Zhang_Cellulose_Nanofiber_Mediated
[2026-08-30 14:34:09] [reviewer] [PAPER_ID]   subcategory=wearable venue=Nature Communications date=2024-05 authors=['Lei Zhang'] title=Cellulose nanofiber-mediated manifold dynamic synergy enabli
[2026-08-30 14:34:09] [reviewer] [PAPER_ID] PDF 重命名：Zhang2024_wind_Cellulose_nanofiber_mediated_manifold_dynamic_synergy_enabling_adhesive.pdf -> wearable_NatComm2024_Zhang_Cellulose_Nanofiber_Mediated.pdf
[2026-08-30 14:34:09] [reviewer] [PAPER_ID] 目录重命名：Zhang2024_wind_Cellulose_nanofiber_mediated_manifold_dynamic_synergy_enabling_adhesive -> wearable_NatComm2024_Zhang_Cellulose_Nanofiber_Mediated
[2026-08-30 14:34:09] [reviewer] [PAPER_ID] 完成：wearable_NatComm2024_Zhang_Cellulose_Nanofiber_Mediated
[2026-08-30 14:36:46] [reviewer] [PAPER_ID] 生成 paper_id：marine_AdvEnergyMater2025_Zhang_Fur_Brush_Disk
[2026-08-30 14:36:46] [reviewer] [PAPER_ID]   subcategory=marine venue=Advanced Energy Materials date=2025-11 authors=['Shaoxiang Zhang'] title=Fur-Brush Disk Triboelectric Nanogenerator Driven by Cantile
[2026-08-30 14:36:46] [reviewer] [PAPER_ID] PDF 重命名：Advanced Energy Materials - 2025 - Zhang - Fur‐Brush Disk Triboelectric Nanogenerator Driven by Cantilever Oscillating.pdf -> marine_AdvEnergyMater2025_Zhang_Fur_Brush_Disk.pdf
[2026-08-30 14:36:46] [reviewer] [PAPER_ID] 警告：目标目录已存在 /Users/lmdhq/WorkSpace/TENGBench/code/cache/marine_AdvEnergyMater2025_Zhang_Fur_Brush_Disk，跳过重命名
[2026-08-30 14:36:46] [reviewer] [PAPER_ID] 完成：Advanced Energy Materials - 2025 - Zhang - Fur‐Brush Disk Triboelectric Nanogenerator Driven by Cantilever Oscillating
[2026-08-30 14:39:09] [reviewer] [PAPER_ID] 生成 paper_id：energyharv_AdvancedScience2025_Yang_Skeleton_Enhanced_Dispersed
[2026-08-30 14:39:09] [reviewer] [PAPER_ID]   subcategory=energyharv venue=Advanced Science date=2025-05 authors=['Changjun Yang'] title=Skeleton Enhanced Dispersed Lubricant Particle Based Triboel
[2026-08-30 14:39:09] [reviewer] [PAPER_ID] PDF 重命名：Yang2025_wind_Skeleton_enhanced_droplet_energy_harvesting.pdf -> energyharv_AdvancedScience2025_Yang_Skeleton_Enhanced_Dispersed.pdf
[2026-08-30 14:39:09] [reviewer] [PAPER_ID] 目录重命名：Yang2025_wind_Skeleton_enhanced_droplet_energy_harvesting -> energyharv_AdvancedScience2025_Yang_Skeleton_Enhanced_Dispersed
[2026-08-30 14:39:09] [reviewer] [PAPER_ID] 完成：energyharv_AdvancedScience2025_Yang_Skeleton_Enhanced_Dispersed
[2026-08-30 14:39:58] [reviewer] [PAPER_ID] 生成 paper_id：hmi_Joule2026_Wang_Origami_Structured_Triboelectric
[2026-08-30 14:39:58] [reviewer] [PAPER_ID]   subcategory=hmi venue=Joule date=2026-05 authors=['Yawei Wang'] title=Origami-structured triboelectric nanogenerator for energy an
[2026-08-30 14:39:58] [reviewer] [PAPER_ID] PDF 重命名：Origami-structured-triboelectric-nanogenerator-for-energy-and-infor_2026_Jou.pdf -> hmi_Joule2026_Wang_Origami_Structured_Triboelectric.pdf
[2026-08-30 14:39:58] [reviewer] [PAPER_ID] 目录重命名：Origami-structured-triboelectric-nanogenerator-for-energy-and-infor_2026_Jou -> hmi_Joule2026_Wang_Origami_Structured_Triboelectric
[2026-08-30 14:39:58] [reviewer] [PAPER_ID] 完成：hmi_Joule2026_Wang_Origami_Structured_Triboelectric
[2026-08-30 14:42:26] [reviewer] [PAPER_ID] 生成 paper_id：motion_AdvMater2013_Yang_Single_Electrode_Triboelectric
[2026-08-30 14:42:26] [reviewer] [PAPER_ID]   subcategory=motion venue=Advanced Materials date=2013-10 authors=['Ya Yang'] title=A Single-Electrode Based Triboelectric Nanogenerator as Self
[2026-08-30 14:42:26] [reviewer] [PAPER_ID] PDF 重命名：Advanced Materials - 2013 - Yang - A Single‐Electrode Based Triboelectric Nanogenerator as Self‐Powered Tracking System.pdf -> motion_AdvMater2013_Yang_Single_Electrode_Triboelectric.pdf
[2026-08-30 14:42:26] [reviewer] [PAPER_ID] 目录重命名：Advanced Materials - 2013 - Yang - A Single‐Electrode Based Triboelectric Nanogenerator as Self‐Powered Tracking System -> motion_AdvMater2013_Yang_Single_Electrode_Triboelectric
[2026-08-30 14:42:26] [reviewer] [PAPER_ID] 完成：motion_AdvMater2013_Yang_Single_Electrode_Triboelectric
[2026-08-30 14:45:20] [reviewer] [PAPER_ID] 生成 paper_id：robotics_NanoEnergy2026_Duan_Dynamic_Charge_Balanced
[2026-08-30 14:45:20] [reviewer] [PAPER_ID]   subcategory=robotics venue=Nano Energy date=2026-04 authors=['Jingle Duan'] title=Dynamic charge-balanced multi-layer noncontact triboelectric
[2026-08-30 14:45:20] [reviewer] [PAPER_ID] PDF 重命名：Dynamic-charge-balanced-multi-layer-noncontact-triboelectric-nanog_2026_Nano.pdf -> robotics_NanoEnergy2026_Duan_Dynamic_Charge_Balanced.pdf
[2026-08-30 14:45:20] [reviewer] [PAPER_ID] 目录重命名：Dynamic-charge-balanced-multi-layer-noncontact-triboelectric-nanog_2026_Nano -> robotics_NanoEnergy2026_Duan_Dynamic_Charge_Balanced
[2026-08-30 14:45:20] [reviewer] [PAPER_ID] 完成：robotics_NanoEnergy2026_Duan_Dynamic_Charge_Balanced
[2026-08-30 14:46:00] [reviewer] [PAPER_ID] 生成 paper_id：wind_NatComm2024_Wang_Contact_Electro_Catalytic
[2026-08-30 14:46:00] [reviewer] [PAPER_ID]   subcategory=wind venue=Nature Communications date=2024-07 authors=['Nannan Wang'] title=Contact-electro-catalytic CO2 reduction from ambient air
[2026-08-30 14:46:00] [reviewer] [PAPER_ID] PDF 重命名：Wang2024_wind_Contact_electro_catalytic_CO2_reduction_from_ambient_air.pdf -> wind_NatComm2024_Wang_Contact_Electro_Catalytic.pdf
[2026-08-30 14:46:00] [reviewer] [PAPER_ID] 目录重命名：Wang2024_wind_Contact_electro_catalytic_CO2_reduction_from_ambient_air -> wind_NatComm2024_Wang_Contact_Electro_Catalytic
[2026-08-30 14:46:00] [reviewer] [PAPER_ID] 完成：wind_NatComm2024_Wang_Contact_Electro_Catalytic
[2026-08-30 14:47:24] [reviewer] [PAPER_ID] 生成 paper_id：smarttextile_NanoEnergy2026_Rashid_Scalable_Manufacturing_Self
[2026-08-30 14:47:24] [reviewer] [PAPER_ID]   subcategory=smarttextile venue=Nano Energy date=2026-07 authors=['Mamunur Rashid'] title=Scalable manufacturing of self-powered embroidered triboelec
[2026-08-30 14:47:24] [reviewer] [PAPER_ID] PDF 重命名：Scalable-manufacturing-of-self-powered-embroidered-triboelectric_2026_Nano-E.pdf -> smarttextile_NanoEnergy2026_Rashid_Scalable_Manufacturing_Self.pdf
[2026-08-30 14:47:24] [reviewer] [PAPER_ID] 目录重命名：Scalable-manufacturing-of-self-powered-embroidered-triboelectric_2026_Nano-E -> smarttextile_NanoEnergy2026_Rashid_Scalable_Manufacturing_Self
[2026-08-30 14:47:24] [reviewer] [PAPER_ID] 完成：smarttextile_NanoEnergy2026_Rashid_Scalable_Manufacturing_Self
[2026-08-30 14:52:07] [reviewer] [PAPER_ID] 生成 paper_id：hmi_AdvMater2025_Zheng_Efficient_Stable_Triboelectric
[2026-08-30 14:52:07] [reviewer] [PAPER_ID]   subcategory=hmi venue=Advanced Materials date=2025-10 authors=['Kaiyuan Zheng'] title=The Efficient and Stable Triboelectric Nanogenerator Materia
[2026-08-30 14:52:07] [reviewer] [PAPER_ID] PDF 重命名：Advanced Materials - 2025 - Zheng - The Efficient and Stable Triboelectric Nanogenerator Materials Based on Electrostatic (1).pdf -> hmi_AdvMater2025_Zheng_Efficient_Stable_Triboelectric.pdf
[2026-08-30 14:52:07] [reviewer] [PAPER_ID] 目录重命名：Advanced Materials - 2025 - Zheng - The Efficient and Stable Triboelectric Nanogenerator Materials Based on Electrostatic (1) -> hmi_AdvMater2025_Zheng_Efficient_Stable_Triboelectric
[2026-08-30 14:52:07] [reviewer] [PAPER_ID] 完成：hmi_AdvMater2025_Zheng_Efficient_Stable_Triboelectric
[2026-08-30 14:53:20] [reviewer] [PAPER_ID] 生成 paper_id：chemical_NanoResearch2025_Gao_Microdroplet_Splitting_Mixing
[2026-08-30 14:53:20] [reviewer] [PAPER_ID]   subcategory=chemical venue=Nano Research date=2025-02 authors=['Qi Gao'] title=Microdroplet splitting and mixing by portable triboelectric 
[2026-08-30 14:53:20] [reviewer] [PAPER_ID] PDF 重命名：Gao2024_aviation_Microdroplet_splitting_and_mixing_by_portable_triboelectric_nanogenerato.pdf -> chemical_NanoResearch2025_Gao_Microdroplet_Splitting_Mixing.pdf
[2026-08-30 14:53:20] [reviewer] [PAPER_ID] 目录重命名：Gao2024_aviation_Microdroplet_splitting_and_mixing_by_portable_triboelectric_nanogenerato -> chemical_NanoResearch2025_Gao_Microdroplet_Splitting_Mixing
[2026-08-30 14:53:20] [reviewer] [PAPER_ID] 完成：chemical_NanoResearch2025_Gao_Microdroplet_Splitting_Mixing
[2026-08-30 14:53:46] [reviewer] [PAPER_ID] 生成 paper_id：robotics_NatureSensors2026_An_Self_Powered_Triboelectric
[2026-08-30 14:53:46] [reviewer] [PAPER_ID]   subcategory=robotics venue=Nature Sensors date=2026-02 authors=['Shanshan An'] title=Self-powered triboelectric wireless sensor for robotic arm c
[2026-08-30 14:53:46] [reviewer] [PAPER_ID] PDF 重命名：Nat. Sensor-A Fully Self-Powered Triboelectric Wireless Sensor for Robotic Arm Control via Efficient Electromagnetic Induction.pdf -> robotics_NatureSensors2026_An_Self_Powered_Triboelectric.pdf
[2026-08-30 14:53:46] [reviewer] [PAPER_ID] 目录重命名：Nat. Sensor-A Fully Self-Powered Triboelectric Wireless Sensor for Robotic Arm Control via Efficient Electromagnetic Induction -> robotics_NatureSensors2026_An_Self_Powered_Triboelectric
[2026-08-30 14:53:46] [reviewer] [PAPER_ID] 完成：robotics_NatureSensors2026_An_Self_Powered_Triboelectric
[2026-08-30 14:59:27] [reviewer] [PAPER_ID] 生成 paper_id：energyharv_NanoEnergy2024_Lei_Ultra_Stretchable_Anti
[2026-08-30 14:59:27] [reviewer] [PAPER_ID]   subcategory=energyharv venue=Nano Energy date=2024-04 authors=['Tongda Lei'] title=Ultra-stretchable and anti-freezing ionic conductive hydroge
[2026-08-30 14:59:27] [reviewer] [PAPER_ID] PDF 重命名：Ultra-stretchable-and-anti-freezing-ionic-conductive-hydrogels-as-_2024_Nano.pdf -> energyharv_NanoEnergy2024_Lei_Ultra_Stretchable_Anti.pdf
[2026-08-30 14:59:27] [reviewer] [PAPER_ID] 目录重命名：Ultra-stretchable-and-anti-freezing-ionic-conductive-hydrogels-as-_2024_Nano -> energyharv_NanoEnergy2024_Lei_Ultra_Stretchable_Anti
[2026-08-30 14:59:27] [reviewer] [PAPER_ID] 完成：energyharv_NanoEnergy2024_Lei_Ultra_Stretchable_Anti
[2026-08-30 15:00:33] [reviewer] [PAPER_ID] 生成 paper_id：iot_NanoEnergy2026_Wang_Monolithic_Thermodielectric_Enhanced
[2026-08-30 15:00:33] [reviewer] [PAPER_ID]   subcategory=iot venue=Nano Energy date=2026-04 authors=['Yuxi Wang'] title=Monolithic thermodielectric-enhanced triboelectric sensor fo
[2026-08-30 15:00:33] [reviewer] [PAPER_ID] PDF 重命名：Monolithic-thermodielectric-enhanced-triboelectric-sensor-for-au_2026_Nano-E.pdf -> iot_NanoEnergy2026_Wang_Monolithic_Thermodielectric_Enhanced.pdf
[2026-08-30 15:00:33] [reviewer] [PAPER_ID] 目录重命名：Monolithic-thermodielectric-enhanced-triboelectric-sensor-for-au_2026_Nano-E -> iot_NanoEnergy2026_Wang_Monolithic_Thermodielectric_Enhanced
[2026-08-30 15:00:33] [reviewer] [PAPER_ID] 完成：iot_NanoEnergy2026_Wang_Monolithic_Thermodielectric_Enhanced
[2026-08-30 15:02:52] [reviewer] [PAPER_ID] 生成 paper_id：space_NatComm2022_Jiang_Ion_Rectification_Gel
[2026-08-30 15:02:52] [reviewer] [PAPER_ID]   subcategory=space venue=Nature Communications date=2022-11 authors=['Fan Jiang'] title=Ion rectification based on gel polymer electrolyte ionic dio
[2026-08-30 15:02:52] [reviewer] [PAPER_ID] PDF 重命名：Jiang2022_space_Ion_rectification_based_on_gel_polymer_electrolyte_ionic_diode.pdf -> space_NatComm2022_Jiang_Ion_Rectification_Gel.pdf
[2026-08-30 15:02:52] [reviewer] [PAPER_ID] 目录重命名：Jiang2022_space_Ion_rectification_based_on_gel_polymer_electrolyte_ionic_diode -> space_NatComm2022_Jiang_Ion_Rectification_Gel
[2026-08-30 15:02:52] [reviewer] [PAPER_ID] 完成：space_NatComm2022_Jiang_Ion_Rectification_Gel
[2026-08-30 15:06:21] [reviewer] [PAPER_ID] 生成 paper_id：acoustic_NanoEnergy2025_Shen_High_Sensitivity_High
[2026-08-30 15:06:21] [reviewer] [PAPER_ID]   subcategory=acoustic venue=Nano Energy date=2025-01 authors=['Rulin Shen'] title=High-sensitivity and high-resolution triboelectric acoustic 
[2026-08-30 15:06:21] [reviewer] [PAPER_ID] PDF 重命名：High-sensitivity-and-high-resolution-triboelectric-acoustic-sens_2025_Nano-E.pdf -> acoustic_NanoEnergy2025_Shen_High_Sensitivity_High.pdf
[2026-08-30 15:06:21] [reviewer] [PAPER_ID] 目录重命名：High-sensitivity-and-high-resolution-triboelectric-acoustic-sens_2025_Nano-E -> acoustic_NanoEnergy2025_Shen_High_Sensitivity_High
[2026-08-30 15:06:21] [reviewer] [PAPER_ID] 完成：acoustic_NanoEnergy2025_Shen_High_Sensitivity_High
[2026-08-30 15:09:15] [reviewer] [PAPER_ID] 生成 paper_id：energyharv_NatComm2025_Liu_Field_Emission_Effect
[2026-08-30 15:09:15] [reviewer] [PAPER_ID]   subcategory=energyharv venue=Nature Communications date=2025-05 authors=['Di Liu'] title=Field emission effect in triboelectric nanogenerators
[2026-08-30 15:09:15] [reviewer] [PAPER_ID] PDF 重命名：Liu2025_iot_Field_emission_effect_in_triboelectric_nanogenerators.pdf -> energyharv_NatComm2025_Liu_Field_Emission_Effect.pdf
[2026-08-30 15:09:15] [reviewer] [PAPER_ID] 目录重命名：Liu2025_iot_Field_emission_effect_in_triboelectric_nanogenerators -> energyharv_NatComm2025_Liu_Field_Emission_Effect
[2026-08-30 15:09:15] [reviewer] [PAPER_ID] 完成：energyharv_NatComm2025_Liu_Field_Emission_Effect
[2026-08-30 15:09:23] [reviewer] [PAPER_ID] 生成 paper_id：smarttextile_NanoResearch2024_Karabiber_Dielectric_Size_Optimization
[2026-08-30 15:09:23] [reviewer] [PAPER_ID]   subcategory=smarttextile venue=Nano Research date=2024-09 authors=['Abdulkerim Karabiber'] title=Dielectric size optimization for high power density in large
[2026-08-30 15:09:23] [reviewer] [PAPER_ID] PDF 重命名：Karabiber2024_smarttextile_Dielectric_size_optimization_for_high_power_density_in_large_scale_tribo.pdf -> smarttextile_NanoResearch2024_Karabiber_Dielectric_Size_Optimization.pdf
[2026-08-30 15:09:23] [reviewer] [PAPER_ID] 目录重命名：Karabiber2024_smarttextile_Dielectric_size_optimization_for_high_power_density_in_large_scale_tribo -> smarttextile_NanoResearch2024_Karabiber_Dielectric_Size_Optimization
[2026-08-30 15:09:23] [reviewer] [PAPER_ID] 完成：smarttextile_NanoResearch2024_Karabiber_Dielectric_Size_Optimization
[2026-08-30 15:15:48] [reviewer] [PAPER_ID] 生成 paper_id：wearable_NanoEnergy2026_Islam_Bifunctional_Siliconenenu_5
[2026-08-30 15:15:48] [reviewer] [PAPER_ID]   subcategory=wearable venue=Nano Energy date=2026-07 authors=['M. Robiul Islam'] title=Bifunctional Silicone@NENU-5 nanocomposite-based wearable se
[2026-08-30 15:15:48] [reviewer] [PAPER_ID] PDF 重命名：Bifunctional-Silicone-NENU-5-nanocomposite-based-wearable-serpi-g_2026_Nano-.pdf -> wearable_NanoEnergy2026_Islam_Bifunctional_Siliconenenu_5.pdf
[2026-08-30 15:15:48] [reviewer] [PAPER_ID] 目录重命名：Bifunctional-Silicone-NENU-5-nanocomposite-based-wearable-serpi-g_2026_Nano- -> wearable_NanoEnergy2026_Islam_Bifunctional_Siliconenenu_5
[2026-08-30 15:15:48] [reviewer] [PAPER_ID] 完成：wearable_NanoEnergy2026_Islam_Bifunctional_Siliconenenu_5
[2026-08-30 15:15:49] [reviewer] [PAPER_ID] 生成 paper_id：iot_NatComm2023_Zhang_Discharge_Domains_Regulation
[2026-08-30 15:15:49] [reviewer] [PAPER_ID]   subcategory=iot venue=Nature Communications date=2023-06 authors=['Jiayue Zhang'] title=Discharge domains regulation and dynamic processes of direct
[2026-08-30 15:15:49] [reviewer] [PAPER_ID] PDF 重命名：Zhang2023_iot_Discharge_domains_regulation_and_dynamic_processes_of_direct_current_tri.pdf -> iot_NatComm2023_Zhang_Discharge_Domains_Regulation.pdf
[2026-08-30 15:15:49] [reviewer] [PAPER_ID] 目录重命名：Zhang2023_iot_Discharge_domains_regulation_and_dynamic_processes_of_direct_current_tri -> iot_NatComm2023_Zhang_Discharge_Domains_Regulation
[2026-08-30 15:15:49] [reviewer] [PAPER_ID] 完成：iot_NatComm2023_Zhang_Discharge_Domains_Regulation
[2026-08-30 15:20:46] [reviewer] [PAPER_ID] 生成 paper_id：marine_InterdisciplinaryMaterials2025_Jiang_High_Performance_Triboelectric
[2026-08-30 15:20:46] [reviewer] [PAPER_ID]   subcategory=marine venue=Interdisciplinary Materials date=2025-01 authors=['Yang Jiang'] title=High-performance triboelectric nanogenerator based on a doub
[2026-08-30 15:20:46] [reviewer] [PAPER_ID] PDF 重命名：Interdisciplinary Materials-High-performance triboelectric nanogenerator based on a double-spiral zigzag-origami structure for continuous sensing and signal transmission in marine environment.pdf -> marine_InterdisciplinaryMaterials2025_Jiang_High_Performance_Triboelectric.pdf
[2026-08-30 15:20:46] [reviewer] [PAPER_ID] 目录重命名：Interdisciplinary Materials-High-performance triboelectric nanogenerator based on a double-spiral zigzag-origami structure for continuous sensing and signal transmission in marine environment -> marine_InterdisciplinaryMaterials2025_Jiang_High_Performance_Triboelectric
[2026-08-30 15:20:46] [reviewer] [PAPER_ID] 完成：marine_InterdisciplinaryMaterials2025_Jiang_High_Performance_Triboelectric
[2026-08-30 15:21:01] [reviewer] [PAPER_ID] 生成 paper_id：marine_NPJFlex2022_Xu_Bio_Inspired_Self
[2026-08-30 15:21:01] [reviewer] [PAPER_ID]   subcategory=marine venue=npj Flexible Electronics date=2022-04 authors=['Peng Xu'] title=A bio-inspired and self-powered triboelectric tactile sensor
[2026-08-30 15:21:01] [reviewer] [PAPER_ID] PDF 重命名：Xu2022_aviation_A_bio_inspired_and_self_powered_triboelectric_tactile_sensor_for_underwa.pdf -> marine_NPJFlex2022_Xu_Bio_Inspired_Self.pdf
[2026-08-30 15:21:01] [reviewer] [PAPER_ID] 目录重命名：Xu2022_aviation_A_bio_inspired_and_self_powered_triboelectric_tactile_sensor_for_underwa -> marine_NPJFlex2022_Xu_Bio_Inspired_Self
[2026-08-30 15:21:01] [reviewer] [PAPER_ID] 完成：marine_NPJFlex2022_Xu_Bio_Inspired_Self
[2026-08-30 15:27:30] [reviewer] [PAPER_ID] 生成 paper_id：energyharv_MrsBulletin2025_Wang_Nanogenerators_Foundation_High
[2026-08-30 15:27:30] [reviewer] [PAPER_ID]   subcategory=energyharv venue=MRS Bulletin date=2025-03 authors=['Zhong Lin Wang'] title=Nanogenerators: A foundation for high-entropy energy and sen
[2026-08-30 15:27:30] [reviewer] [PAPER_ID] PDF 重命名：MRS Bull-Nanogenerators- A foundation for high-entropy energy and sensing systems.pdf -> energyharv_MrsBulletin2025_Wang_Nanogenerators_Foundation_High.pdf
[2026-08-30 15:27:30] [reviewer] [PAPER_ID] 目录重命名：MRS Bull-Nanogenerators- A foundation for high-entropy energy and sensing systems -> energyharv_MrsBulletin2025_Wang_Nanogenerators_Foundation_High
[2026-08-30 15:27:30] [reviewer] [PAPER_ID] 完成：energyharv_MrsBulletin2025_Wang_Nanogenerators_Foundation_High
[2026-08-30 15:30:05] [reviewer] [PAPER_ID] 生成 paper_id：marine_NatComm2024_Wang_Rolling_Mode_Triboelectric
[2026-08-30 15:30:05] [reviewer] [PAPER_ID]   subcategory=marine venue=Nature Communications date=2024-08 authors=['Yawei Wang'] title=A rolling-mode triboelectric nanogenerator with multi-tunnel
[2026-08-30 15:30:05] [reviewer] [PAPER_ID] PDF 重命名：Wang2024_wind_A_rolling_mode_triboelectric_nanogenerator_with_multi_tunnel_grating_ele.pdf -> marine_NatComm2024_Wang_Rolling_Mode_Triboelectric.pdf
[2026-08-30 15:30:05] [reviewer] [PAPER_ID] 目录重命名：Wang2024_wind_A_rolling_mode_triboelectric_nanogenerator_with_multi_tunnel_grating_ele -> marine_NatComm2024_Wang_Rolling_Mode_Triboelectric
[2026-08-30 15:30:05] [reviewer] [PAPER_ID] 完成：marine_NatComm2024_Wang_Rolling_Mode_Triboelectric
[2026-08-30 15:30:28] [reviewer] [PAPER_ID] 生成 paper_id：wind_NanoEnergy2025_Zhang_Dual_Nanomicro_Tip
[2026-08-30 15:30:28] [reviewer] [PAPER_ID]   subcategory=wind venue=Nano Energy date=2025-02 authors=['Huabo Zhang'] title=Dual nano/micro tip-array based liquid-solid interface for u
[2026-08-30 15:30:28] [reviewer] [PAPER_ID] PDF 重命名：Dual-nano-micro-tip-array-based-liquid-solid-interface-for-ultra_2025_Nano-E.pdf -> wind_NanoEnergy2025_Zhang_Dual_Nanomicro_Tip.pdf
[2026-08-30 15:30:28] [reviewer] [PAPER_ID] 目录重命名：Dual-nano-micro-tip-array-based-liquid-solid-interface-for-ultra_2025_Nano-E -> wind_NanoEnergy2025_Zhang_Dual_Nanomicro_Tip
[2026-08-30 15:30:28] [reviewer] [PAPER_ID] 完成：wind_NanoEnergy2025_Zhang_Dual_Nanomicro_Tip
[2026-08-30 15:31:17] [reviewer] [PAPER_ID] 生成 paper_id：marine_NatComm2025_Tang_Rattle_Drum_Inspired
[2026-08-30 15:31:17] [reviewer] [PAPER_ID]   subcategory=marine venue=Nature Communications date=2025-10 authors=['Wei Tang'] title=Rattle drum-inspired triboelectric nanogenerator with enhanc
[2026-08-30 15:31:17] [reviewer] [PAPER_ID] PDF 重命名：Tang2025_aviation_Rattle_drum_inspired_triboelectric_nanogenerator_with_enhanced_output_us.pdf -> marine_NatComm2025_Tang_Rattle_Drum_Inspired.pdf
[2026-08-30 15:31:17] [reviewer] [PAPER_ID] 目录重命名：Tang2025_aviation_Rattle_drum_inspired_triboelectric_nanogenerator_with_enhanced_output_us -> marine_NatComm2025_Tang_Rattle_Drum_Inspired
[2026-08-30 15:31:17] [reviewer] [PAPER_ID] 完成：marine_NatComm2025_Tang_Rattle_Drum_Inspired
[2026-08-30 15:32:50] [reviewer] [PAPER_ID] 生成 paper_id：chemical_AdvEnergyMater2023_Chen_Stackable_Direct_Current
[2026-08-30 15:32:50] [reviewer] [PAPER_ID]   subcategory=chemical venue=Advanced Energy Materials date=2023-01 authors=['Jie Chen'] title=Stackable Direct Current Triboelectric-Electromagnetic Hybri
[2026-08-30 15:32:50] [reviewer] [PAPER_ID] PDF 重命名：Advanced Energy Materials - 2023 - Chen - Stackable Direct Current Triboelectric‐Electromagnetic Hybrid Nanogenerator for_1.pdf -> chemical_AdvEnergyMater2023_Chen_Stackable_Direct_Current.pdf
[2026-08-30 15:32:50] [reviewer] [PAPER_ID] 目录重命名：Advanced Energy Materials - 2023 - Chen - Stackable Direct Current Triboelectric‐Electromagnetic Hybrid Nanogenerator for_1 -> chemical_AdvEnergyMater2023_Chen_Stackable_Direct_Current
[2026-08-30 15:32:50] [reviewer] [PAPER_ID] 完成：chemical_AdvEnergyMater2023_Chen_Stackable_Direct_Current
[2026-08-30 15:34:30] [reviewer] [PAPER_ID] 生成 paper_id：wind_NanoToday2025_Zhou_Tightly_Coupled_Electromagnetic
[2026-08-30 15:34:30] [reviewer] [PAPER_ID]   subcategory=wind venue=Nano Today date=2025-01 authors=['Hanlin Zhou'] title=A tightly coupled electromagnetic-triboelectric hybrid gener
[2026-08-30 15:34:30] [reviewer] [PAPER_ID] PDF 重命名：Nano Today-A tightly coupled electromagnetic-triboelectric hybrid generator for wind energy harvesting and environmental monitoring.pdf -> wind_NanoToday2025_Zhou_Tightly_Coupled_Electromagnetic.pdf
[2026-08-30 15:34:30] [reviewer] [PAPER_ID] 目录重命名：Nano Today-A tightly coupled electromagnetic-triboelectric hybrid generator for wind energy harvesting and environmental monitoring -> wind_NanoToday2025_Zhou_Tightly_Coupled_Electromagnetic
[2026-08-30 15:34:30] [reviewer] [PAPER_ID] 完成：wind_NanoToday2025_Zhou_Tightly_Coupled_Electromagnetic
[2026-08-30 15:35:06] [reviewer] [PAPER_ID] 生成 paper_id：energyharv_NanoResearch2025_Hao_Enhancing_Output_Performance
[2026-08-30 15:35:06] [reviewer] [PAPER_ID]   subcategory=energyharv venue=Nano Research date=2025-01 authors=['Congcong Hao'] title=Enhancing output performance of triboelectric nanogenerator 
[2026-08-30 15:35:06] [reviewer] [PAPER_ID] PDF 重命名：Hao2024_space_Enhancing_output_performance_of_triboelectric_nanogenerator_by_increasin.pdf -> energyharv_NanoResearch2025_Hao_Enhancing_Output_Performance.pdf
[2026-08-30 15:35:06] [reviewer] [PAPER_ID] 目录重命名：Hao2024_space_Enhancing_output_performance_of_triboelectric_nanogenerator_by_increasin -> energyharv_NanoResearch2025_Hao_Enhancing_Output_Performance
[2026-08-30 15:35:06] [reviewer] [PAPER_ID] 完成：energyharv_NanoResearch2025_Hao_Enhancing_Output_Performance
[2026-08-30 15:38:53] [reviewer] [PAPER_ID] 生成 paper_id：chemical_JournalOf2024_Zhang_Triboelectric_Spectroscopy_Situ
[2026-08-30 15:38:53] [reviewer] [PAPER_ID]   subcategory=chemical venue=Journal of the American Chemical Society date=2024-01 authors=['Jinyang Zhang'] title=Triboelectric Spectroscopy for In Situ Chemical Analysis of 
[2026-08-30 15:38:53] [reviewer] [PAPER_ID] PDF 重命名：JACS-Triboelectric spectroscopy for in-situ chemical analysis of liquids.pdf -> chemical_JournalOf2024_Zhang_Triboelectric_Spectroscopy_Situ.pdf
[2026-08-30 15:38:53] [reviewer] [PAPER_ID] 目录重命名：JACS-Triboelectric spectroscopy for in-situ chemical analysis of liquids -> chemical_JournalOf2024_Zhang_Triboelectric_Spectroscopy_Situ
[2026-08-30 15:38:53] [reviewer] [PAPER_ID] 完成：chemical_JournalOf2024_Zhang_Triboelectric_Spectroscopy_Situ
[2026-08-30 15:42:17] [reviewer] [PAPER_ID] 生成 paper_id：hmi_NanoEnergy2024_Guo_Skin_Triboelectric_Sensor
[2026-08-30 15:42:17] [reviewer] [PAPER_ID]   subcategory=hmi venue=Nano Energy date=2024-04 authors=['Wei Guo'] title=An on-skin triboelectric sensor system enabled by heterogene
[2026-08-30 15:42:17] [reviewer] [PAPER_ID] PDF 重命名：An-on-skin-triboelectric-sensor-system-enabled-by-heterogeneous-p_2024_Nano-.pdf -> hmi_NanoEnergy2024_Guo_Skin_Triboelectric_Sensor.pdf
[2026-08-30 15:42:17] [reviewer] [PAPER_ID] 目录重命名：An-on-skin-triboelectric-sensor-system-enabled-by-heterogeneous-p_2024_Nano- -> hmi_NanoEnergy2024_Guo_Skin_Triboelectric_Sensor
[2026-08-30 15:42:17] [reviewer] [PAPER_ID] 完成：hmi_NanoEnergy2024_Guo_Skin_Triboelectric_Sensor
[2026-08-30 15:44:27] [reviewer] [PAPER_ID] 生成 paper_id：robotics_NanoEnergy2026_Peng_Flexible_Arrayed_Triboelectric
[2026-08-30 15:44:27] [reviewer] [PAPER_ID]   subcategory=robotics venue=Nano Energy date=2026-02 authors=['Wang Peng'] title=Flexible arrayed triboelectric pressure sensor with PDMS/CNT
[2026-08-30 15:44:27] [reviewer] [PAPER_ID] PDF 重命名：Flexible-arrayed-triboelectric-pressure-sensor-with-PDMS-CNT-CB-v_2026_Nano-.pdf -> robotics_NanoEnergy2026_Peng_Flexible_Arrayed_Triboelectric.pdf
[2026-08-30 15:44:27] [reviewer] [PAPER_ID] 目录重命名：Flexible-arrayed-triboelectric-pressure-sensor-with-PDMS-CNT-CB-v_2026_Nano- -> robotics_NanoEnergy2026_Peng_Flexible_Arrayed_Triboelectric
[2026-08-30 15:44:27] [reviewer] [PAPER_ID] 完成：robotics_NanoEnergy2026_Peng_Flexible_Arrayed_Triboelectric
[2026-08-30 15:44:57] [reviewer] [PAPER_ID] 生成 paper_id：chemical_AcsApplied2024_Mondal_Cspbi3_Pvdf_Composite
[2026-08-30 15:44:57] [reviewer] [PAPER_ID]   subcategory=chemical venue=ACS Applied Materials & Interfaces date=2024-02 authors=['Suvankar Mondal'] title=CsPbI3-PVDF Composite-Based Multimode Hybrid Piezo-Triboelec
[2026-08-30 15:44:57] [reviewer] [PAPER_ID] PDF 重命名：Mondal2024_wind_CsPbI_sub_3_sub_PVDF_Composite_Based_Multimode_Hybrid_Piezo_Triboelectri.pdf -> chemical_AcsApplied2024_Mondal_Cspbi3_Pvdf_Composite.pdf
[2026-08-30 15:44:57] [reviewer] [PAPER_ID] 目录重命名：Mondal2024_wind_CsPbI_sub_3_sub_PVDF_Composite_Based_Multimode_Hybrid_Piezo_Triboelectri -> chemical_AcsApplied2024_Mondal_Cspbi3_Pvdf_Composite
[2026-08-30 15:44:57] [reviewer] [PAPER_ID] 完成：chemical_AcsApplied2024_Mondal_Cspbi3_Pvdf_Composite
[2026-08-30 15:46:32] [reviewer] [PAPER_ID] 生成 paper_id：acoustic_NanoEnergy2024_Gao_High_Bandwidth_Self
[2026-08-30 15:46:32] [reviewer] [PAPER_ID]   subcategory=acoustic venue=Nano Energy date=2024-01 authors=['Shanshi Gao'] title=High-bandwidth self-powered vibration sensors based on tribo
[2026-08-30 15:46:32] [reviewer] [PAPER_ID] PDF 已是正确文件名，跳过：acoustic_NanoEnergy2024_Gao_High_Bandwidth_Self.pdf
[2026-08-30 15:46:32] [reviewer] [PAPER_ID] 目录已是正确名称，跳过：acoustic_NanoEnergy2024_Gao_High_Bandwidth_Self
[2026-08-30 15:46:32] [reviewer] [PAPER_ID] 完成：acoustic_NanoEnergy2024_Gao_High_Bandwidth_Self
[2026-08-30 15:47:49] [reviewer] [PAPER_ID] 生成 paper_id：robotics_NanoEnergy2025_Xia_All_Foam_Intrinsic
[2026-08-30 15:47:49] [reviewer] [PAPER_ID]   subcategory=robotics venue=Nano Energy date=2025-04 authors=['Kequan Xia'] title=All-foam intrinsic triboelectric static and dynamic pressure
[2026-08-30 15:47:49] [reviewer] [PAPER_ID] PDF 重命名：All-foam-intrinsic-triboelectric-static-and-dynamic-pressure-sens_2025_Nano-.pdf -> robotics_NanoEnergy2025_Xia_All_Foam_Intrinsic.pdf
[2026-08-30 15:47:49] [reviewer] [PAPER_ID] 目录重命名：All-foam-intrinsic-triboelectric-static-and-dynamic-pressure-sens_2025_Nano- -> robotics_NanoEnergy2025_Xia_All_Foam_Intrinsic
[2026-08-30 15:47:49] [reviewer] [PAPER_ID] 完成：robotics_NanoEnergy2025_Xia_All_Foam_Intrinsic
[2026-08-30 15:51:39] [reviewer] [PAPER_ID] 生成 paper_id：tactile_AdvMater2016_Lai_Electric_Eel_Skin
[2026-08-30 15:51:39] [reviewer] [PAPER_ID]   subcategory=tactile venue=Advanced Materials date=2016-09 authors=['Ying-Chih Lai'] title=Electric Eel-Skin-Inspired Mechanically Durable and Super-St
[2026-08-30 15:51:39] [reviewer] [PAPER_ID] PDF 重命名：Advanced Materials - 2016 - Lai - Electric Eel‐Skin‐Inspired Mechanically Durable and Super‐Stretchable Nanogenerator for.pdf -> tactile_AdvMater2016_Lai_Electric_Eel_Skin.pdf
[2026-08-30 15:51:39] [reviewer] [PAPER_ID] 目录重命名：Advanced Materials - 2016 - Lai - Electric Eel‐Skin‐Inspired Mechanically Durable and Super‐Stretchable Nanogenerator for -> tactile_AdvMater2016_Lai_Electric_Eel_Skin
[2026-08-30 15:51:39] [reviewer] [PAPER_ID] 完成：tactile_AdvMater2016_Lai_Electric_Eel_Skin
[2026-08-30 15:54:11] [reviewer] [PAPER_ID] 生成 paper_id：acoustic_NanoEnergy2026_Xi_Amphibious_Triboelectric_Acoustic
[2026-08-30 15:54:11] [reviewer] [PAPER_ID]   subcategory=acoustic venue=Nano Energy date=2026-03 authors=['Zhenxin Xi'] title=Amphibious triboelectric acoustic sensor for bioacoustic sig
[2026-08-30 15:54:11] [reviewer] [PAPER_ID] PDF 重命名：Amphibious-triboelectric-acoustic-sensor-for-bioacoustic-signa_2026_Nano-Ene.pdf -> acoustic_NanoEnergy2026_Xi_Amphibious_Triboelectric_Acoustic.pdf
[2026-08-30 15:54:11] [reviewer] [PAPER_ID] 目录重命名：Amphibious-triboelectric-acoustic-sensor-for-bioacoustic-signa_2026_Nano-Ene -> acoustic_NanoEnergy2026_Xi_Amphibious_Triboelectric_Acoustic
[2026-08-30 15:54:11] [reviewer] [PAPER_ID] 完成：acoustic_NanoEnergy2026_Xi_Amphibious_Triboelectric_Acoustic
[2026-08-30 15:54:25] [reviewer] [PAPER_ID] 生成 paper_id：wind_NatComm2022_Zhang_Bioinspired_Asymmetric_Amphiphilic
[2026-08-30 15:54:25] [reviewer] [PAPER_ID]   subcategory=wind venue=Nature Communications date=2022-07 authors=['Song Zhang'] title=Bioinspired asymmetric amphiphilic surface for triboelectric
[2026-08-30 15:54:25] [reviewer] [PAPER_ID] PDF 重命名：Zhang2022_wind_Bioinspired_asymmetric_amphiphilic_surface_for_triboelectric_enhanced_ef.pdf -> wind_NatComm2022_Zhang_Bioinspired_Asymmetric_Amphiphilic.pdf
[2026-08-30 15:54:25] [reviewer] [PAPER_ID] 目录重命名：Zhang2022_wind_Bioinspired_asymmetric_amphiphilic_surface_for_triboelectric_enhanced_ef -> wind_NatComm2022_Zhang_Bioinspired_Asymmetric_Amphiphilic
[2026-08-30 15:54:25] [reviewer] [PAPER_ID] 完成：wind_NatComm2022_Zhang_Bioinspired_Asymmetric_Amphiphilic
[2026-08-30 15:54:57] [reviewer] [PAPER_ID] 生成 paper_id：iot_NatComm2025_Liu_Self_Powered_Sensing
[2026-08-30 15:54:57] [reviewer] [PAPER_ID]   subcategory=iot venue=Nature Communications date=2025-06 authors=['Lindong Liu'] title=Self-powered sensing platform based on triboelectric nanogen
[2026-08-30 15:54:57] [reviewer] [PAPER_ID] PDF 重命名：Liu2025_aviation_Self_powered_sensing_platform_based_on_triboelectric_nanogenerators_towa.pdf -> iot_NatComm2025_Liu_Self_Powered_Sensing.pdf
[2026-08-30 15:54:57] [reviewer] [PAPER_ID] 目录重命名：Liu2025_aviation_Self_powered_sensing_platform_based_on_triboelectric_nanogenerators_towa -> iot_NatComm2025_Liu_Self_Powered_Sensing
[2026-08-30 15:54:57] [reviewer] [PAPER_ID] 完成：iot_NatComm2025_Liu_Self_Powered_Sensing
[2026-08-30 15:57:44] [reviewer] [PAPER_ID] 生成 paper_id：acoustic_Small2025_Huang_Feature_Reinforced_Strategy
[2026-08-30 15:57:44] [reviewer] [PAPER_ID]   subcategory=acoustic venue=Small date=2025-05 authors=['Junjun Huang'] title=Feature-Reinforced Strategy for Enhancing the Accuracy of Tr
[2026-08-30 15:57:44] [reviewer] [PAPER_ID] PDF 重命名：Small-Feature-Reinforced Strategy for Enhancing the Accuracy of Triboelectric Vibration Sensing Toward Mechanical Equipment Monitoring.pdf -> acoustic_Small2025_Huang_Feature_Reinforced_Strategy.pdf
[2026-08-30 15:57:44] [reviewer] [PAPER_ID] 目录重命名：Small-Feature-Reinforced Strategy for Enhancing the Accuracy of Triboelectric Vibration Sensing Toward Mechanical Equipment Monitoring -> acoustic_Small2025_Huang_Feature_Reinforced_Strategy
[2026-08-30 15:57:44] [reviewer] [PAPER_ID] 完成：acoustic_Small2025_Huang_Feature_Reinforced_Strategy
[2026-08-30 16:01:33] [reviewer] [PAPER_ID] 生成 paper_id：acoustic_NanoResearch2025_Zhou_Sound_Frequency_Sensitive
[2026-08-30 16:01:33] [reviewer] [PAPER_ID]   subcategory=acoustic venue=Nano Research date=2025-06 authors=['Si Yuan Zhou'] title=Sound frequency sensitive triboelectric nanogenerator for mu
[2026-08-30 16:01:33] [reviewer] [PAPER_ID] PDF 重命名：Zhou2024_acoustic_Sound_frequency_sensitive_triboelectric_nanogenerator_for_multi_function.pdf -> acoustic_NanoResearch2025_Zhou_Sound_Frequency_Sensitive.pdf
[2026-08-30 16:01:33] [reviewer] [PAPER_ID] 目录重命名：Zhou2024_acoustic_Sound_frequency_sensitive_triboelectric_nanogenerator_for_multi_function -> acoustic_NanoResearch2025_Zhou_Sound_Frequency_Sensitive
[2026-08-30 16:01:33] [reviewer] [PAPER_ID] 完成：acoustic_NanoResearch2025_Zhou_Sound_Frequency_Sensitive
[2026-08-30 16:01:37] [reviewer] [PAPER_ID] 生成 paper_id：robotics_NanoEnergy2025_Chen_Octopus_Inspired_Soft
[2026-08-30 16:01:37] [reviewer] [PAPER_ID]   subcategory=robotics venue=Nano Energy date=2025-05 authors=['Hongyi Chen'] title=Octopus-inspired soft gripper with embedded triboelectric ta
[2026-08-30 16:01:37] [reviewer] [PAPER_ID] PDF 重命名：Octopus-inspired-soft-gripper-with-embedded-triboelectric-tactil_2025_Nano-E.pdf -> robotics_NanoEnergy2025_Chen_Octopus_Inspired_Soft.pdf
[2026-08-30 16:01:37] [reviewer] [PAPER_ID] 目录重命名：Octopus-inspired-soft-gripper-with-embedded-triboelectric-tactil_2025_Nano-E -> robotics_NanoEnergy2025_Chen_Octopus_Inspired_Soft
[2026-08-30 16:01:37] [reviewer] [PAPER_ID] 完成：robotics_NanoEnergy2025_Chen_Octopus_Inspired_Soft
[2026-08-30 16:06:40] [reviewer] [PAPER_ID] 生成 paper_id：chemical_ChemicalReviews2026_Zhang_Triboelectric_Nanogenerator_As
[2026-08-30 16:06:40] [reviewer] [PAPER_ID]   subcategory=chemical venue=Chemical Reviews date=2026-02 authors=['Jinyang Zhang'] title=Triboelectric Nanogenerator As a Probe for Investigating Cha
[2026-08-30 16:06:40] [reviewer] [PAPER_ID] PDF 重命名：Chem. Rev-Triboelectric nanogenerator as a probe for investigating charge transfer at liquid-solid interfaces.pdf -> chemical_ChemicalReviews2026_Zhang_Triboelectric_Nanogenerator_As.pdf
[2026-08-30 16:06:40] [reviewer] [PAPER_ID] 目录重命名：Chem. Rev-Triboelectric nanogenerator as a probe for investigating charge transfer at liquid-solid interfaces -> chemical_ChemicalReviews2026_Zhang_Triboelectric_Nanogenerator_As
[2026-08-30 16:06:40] [reviewer] [PAPER_ID] 完成：chemical_ChemicalReviews2026_Zhang_Triboelectric_Nanogenerator_As
[2026-08-30 16:10:18] [reviewer] [PAPER_ID] 生成 paper_id：tactile_SciAdv2024_Su_Self_Powered_Visualized
[2026-08-30 16:10:18] [reviewer] [PAPER_ID]   subcategory=tactile venue=Science Advances date=2024-10 authors=['Li Su'] title=Self-powered visualized tactile-acoustic sensor for accurate
[2026-08-30 16:10:18] [reviewer] [PAPER_ID] PDF 重命名：Sci. Adv.-Self-powered visualized tactile-acoustic sensor for accurate artificial perception with high brightness and record-low detection limit.pdf -> tactile_SciAdv2024_Su_Self_Powered_Visualized.pdf
[2026-08-30 16:10:18] [reviewer] [PAPER_ID] 目录重命名：Sci. Adv.-Self-powered visualized tactile-acoustic sensor for accurate artificial perception with high brightness and record-low detection limit -> tactile_SciAdv2024_Su_Self_Powered_Visualized
[2026-08-30 16:10:18] [reviewer] [PAPER_ID] 完成：tactile_SciAdv2024_Su_Self_Powered_Visualized
[2026-08-30 16:11:26] [reviewer] [PAPER_ID] 生成 paper_id：tactile_AdvMater2022_Lu_Wearable_Triboelectric_Visual
[2026-08-30 16:11:26] [reviewer] [PAPER_ID]   subcategory=tactile venue=Advanced Materials date=2022-12 authors=['Dengjun Lu'] title=Wearable Triboelectric Visual Sensors for Tactile Perception
[2026-08-30 16:11:26] [reviewer] [PAPER_ID] PDF 重命名：Advanced Materials - 2022 - Lu - Wearable Triboelectric Visual Sensors for Tactile Perception.pdf -> tactile_AdvMater2022_Lu_Wearable_Triboelectric_Visual.pdf
[2026-08-30 16:11:26] [reviewer] [PAPER_ID] 目录重命名：Advanced Materials - 2022 - Lu - Wearable Triboelectric Visual Sensors for Tactile Perception -> tactile_AdvMater2022_Lu_Wearable_Triboelectric_Visual
[2026-08-30 16:11:26] [reviewer] [PAPER_ID] 完成：tactile_AdvMater2022_Lu_Wearable_Triboelectric_Visual
[2026-08-30 16:14:11] [reviewer] [PAPER_ID] 生成 paper_id：wind_AdvEnergyMater2022_Yong_Environmental_Self_Adaptive
[2026-08-30 16:14:11] [reviewer] [PAPER_ID]   subcategory=wind venue=Advanced Energy Materials date=2022-09 authors=['Shun Yong'] title=Environmental Self-Adaptive Wind Energy Harvesting Technolog
[2026-08-30 16:14:11] [reviewer] [PAPER_ID] PDF 重命名：Advanced Energy Materials - 2022 - Yong - Environmental Self‐Adaptive Wind Energy Harvesting Technology for Self‐Powered_1.pdf -> wind_AdvEnergyMater2022_Yong_Environmental_Self_Adaptive.pdf
[2026-08-30 16:14:11] [reviewer] [PAPER_ID] 目录重命名：Advanced Energy Materials - 2022 - Yong - Environmental Self‐Adaptive Wind Energy Harvesting Technology for Self‐Powered_1 -> wind_AdvEnergyMater2022_Yong_Environmental_Self_Adaptive
[2026-08-30 16:14:11] [reviewer] [PAPER_ID] 完成：wind_AdvEnergyMater2022_Yong_Environmental_Self_Adaptive
[2026-08-30 16:14:27] [reviewer] [PAPER_ID] 生成 paper_id：marine_NatComm2022_Lu_Liquid_Liquid_Triboelectric
[2026-08-30 16:14:27] [reviewer] [PAPER_ID]   subcategory=marine venue=Nature Communications date=2022-09 authors=['Ye Lu'] title=Liquid-liquid triboelectric nanogenerator based on the immis
[2026-08-30 16:14:27] [reviewer] [PAPER_ID] PDF 重命名：Lu2022_marine_Liquid_liquid_triboelectric_nanogenerator_based_on_the_immiscible_interf.pdf -> marine_NatComm2022_Lu_Liquid_Liquid_Triboelectric.pdf
[2026-08-30 16:14:27] [reviewer] [PAPER_ID] 目录重命名：Lu2022_marine_Liquid_liquid_triboelectric_nanogenerator_based_on_the_immiscible_interf -> marine_NatComm2022_Lu_Liquid_Liquid_Triboelectric
[2026-08-30 16:14:27] [reviewer] [PAPER_ID] 完成：marine_NatComm2022_Lu_Liquid_Liquid_Triboelectric
[2026-08-30 16:15:07] [reviewer] [PAPER_ID] 生成 paper_id：robotics_NanoEnergy2024_Xiao_Multi_Dimensional_Tactile
[2026-08-30 16:15:07] [reviewer] [PAPER_ID]   subcategory=robotics venue=Nano Energy date=2024-02 authors=['Tianxiao Xiao'] title=A multi-dimensional tactile perception system based on tribo
[2026-08-30 16:15:07] [reviewer] [PAPER_ID] PDF 重命名：Nano Energy-A multi-dimensional tactile perception system based on triboelectric sensors- towards intelligent sorting without seeing.pdf -> robotics_NanoEnergy2024_Xiao_Multi_Dimensional_Tactile.pdf
[2026-08-30 16:15:07] [reviewer] [PAPER_ID] 目录重命名：Nano Energy-A multi-dimensional tactile perception system based on triboelectric sensors- towards intelligent sorting without seeing -> robotics_NanoEnergy2024_Xiao_Multi_Dimensional_Tactile
[2026-08-30 16:15:07] [reviewer] [PAPER_ID] 完成：robotics_NanoEnergy2024_Xiao_Multi_Dimensional_Tactile
[2026-08-30 16:18:22] [reviewer] [PAPER_ID] 生成 paper_id：robotics_Escience2025_Xiong_Bioinspired_Triboelectric_Driven
[2026-08-30 16:18:22] [reviewer] [PAPER_ID]   subcategory=robotics venue=eScience date=2025-09 authors=['Yao Xiong'] title=Bioinspired triboelectric-driven multisensory framework with
[2026-08-30 16:18:22] [reviewer] [PAPER_ID] PDF 重命名：eScience-Bioinspired Triboelectric-driven Multisensory Framework with Autonomous Cross-modal Adaptation.pdf -> robotics_Escience2025_Xiong_Bioinspired_Triboelectric_Driven.pdf
[2026-08-30 16:18:22] [reviewer] [PAPER_ID] 目录重命名：eScience-Bioinspired Triboelectric-driven Multisensory Framework with Autonomous Cross-modal Adaptation -> robotics_Escience2025_Xiong_Bioinspired_Triboelectric_Driven
[2026-08-30 16:18:22] [reviewer] [PAPER_ID] 完成：robotics_Escience2025_Xiong_Bioinspired_Triboelectric_Driven
[2026-08-30 16:20:49] [reviewer] [PAPER_ID] 生成 paper_id：marine_NatComm2024_Pan_Self_Powered_Speed
[2026-08-30 16:20:49] [reviewer] [PAPER_ID]   subcategory=marine venue=Nature Communications date=2024-07 authors=['Yuan Chao Pan'] title=Self-powered and speed-adjustable sensor for abyssal ocean c
[2026-08-30 16:20:49] [reviewer] [PAPER_ID] PDF 重命名：Pan2024_aviation_Self_powered_and_speed_adjustable_sensor_for_abyssal_ocean_current_measu.pdf -> marine_NatComm2024_Pan_Self_Powered_Speed.pdf
[2026-08-30 16:20:49] [reviewer] [PAPER_ID] 目录重命名：Pan2024_aviation_Self_powered_and_speed_adjustable_sensor_for_abyssal_ocean_current_measu -> marine_NatComm2024_Pan_Self_Powered_Speed
[2026-08-30 16:20:49] [reviewer] [PAPER_ID] 完成：marine_NatComm2024_Pan_Self_Powered_Speed
[2026-08-30 16:23:55] [reviewer] [PAPER_ID] 生成 paper_id：motion_NanoEnergy2024_Sun_Machine_Learning_Coupled
[2026-08-30 16:23:55] [reviewer] [PAPER_ID]   subcategory=motion venue=Nano Energy date=2024-02 authors=['Tiancheng Sun'] title=Machine learning-coupled vertical graphene triboelectric pre
[2026-08-30 16:23:55] [reviewer] [PAPER_ID] PDF 已是正确文件名，跳过：motion_NanoEnergy2024_Sun_Machine_Learning_Coupled.pdf
[2026-08-30 16:23:55] [reviewer] [PAPER_ID] 目录已是正确名称，跳过：motion_NanoEnergy2024_Sun_Machine_Learning_Coupled
[2026-08-30 16:23:55] [reviewer] [PAPER_ID] 完成：motion_NanoEnergy2024_Sun_Machine_Learning_Coupled
[2026-08-30 16:26:54] [reviewer] [PAPER_ID] 生成 paper_id：marine_NatComm2026_Huang_Bubble_Burst_Induced
[2026-08-30 16:26:54] [reviewer] [PAPER_ID]   subcategory=marine venue=Nature Communications date=2026-02 authors=['Wenge Huang'] title=Bubble-burst-induced Puddle Jumping and Jet Printing
[2026-08-30 16:26:54] [reviewer] [PAPER_ID] PDF 已是正确文件名，跳过：marine_NatComm2026_Huang_Bubble_Burst_Induced.pdf
[2026-08-30 16:26:54] [reviewer] [PAPER_ID] 目录已是正确名称，跳过：marine_NatComm2026_Huang_Bubble_Burst_Induced
[2026-08-30 16:26:54] [reviewer] [PAPER_ID] 完成：marine_NatComm2026_Huang_Bubble_Burst_Induced
[2026-08-30 16:27:23] [reviewer] [PAPER_ID] 生成 paper_id：iot_NanoEnergy2024_Lee_Self_Powered_Triboelectric
[2026-08-30 16:27:23] [reviewer] [PAPER_ID]   subcategory=iot venue=Nano Energy date=2024-05 authors=['Seonghwan Lee'] title=Self-powered triboelectric sensor based on a carbon fiber/gl
[2026-08-30 16:27:23] [reviewer] [PAPER_ID] PDF 重命名：Self-powered-triboelectric-sensor-based-on-a-carbon-fiber-glass-f_2024_Nano-.pdf -> iot_NanoEnergy2024_Lee_Self_Powered_Triboelectric.pdf
[2026-08-30 16:27:23] [reviewer] [PAPER_ID] 目录重命名：Self-powered-triboelectric-sensor-based-on-a-carbon-fiber-glass-f_2024_Nano- -> iot_NanoEnergy2024_Lee_Self_Powered_Triboelectric
[2026-08-30 16:27:23] [reviewer] [PAPER_ID] 完成：iot_NanoEnergy2024_Lee_Self_Powered_Triboelectric
[2026-08-30 16:30:28] [reviewer] [PAPER_ID] 生成 paper_id：robotics_NatComm2022_Liu_Touchless_Interactive_Teaching
[2026-08-30 16:30:28] [reviewer] [PAPER_ID]   subcategory=robotics venue=Nature Communications date=2022-08 authors=['Wenbo Liu'] title=Touchless interactive teaching of soft robots through flexib
[2026-08-30 16:30:28] [reviewer] [PAPER_ID] PDF 重命名：Liu2022_wind_Touchless_interactive_teaching_of_soft_robots_through_flexible_bimodal_s.pdf -> robotics_NatComm2022_Liu_Touchless_Interactive_Teaching.pdf
[2026-08-30 16:30:28] [reviewer] [PAPER_ID] 目录重命名：Liu2022_wind_Touchless_interactive_teaching_of_soft_robots_through_flexible_bimodal_s -> robotics_NatComm2022_Liu_Touchless_Interactive_Teaching
[2026-08-30 16:30:28] [reviewer] [PAPER_ID] 完成：robotics_NatComm2022_Liu_Touchless_Interactive_Teaching
[2026-08-30 16:31:37] [reviewer] [PAPER_ID] 生成 paper_id：energyharv_NatComm2024_Gao_Spontaneously_Established_Reverse
[2026-08-30 16:31:37] [reviewer] [PAPER_ID]   subcategory=energyharv venue=Nature Communications date=2024-05 authors=['Yikui Gao'] title=Spontaneously established reverse electric field to enhance 
[2026-08-30 16:31:37] [reviewer] [PAPER_ID] PDF 重命名：Gao2024_aviation_Spontaneously_established_reverse_electric_field_to_enhance_the_performa.pdf -> energyharv_NatComm2024_Gao_Spontaneously_Established_Reverse.pdf
[2026-08-30 16:31:37] [reviewer] [PAPER_ID] 目录重命名：Gao2024_aviation_Spontaneously_established_reverse_electric_field_to_enhance_the_performa -> energyharv_NatComm2024_Gao_Spontaneously_Established_Reverse
[2026-08-30 16:31:37] [reviewer] [PAPER_ID] 完成：energyharv_NatComm2024_Gao_Spontaneously_Established_Reverse
[2026-08-30 16:31:46] [reviewer] [PAPER_ID] 生成 paper_id：wearable_NanoEnergy2023_Han_Self_Powered_Slippery
[2026-08-30 16:31:46] [reviewer] [PAPER_ID]   subcategory=wearable venue=Nano Energy date=2023-10 authors=['Xiao Han'] title=Self-powered slippery surface with photo-enhanced triboelect
[2026-08-30 16:31:46] [reviewer] [PAPER_ID] PDF 已是正确文件名，跳过：wearable_NanoEnergy2023_Han_Self_Powered_Slippery.pdf
[2026-08-30 16:31:46] [reviewer] [PAPER_ID] 目录已是正确名称，跳过：wearable_NanoEnergy2023_Han_Self_Powered_Slippery
[2026-08-30 16:31:46] [reviewer] [PAPER_ID] 完成：wearable_NanoEnergy2023_Han_Self_Powered_Slippery
[2026-08-30 16:33:05] [reviewer] [PAPER_ID] 生成 paper_id：tactile_NanoEnergy2024_Yang_Micanylon_Composite_Nanofiber
[2026-08-30 16:33:05] [reviewer] [PAPER_ID]   subcategory=tactile venue=Nano Energy date=2024-07 authors=['Jiayi Yang'] title=Mica/nylon composite nanofiber film based wearable triboelec
[2026-08-30 16:33:05] [reviewer] [PAPER_ID] PDF 重命名：Mica-nylon-composite-nanofiber-film-based-wearable-triboelectri_2024_Nano-En.pdf -> tactile_NanoEnergy2024_Yang_Micanylon_Composite_Nanofiber.pdf
[2026-08-30 16:33:05] [reviewer] [PAPER_ID] 目录重命名：Mica-nylon-composite-nanofiber-film-based-wearable-triboelectri_2024_Nano-En -> tactile_NanoEnergy2024_Yang_Micanylon_Composite_Nanofiber
[2026-08-30 16:33:05] [reviewer] [PAPER_ID] 完成：tactile_NanoEnergy2024_Yang_Micanylon_Composite_Nanofiber
[2026-08-30 16:38:20] [reviewer] [PAPER_ID] 生成 paper_id：chemical_Infomat2024_Su_Miniature_Cost_Effective
[2026-08-30 16:38:20] [reviewer] [PAPER_ID]   subcategory=chemical venue=InfoMat date=2024-08 authors=['Chang Su'] title=Miniature and cost-effective self-powered triboelectric sens
[2026-08-30 16:38:20] [reviewer] [PAPER_ID] PDF 重命名：InfoMat-Miniaturized and cost-effective self-powered triboelectric sensing system towards rapid detection of Puerarin concentration.pdf -> chemical_Infomat2024_Su_Miniature_Cost_Effective.pdf
[2026-08-30 16:38:20] [reviewer] [PAPER_ID] 目录重命名：InfoMat-Miniaturized and cost-effective self-powered triboelectric sensing system towards rapid detection of Puerarin concentration -> chemical_Infomat2024_Su_Miniature_Cost_Effective
[2026-08-30 16:38:20] [reviewer] [PAPER_ID] 完成：chemical_Infomat2024_Su_Miniature_Cost_Effective
[2026-08-30 16:39:13] [reviewer] [PAPER_ID] 生成 paper_id：energyharv_SciAdv2024_Xiang_Triboelectric_Nanogenerator_High
[2026-08-30 16:39:13] [reviewer] [PAPER_ID]   subcategory=energyharv venue=Science Advances date=2024-11 authors=['Huijing Xiang'] title=Triboelectric nanogenerator for high-entropy energy, self-po
[2026-08-30 16:39:13] [reviewer] [PAPER_ID] PDF 重命名：Science Advances-Triboelectric nanogenerator for high-entropy energy self-powered sensors and popular education.pdf -> energyharv_SciAdv2024_Xiang_Triboelectric_Nanogenerator_High.pdf
[2026-08-30 16:39:13] [reviewer] [PAPER_ID] 目录重命名：Science Advances-Triboelectric nanogenerator for high-entropy energy self-powered sensors and popular education -> energyharv_SciAdv2024_Xiang_Triboelectric_Nanogenerator_High
[2026-08-30 16:39:13] [reviewer] [PAPER_ID] 完成：energyharv_SciAdv2024_Xiang_Triboelectric_Nanogenerator_High
[2026-08-30 16:39:39] [reviewer] [PAPER_ID] 生成 paper_id：chemical_NanoEnergy2024_Zhang_Eco_Friendly_Triboelectric
[2026-08-30 16:39:39] [reviewer] [PAPER_ID]   subcategory=chemical venue=Nano Energy date=2024-07 authors=['Hao Zhang'] title=Eco-friendly triboelectric nanogenerator for self-powering s
[2026-08-30 16:39:39] [reviewer] [PAPER_ID] PDF 重命名：Eco-friendly-triboelectric-nanogenerator-for-self-powering-stacke_2024_Nano-.pdf -> chemical_NanoEnergy2024_Zhang_Eco_Friendly_Triboelectric.pdf
[2026-08-30 16:39:39] [reviewer] [PAPER_ID] 目录重命名：Eco-friendly-triboelectric-nanogenerator-for-self-powering-stacke_2024_Nano- -> chemical_NanoEnergy2024_Zhang_Eco_Friendly_Triboelectric
[2026-08-30 16:39:39] [reviewer] [PAPER_ID] 完成：chemical_NanoEnergy2024_Zhang_Eco_Friendly_Triboelectric
[2026-08-30 16:43:35] [reviewer] [PAPER_ID] 生成 paper_id：wearable_NanoEnergy2025_Choi_Rapid_Response_Hybrid
[2026-08-30 16:43:35] [reviewer] [PAPER_ID]   subcategory=wearable venue=Nano Energy date=2025-04 authors=['Su Bin Choi'] title=Rapid-response hybrid piezo-triboelectric pressure sensor us
[2026-08-30 16:43:35] [reviewer] [PAPER_ID] PDF 重命名：Rapid-response-hybrid-piezo-triboelectric-pressure-sensor-using-a_2025_Nano-.pdf -> wearable_NanoEnergy2025_Choi_Rapid_Response_Hybrid.pdf
[2026-08-30 16:43:35] [reviewer] [PAPER_ID] 目录重命名：Rapid-response-hybrid-piezo-triboelectric-pressure-sensor-using-a_2025_Nano- -> wearable_NanoEnergy2025_Choi_Rapid_Response_Hybrid
[2026-08-30 16:43:35] [reviewer] [PAPER_ID] 完成：wearable_NanoEnergy2025_Choi_Rapid_Response_Hybrid
[2026-08-30 16:45:50] [reviewer] [PAPER_ID] 生成 paper_id：acoustic_NanoEnergy2025_Zheng_Ultra_Wide_Frequency
[2026-08-30 16:45:50] [reviewer] [PAPER_ID]   subcategory=acoustic venue=Nano Energy date=2025-01 authors=['Tingwei Zheng'] title=Ultra-wide frequency response and high-resolution triboelect
[2026-08-30 16:45:50] [reviewer] [PAPER_ID] PDF 重命名：Ultra-wide-frequency-response-and-high-resolution-triboelectric-a_2025_Nano-.pdf -> acoustic_NanoEnergy2025_Zheng_Ultra_Wide_Frequency.pdf
[2026-08-30 16:45:50] [reviewer] [PAPER_ID] 目录重命名：Ultra-wide-frequency-response-and-high-resolution-triboelectric-a_2025_Nano- -> acoustic_NanoEnergy2025_Zheng_Ultra_Wide_Frequency
[2026-08-30 16:45:50] [reviewer] [PAPER_ID] 完成：acoustic_NanoEnergy2025_Zheng_Ultra_Wide_Frequency
[2026-08-30 16:50:04] [reviewer] [PAPER_ID] 生成 paper_id：biomedical_NatComm2026_Guo_Fully_Degradable_Triboelectric
[2026-08-30 16:50:04] [reviewer] [PAPER_ID]   subcategory=biomedical venue=Nature Communications date=2026-01 authors=['Zhen Guo'] title=A Fully Degradable Triboelectric Vagus Nerve Stimulator for 
[2026-08-30 16:50:04] [reviewer] [PAPER_ID] PDF 重命名：Guo2026_biomedical_A_fully_degradable_triboelectric_vagus_nerve_stimulator_for_attenuating.pdf -> biomedical_NatComm2026_Guo_Fully_Degradable_Triboelectric.pdf
[2026-08-30 16:50:04] [reviewer] [PAPER_ID] 目录重命名：Guo2026_biomedical_A_fully_degradable_triboelectric_vagus_nerve_stimulator_for_attenuating -> biomedical_NatComm2026_Guo_Fully_Degradable_Triboelectric
[2026-08-30 16:50:04] [reviewer] [PAPER_ID] 完成：biomedical_NatComm2026_Guo_Fully_Degradable_Triboelectric
[2026-08-30 16:50:50] [reviewer] [PAPER_ID] 生成 paper_id：energyharv_Joule2026_Li_Electrical_Double_Layer
[2026-08-30 16:50:50] [reviewer] [PAPER_ID]   subcategory=energyharv venue=Joule date=2026-12 authors=['Zhiwei Li'] title=Electrical double-layer dynamics regulation for maximized el
[2026-08-30 16:50:50] [reviewer] [PAPER_ID] PDF 重命名：Electrical-double-layer-dynamics-regulation-for-maximized-electrosta_2026_Jo.pdf -> energyharv_Joule2026_Li_Electrical_Double_Layer.pdf
[2026-08-30 16:50:50] [reviewer] [PAPER_ID] 目录重命名：Electrical-double-layer-dynamics-regulation-for-maximized-electrosta_2026_Jo -> energyharv_Joule2026_Li_Electrical_Double_Layer
[2026-08-30 16:50:50] [reviewer] [PAPER_ID] 完成：energyharv_Joule2026_Li_Electrical_Double_Layer
[2026-08-30 16:51:52] [reviewer] [PAPER_ID] 生成 paper_id：motion_NPJFlex2025_Han_Monolithically_Integrated_Ionic
[2026-08-30 16:51:52] [reviewer] [PAPER_ID]   subcategory=motion venue=npj Flexible Electronics date=2025-10 authors=['Ji Hye Han'] title=Monolithically integrated ionic triboelectric nanogenerators
[2026-08-30 16:51:52] [reviewer] [PAPER_ID] PDF 重命名：Han2025_motion_Monolithically_integrated_ionic_triboelectric_nanogenerators_for_deforma.pdf -> motion_NPJFlex2025_Han_Monolithically_Integrated_Ionic.pdf
[2026-08-30 16:51:52] [reviewer] [PAPER_ID] 目录重命名：Han2025_motion_Monolithically_integrated_ionic_triboelectric_nanogenerators_for_deforma -> motion_NPJFlex2025_Han_Monolithically_Integrated_Ionic
[2026-08-30 16:51:52] [reviewer] [PAPER_ID] 完成：motion_NPJFlex2025_Han_Monolithically_Integrated_Ionic
[2026-08-30 16:52:05] [reviewer] [PAPER_ID] 生成 paper_id：tactile_AdvMater2022_Wei_Open_Environment_Tactile
[2026-08-30 16:52:05] [reviewer] [PAPER_ID]   subcategory=tactile venue=Advanced Materials date=2022-06 authors=['Xuelian Wei'] title=An Open-Environment Tactile Sensing System: Toward Simple an
[2026-08-30 16:52:05] [reviewer] [PAPER_ID] PDF 重命名：Advanced Materials - 2022 - Wei - An Open‐Environment Tactile Sensing System  Toward Simple and Efficient Material.pdf -> tactile_AdvMater2022_Wei_Open_Environment_Tactile.pdf
[2026-08-30 16:52:05] [reviewer] [PAPER_ID] 目录重命名：Advanced Materials - 2022 - Wei - An Open‐Environment Tactile Sensing System  Toward Simple and Efficient Material -> tactile_AdvMater2022_Wei_Open_Environment_Tactile
[2026-08-30 16:52:05] [reviewer] [PAPER_ID] 完成：tactile_AdvMater2022_Wei_Open_Environment_Tactile
[2026-08-30 16:52:44] [reviewer] [PAPER_ID] 生成 paper_id：tactile_NatComm2025_Liu_Triboelectric_Tactile_Sensor
[2026-08-30 16:52:44] [reviewer] [PAPER_ID]   subcategory=tactile venue=Nature Communications date=2025-01 authors=['Yanhua Liu'] title=Triboelectric tactile sensor for pressure and temperature se
[2026-08-30 16:52:44] [reviewer] [PAPER_ID] PDF 重命名：Liu2025_wearable_Triboelectric_tactile_sensor_for_pressure_and_temperature_sensing_in_hig.pdf -> tactile_NatComm2025_Liu_Triboelectric_Tactile_Sensor.pdf
[2026-08-30 16:52:44] [reviewer] [PAPER_ID] 目录重命名：Liu2025_wearable_Triboelectric_tactile_sensor_for_pressure_and_temperature_sensing_in_hig -> tactile_NatComm2025_Liu_Triboelectric_Tactile_Sensor
[2026-08-30 16:52:44] [reviewer] [PAPER_ID] 完成：tactile_NatComm2025_Liu_Triboelectric_Tactile_Sensor
[2026-08-30 16:59:37] [reviewer] [PAPER_ID] 生成 paper_id：robotics_NanoEnergy2024_Xu_Buckling_Inspired_Triboelectric
[2026-08-30 16:59:37] [reviewer] [PAPER_ID]   subcategory=robotics venue=Nano Energy date=2024-08 authors=['Jinsui Xu'] title=Buckling-inspired triboelectric sensor for multifunctional s
[2026-08-30 16:59:37] [reviewer] [PAPER_ID] PDF 重命名：Buckling-inspired-triboelectric-sensor-for-multifunctional-sensi_2024_Nano-E.pdf -> robotics_NanoEnergy2024_Xu_Buckling_Inspired_Triboelectric.pdf
[2026-08-30 16:59:37] [reviewer] [PAPER_ID] 目录重命名：Buckling-inspired-triboelectric-sensor-for-multifunctional-sensi_2024_Nano-E -> robotics_NanoEnergy2024_Xu_Buckling_Inspired_Triboelectric
[2026-08-30 16:59:37] [reviewer] [PAPER_ID] 完成：robotics_NanoEnergy2024_Xu_Buckling_Inspired_Triboelectric
[2026-08-30 16:59:56] [reviewer] [PAPER_ID] 生成 paper_id：smarttextile_NPJFlex2026_Kovalska_Multifunctional_Energy_Autonomous
[2026-08-30 16:59:56] [reviewer] [PAPER_ID]   subcategory=smarttextile venue=npj Flexible Electronics date=2026-01 authors=['Evgeniya Kovalska'] title=Multifunctional, energy-autonomous textile sensors enabled b
[2026-08-30 16:59:56] [reviewer] [PAPER_ID] PDF 重命名：Kovalska2026_acoustic_Multifunctional_energy_autonomous_textile_sensors_enabled_by_spray_coate.pdf -> smarttextile_NPJFlex2026_Kovalska_Multifunctional_Energy_Autonomous.pdf
[2026-08-30 16:59:56] [reviewer] [PAPER_ID] 目录重命名：Kovalska2026_acoustic_Multifunctional_energy_autonomous_textile_sensors_enabled_by_spray_coate -> smarttextile_NPJFlex2026_Kovalska_Multifunctional_Energy_Autonomous
[2026-08-30 16:59:56] [reviewer] [PAPER_ID] 完成：smarttextile_NPJFlex2026_Kovalska_Multifunctional_Energy_Autonomous
[2026-08-30 17:03:31] [reviewer] [PAPER_ID] 生成 paper_id：acoustic_NanoEnergy2025_Gao_Self_Powered_Optical
[2026-08-30 17:03:31] [reviewer] [PAPER_ID]   subcategory=acoustic venue=Nano Energy date=2025-04 authors=['Shanshi Gao'] title=Self-powered optical-triboelectric sensor for remote vibrati
[2026-08-30 17:03:31] [reviewer] [PAPER_ID] PDF 重命名：Self-powered-optical-triboelectric-sensor-for-remote-vibratio_2025_Nano-Ener.pdf -> acoustic_NanoEnergy2025_Gao_Self_Powered_Optical.pdf
[2026-08-30 17:03:31] [reviewer] [PAPER_ID] 目录重命名：Self-powered-optical-triboelectric-sensor-for-remote-vibratio_2025_Nano-Ener -> acoustic_NanoEnergy2025_Gao_Self_Powered_Optical
[2026-08-30 17:03:31] [reviewer] [PAPER_ID] 完成：acoustic_NanoEnergy2025_Gao_Self_Powered_Optical
[2026-08-30 17:04:31] [reviewer] [PAPER_ID] 生成 paper_id：hmi_AdvMater2023_Xia_Transparent_Self_Healing
[2026-08-30 17:04:31] [reviewer] [PAPER_ID]   subcategory=hmi venue=Advanced Materials date=2023-12 authors=['Yifan Xia'] title=Transparent Self-Healing Anti-Freezing Ionogel for Monolayer
[2026-08-30 17:04:31] [reviewer] [PAPER_ID] PDF 重命名：Advanced Materials - 2023 - Xia - Transparent Self‐Healing Anti‐Freezing Ionogel for Monolayered Triboelectric.pdf -> hmi_AdvMater2023_Xia_Transparent_Self_Healing.pdf
[2026-08-30 17:04:31] [reviewer] [PAPER_ID] 目录重命名：Advanced Materials - 2023 - Xia - Transparent Self‐Healing Anti‐Freezing Ionogel for Monolayered Triboelectric -> hmi_AdvMater2023_Xia_Transparent_Self_Healing
[2026-08-30 17:04:31] [reviewer] [PAPER_ID] 完成：hmi_AdvMater2023_Xia_Transparent_Self_Healing
[2026-08-30 17:08:12] [reviewer] [PAPER_ID] 生成 paper_id：tactile_AdvMater2018_Dong_Stretchable_Yarn_Embedded
[2026-08-30 17:08:12] [reviewer] [PAPER_ID]   subcategory=tactile venue=Advanced Materials date=2018-09 authors=['Kai Dong'] title=A Stretchable Yarn Embedded Triboelectric Nanogenerator as E
[2026-08-30 17:08:12] [reviewer] [PAPER_ID] PDF 重命名：Advanced Materials - 2018 - Dong - A Stretchable Yarn Embedded Triboelectric Nanogenerator as Electronic Skin for.pdf -> tactile_AdvMater2018_Dong_Stretchable_Yarn_Embedded.pdf
[2026-08-30 17:08:12] [reviewer] [PAPER_ID] 目录重命名：Advanced Materials - 2018 - Dong - A Stretchable Yarn Embedded Triboelectric Nanogenerator as Electronic Skin for -> tactile_AdvMater2018_Dong_Stretchable_Yarn_Embedded
[2026-08-30 17:08:12] [reviewer] [PAPER_ID] 完成：tactile_AdvMater2018_Dong_Stretchable_Yarn_Embedded
[2026-08-30 17:09:01] [reviewer] [PAPER_ID] 生成 paper_id：wearable_AdvMater2021_Su_Selfpowered_Respiration_Monitoring
[2026-08-30 17:09:01] [reviewer] [PAPER_ID]   subcategory=wearable venue=Advanced Materials date=2021-09 authors=['Su'] title=Self‐Powered Respiration Monitoring Enabled By a Triboelectr
[2026-08-30 17:09:01] [reviewer] [PAPER_ID] PDF 重命名：Advanced Materials - 2021 - Su - Self‐Powered Respiration Monitoring Enabled By a Triboelectric Nanogenerator  Adv  Mater .pdf -> wearable_AdvMater2021_Su_Selfpowered_Respiration_Monitoring.pdf
[2026-08-30 17:09:01] [reviewer] [PAPER_ID] 目录重命名：Advanced Materials - 2021 - Su - Self‐Powered Respiration Monitoring Enabled By a Triboelectric Nanogenerator  Adv  Mater  -> wearable_AdvMater2021_Su_Selfpowered_Respiration_Monitoring
[2026-08-30 17:09:01] [reviewer] [PAPER_ID] 完成：wearable_AdvMater2021_Su_Selfpowered_Respiration_Monitoring
[2026-08-30 17:11:40] [reviewer] [PAPER_ID] 生成 paper_id：hmi_NanoEnergy2026_Yi_Bentonite_Nanosheets_Incorporated
[2026-08-30 17:11:40] [reviewer] [PAPER_ID]   subcategory=hmi venue=Nano Energy date=2026-05 authors=['Jia Yi'] title=Bentonite nanosheets-incorporated silk fibroin double-networ
[2026-08-30 17:11:40] [reviewer] [PAPER_ID] PDF 重命名：Bentonite-nanosheets-incorporated-silk-fibroin-double-network-hydr_2026_Nano.pdf -> hmi_NanoEnergy2026_Yi_Bentonite_Nanosheets_Incorporated.pdf
[2026-08-30 17:11:40] [reviewer] [PAPER_ID] 目录重命名：Bentonite-nanosheets-incorporated-silk-fibroin-double-network-hydr_2026_Nano -> hmi_NanoEnergy2026_Yi_Bentonite_Nanosheets_Incorporated
[2026-08-30 17:11:40] [reviewer] [PAPER_ID] 完成：hmi_NanoEnergy2026_Yi_Bentonite_Nanosheets_Incorporated
[2026-08-30 17:13:33] [reviewer] [PAPER_ID] 生成 paper_id：tactile_NanoEnergy2023_Seo_Rationally_Designed_Micropixelation
[2026-08-30 17:13:33] [reviewer] [PAPER_ID]   subcategory=tactile venue=Nano Energy date=2023-02 authors=['Byungseok Seo'] title=Rationally designed micropixelation-free tactile sensors via
[2026-08-30 17:13:33] [reviewer] [PAPER_ID] PDF 已是正确文件名，跳过：tactile_NanoEnergy2023_Seo_Rationally_Designed_Micropixelation.pdf
[2026-08-30 17:13:33] [reviewer] [PAPER_ID] 目录已是正确名称，跳过：tactile_NanoEnergy2023_Seo_Rationally_Designed_Micropixelation
[2026-08-30 17:13:33] [reviewer] [PAPER_ID] 完成：tactile_NanoEnergy2023_Seo_Rationally_Designed_Micropixelation
[2026-08-30 17:14:39] [reviewer] [PAPER_ID] 生成 paper_id：wearable_NanoEnergy2023_He_Mechanoreceptor_Inspired_Ear
[2026-08-30 17:14:39] [reviewer] [PAPER_ID]   subcategory=wearable venue=Nano Energy date=2023-09 authors=['Qiang He'] title=Mechanoreceptor-inspired in-ear triboelectric sensor for unc
[2026-08-30 17:14:39] [reviewer] [PAPER_ID] PDF 已是正确文件名，跳过：wearable_NanoEnergy2023_He_Mechanoreceptor_Inspired_Ear.pdf
[2026-08-30 17:14:39] [reviewer] [PAPER_ID] 目录已是正确名称，跳过：wearable_NanoEnergy2023_He_Mechanoreceptor_Inspired_Ear
[2026-08-30 17:14:39] [reviewer] [PAPER_ID] 完成：wearable_NanoEnergy2023_He_Mechanoreceptor_Inspired_Ear
[2026-08-30 17:15:28] [reviewer] [PAPER_ID] 生成 paper_id：acoustic_NanoEnergy2025_Huang_Self_Powered_Wideband
[2026-08-30 17:15:28] [reviewer] [PAPER_ID]   subcategory=acoustic venue=Nano Energy date=2025-05 authors=['Yanqin Huang'] title=Self-powered wideband ultrasonic sensor based on capacitive 
[2026-08-30 17:15:28] [reviewer] [PAPER_ID] PDF 重命名：Self-powered-wideband-ultrasonic-sensor-based-on-capacitive-triboe_2025_Nano.pdf -> acoustic_NanoEnergy2025_Huang_Self_Powered_Wideband.pdf
[2026-08-30 17:15:28] [reviewer] [PAPER_ID] 目录重命名：Self-powered-wideband-ultrasonic-sensor-based-on-capacitive-triboe_2025_Nano -> acoustic_NanoEnergy2025_Huang_Self_Powered_Wideband
[2026-08-30 17:15:28] [reviewer] [PAPER_ID] 完成：acoustic_NanoEnergy2025_Huang_Self_Powered_Wideband
[2026-08-30 17:16:12] [reviewer] [PAPER_ID] 生成 paper_id：robotics_AdvMater2018_Lai_Actively_Perceiving_Responsive
[2026-08-30 17:16:12] [reviewer] [PAPER_ID]   subcategory=robotics venue=Advanced Materials date=2018-06 authors=['Ying-Chih Lai'] title=Actively Perceiving and Responsive Soft Robots Enabled by Se
[2026-08-30 17:16:12] [reviewer] [PAPER_ID] PDF 重命名：Advanced Materials - 2018 - Lai - Actively Perceiving and Responsive Soft Robots Enabled by Self‐Powered  Highly Extensible.pdf -> robotics_AdvMater2018_Lai_Actively_Perceiving_Responsive.pdf
[2026-08-30 17:16:12] [reviewer] [PAPER_ID] 目录重命名：Advanced Materials - 2018 - Lai - Actively Perceiving and Responsive Soft Robots Enabled by Self‐Powered  Highly Extensible -> robotics_AdvMater2018_Lai_Actively_Perceiving_Responsive
[2026-08-30 17:16:12] [reviewer] [PAPER_ID] 完成：robotics_AdvMater2018_Lai_Actively_Perceiving_Responsive
[2026-08-30 17:17:27] [reviewer] [PAPER_ID] 生成 paper_id：iot_NanoEnergy2025_Sun_Wireless_Passive_Sensor
[2026-08-30 17:17:27] [reviewer] [PAPER_ID]   subcategory=iot venue=Nano Energy date=2025-01 authors=['Xinru Sun'] title=Wireless passive sensor design based on a highly stable trib
[2026-08-30 17:17:27] [reviewer] [PAPER_ID] PDF 重命名：Wireless-passive-sensor-design-based-on-a-highly-stable-triboelec_2025_Nano-.pdf -> iot_NanoEnergy2025_Sun_Wireless_Passive_Sensor.pdf
[2026-08-30 17:17:27] [reviewer] [PAPER_ID] 目录重命名：Wireless-passive-sensor-design-based-on-a-highly-stable-triboelec_2025_Nano- -> iot_NanoEnergy2025_Sun_Wireless_Passive_Sensor
[2026-08-30 17:17:27] [reviewer] [PAPER_ID] 完成：iot_NanoEnergy2025_Sun_Wireless_Passive_Sensor
[2026-08-30 17:19:54] [reviewer] [PAPER_ID] 生成 paper_id：hmi_NatComm2022_Liu_Self_Powered_High
[2026-08-30 17:19:54] [reviewer] [PAPER_ID]   subcategory=hmi venue=Nature Communications date=2022-12 authors=['Yaqian Liu'] title=Self-powered high-sensitivity all-in-one vertical tribo-tran
[2026-08-30 17:19:54] [reviewer] [PAPER_ID] PDF 重命名：Liu2022_wearable_Self_powered_high_sensitivity_all_in_one_vertical_tribo_transistor_devic.pdf -> hmi_NatComm2022_Liu_Self_Powered_High.pdf
[2026-08-30 17:19:54] [reviewer] [PAPER_ID] 目录重命名：Liu2022_wearable_Self_powered_high_sensitivity_all_in_one_vertical_tribo_transistor_devic -> hmi_NatComm2022_Liu_Self_Powered_High
[2026-08-30 17:19:54] [reviewer] [PAPER_ID] 完成：hmi_NatComm2022_Liu_Self_Powered_High
[2026-08-30 17:25:12] [reviewer] [PAPER_ID] 生成 paper_id：robotics_NanoEnergy2026_Liu_Multi_Degree_Freedom
[2026-08-30 17:25:12] [reviewer] [PAPER_ID]   subcategory=robotics venue=Nano Energy date=2026-01 authors=['Jianhua Liu'] title=Multi-degree-of-freedom, semi-flexible, embedded biomimetic 
[2026-08-30 17:25:12] [reviewer] [PAPER_ID] PDF 重命名：Multi-degree-of-freedom--semi-flexible--embedded-biomimetic-tail-f_2026_Nano.pdf -> robotics_NanoEnergy2026_Liu_Multi_Degree_Freedom.pdf
[2026-08-30 17:25:12] [reviewer] [PAPER_ID] 目录重命名：Multi-degree-of-freedom--semi-flexible--embedded-biomimetic-tail-f_2026_Nano -> robotics_NanoEnergy2026_Liu_Multi_Degree_Freedom
[2026-08-30 17:25:12] [reviewer] [PAPER_ID] 完成：robotics_NanoEnergy2026_Liu_Multi_Degree_Freedom
[2026-08-30 17:28:11] [reviewer] [PAPER_ID] 生成 paper_id：chemical_NatComm2025_Wei_Probing_Electrical_Double
[2026-08-30 17:28:11] [reviewer] [PAPER_ID]   subcategory=chemical venue=Nature Communications date=2025-11 authors=['Yu Wei'] title=Probing Electrical Double Layer via Triboelectric Charge Tra
[2026-08-30 17:28:11] [reviewer] [PAPER_ID] PDF 重命名：Nat. Commun-Probing Electrical Double Layer via Triboelectric Charge Transfer.pdf -> chemical_NatComm2025_Wei_Probing_Electrical_Double.pdf
[2026-08-30 17:28:11] [reviewer] [PAPER_ID] 目录重命名：Nat. Commun-Probing Electrical Double Layer via Triboelectric Charge Transfer -> chemical_NatComm2025_Wei_Probing_Electrical_Double
[2026-08-30 17:28:11] [reviewer] [PAPER_ID] 完成：chemical_NatComm2025_Wei_Probing_Electrical_Double
[2026-08-30 17:28:53] [reviewer] [PAPER_ID] 生成 paper_id：wind_NanoEnergy2024_Chandrasekhar_Smart_Maracas_Innovative
[2026-08-30 17:28:53] [reviewer] [PAPER_ID]   subcategory=wind venue=Nano Energy date=2024-05 authors=['Arunkumar Chandrasekhar'] title=Smart maracas: An innovative triboelectric nanogenerator for
[2026-08-30 17:28:53] [reviewer] [PAPER_ID] PDF 重命名：Chandrasekhar2024_wind_Smart_maracas_An_innovative_triboelectric_nanogenerator_for_earthquake_d.pdf -> wind_NanoEnergy2024_Chandrasekhar_Smart_Maracas_Innovative.pdf
[2026-08-30 17:28:53] [reviewer] [PAPER_ID] 目录重命名：Chandrasekhar2024_wind_Smart_maracas_An_innovative_triboelectric_nanogenerator_for_earthquake_d -> wind_NanoEnergy2024_Chandrasekhar_Smart_Maracas_Innovative
[2026-08-30 17:28:53] [reviewer] [PAPER_ID] 完成：wind_NanoEnergy2024_Chandrasekhar_Smart_Maracas_Innovative
[2026-08-30 17:28:54] [reviewer] [PAPER_ID] 生成 paper_id：energyharv_NatComm2024_Li_Triboiontronics_Temporal_Control
[2026-08-30 17:28:54] [reviewer] [PAPER_ID]   subcategory=energyharv venue=Nature Communications date=2024-07 authors=['Xiang Li'] title=Triboiontronics with temporal control of electrical double l
[2026-08-30 17:28:54] [reviewer] [PAPER_ID] PDF 重命名：Li2024_aviation_Triboiontronics_with_temporal_control_of_electrical_double_layer_formati.pdf -> energyharv_NatComm2024_Li_Triboiontronics_Temporal_Control.pdf
[2026-08-30 17:28:54] [reviewer] [PAPER_ID] 目录重命名：Li2024_aviation_Triboiontronics_with_temporal_control_of_electrical_double_layer_formati -> energyharv_NatComm2024_Li_Triboiontronics_Temporal_Control
[2026-08-30 17:28:54] [reviewer] [PAPER_ID] 完成：energyharv_NatComm2024_Li_Triboiontronics_Temporal_Control
[2026-08-30 17:29:13] [reviewer] [PAPER_ID] 生成 paper_id：iot_NanoEnergy2025_Tao_Lotus_Leaf_Inspired
[2026-08-30 17:29:13] [reviewer] [PAPER_ID]   subcategory=iot venue=Nano Energy date=2025-01 authors=['Yang Tao'] title=Lotus leaf-inspired triboelectric sensor for detecting seism
[2026-08-30 17:29:13] [reviewer] [PAPER_ID] PDF 重命名：Lotus-leaf-inspired-triboelectric-sensor-for-detecting-seismic_2025_Nano-Ene.pdf -> iot_NanoEnergy2025_Tao_Lotus_Leaf_Inspired.pdf
[2026-08-30 17:29:13] [reviewer] [PAPER_ID] 目录重命名：Lotus-leaf-inspired-triboelectric-sensor-for-detecting-seismic_2025_Nano-Ene -> iot_NanoEnergy2025_Tao_Lotus_Leaf_Inspired
[2026-08-30 17:29:13] [reviewer] [PAPER_ID] 完成：iot_NanoEnergy2025_Tao_Lotus_Leaf_Inspired
[2026-08-30 17:32:26] [reviewer] [PAPER_ID] 生成 paper_id：iot_NanoResearch2025_Ren_High_Performance_Press
[2026-08-30 17:32:26] [reviewer] [PAPER_ID]   subcategory=iot venue=Nano Research date=2025-06 authors=['Taimin Ren'] title=High-performance press-driven triboelectric nanogenerator ba
[2026-08-30 17:32:26] [reviewer] [PAPER_ID] PDF 重命名：Ren2024_aviation_High_performance_press_driven_triboelectric_nanogenerator_based_on_a_gea.pdf -> iot_NanoResearch2025_Ren_High_Performance_Press.pdf
[2026-08-30 17:32:26] [reviewer] [PAPER_ID] 目录重命名：Ren2024_aviation_High_performance_press_driven_triboelectric_nanogenerator_based_on_a_gea -> iot_NanoResearch2025_Ren_High_Performance_Press
[2026-08-30 17:32:26] [reviewer] [PAPER_ID] 完成：iot_NanoResearch2025_Ren_High_Performance_Press
[2026-08-30 17:34:50] [reviewer] [PAPER_ID] 生成 paper_id：marine_AdvFunctMater2022_Qu_Spherical_Triboelectric_Nanogenerator
[2026-08-30 17:34:50] [reviewer] [PAPER_ID]   subcategory=marine venue=Advanced Functional Materials date=2022-05 authors=['Zhigang Qu'] title=Spherical Triboelectric Nanogenerator Based on Eccentric Str
[2026-08-30 17:34:50] [reviewer] [PAPER_ID] PDF 重命名：Adv Funct Materials - 2022 - Qu - Spherical Triboelectric Nanogenerator Based on Eccentric Structure for Omnidirectional_1.pdf -> marine_AdvFunctMater2022_Qu_Spherical_Triboelectric_Nanogenerator.pdf
[2026-08-30 17:34:50] [reviewer] [PAPER_ID] 目录重命名：Adv Funct Materials - 2022 - Qu - Spherical Triboelectric Nanogenerator Based on Eccentric Structure for Omnidirectional_1 -> marine_AdvFunctMater2022_Qu_Spherical_Triboelectric_Nanogenerator
[2026-08-30 17:34:50] [reviewer] [PAPER_ID] 完成：marine_AdvFunctMater2022_Qu_Spherical_Triboelectric_Nanogenerator
[2026-08-30 17:39:49] [reviewer] [PAPER_ID] 生成 paper_id：hmi_NanoEnergy2024_Lai_Smart_Ping_Pong
[2026-08-30 17:39:49] [reviewer] [PAPER_ID]   subcategory=hmi venue=Nano Energy date=2024-08 authors=['Sz-Nian Lai'] title=Smart ping-pong paddle with triboelectric self-powered wirel
[2026-08-30 17:39:49] [reviewer] [PAPER_ID] PDF 重命名：Smart-ping-pong-paddle-with-triboelectric-self-powered-wirele_2024_Nano-Ener.pdf -> hmi_NanoEnergy2024_Lai_Smart_Ping_Pong.pdf
[2026-08-30 17:39:49] [reviewer] [PAPER_ID] 目录重命名：Smart-ping-pong-paddle-with-triboelectric-self-powered-wirele_2024_Nano-Ener -> hmi_NanoEnergy2024_Lai_Smart_Ping_Pong
[2026-08-30 17:39:49] [reviewer] [PAPER_ID] 完成：hmi_NanoEnergy2024_Lai_Smart_Ping_Pong
[2026-08-30 17:40:56] [reviewer] [PAPER_ID] 生成 paper_id：iot_Small2026_Dong_Wireless_Self_Powered
[2026-08-30 17:40:56] [reviewer] [PAPER_ID]   subcategory=iot venue=Small date=2026-02 authors=['Yang Dong'] title=Wireless Self-Powered Triboelectric-Based Sensor for Real-Ti
[2026-08-30 17:40:56] [reviewer] [PAPER_ID] PDF 重命名：Small-Wireless self-powered triboelectric-based sensor for real-time quantitative monitoring of gas-liquid mixed flow.pdf -> iot_Small2026_Dong_Wireless_Self_Powered.pdf
[2026-08-30 17:40:56] [reviewer] [PAPER_ID] 目录重命名：Small-Wireless self-powered triboelectric-based sensor for real-time quantitative monitoring of gas-liquid mixed flow -> iot_Small2026_Dong_Wireless_Self_Powered
[2026-08-30 17:40:56] [reviewer] [PAPER_ID] 完成：iot_Small2026_Dong_Wireless_Self_Powered
[2026-08-30 17:40:59] [reviewer] [PAPER_ID] 生成 paper_id：wearable_NanoEnergy2024_Gupta_Revolutionizing_Energy_Harvesting
[2026-08-30 17:40:59] [reviewer] [PAPER_ID]   subcategory=wearable venue=Nano Energy date=2024-02 authors=['Akash Gupta'] title=Revolutionizing energy harvesting: Eco-friendly and adaptabl
[2026-08-30 17:40:59] [reviewer] [PAPER_ID] PDF 重命名：Revolutionizing-energy-harvesting--Eco-friendly-and-adaptable-trib_2024_Nano.pdf -> wearable_NanoEnergy2024_Gupta_Revolutionizing_Energy_Harvesting.pdf
[2026-08-30 17:40:59] [reviewer] [PAPER_ID] 目录重命名：Revolutionizing-energy-harvesting--Eco-friendly-and-adaptable-trib_2024_Nano -> wearable_NanoEnergy2024_Gupta_Revolutionizing_Energy_Harvesting
[2026-08-30 17:40:59] [reviewer] [PAPER_ID] 完成：wearable_NanoEnergy2024_Gupta_Revolutionizing_Energy_Harvesting
[2026-08-30 17:42:16] [reviewer] [PAPER_ID] 生成 paper_id：biomedical_SciAdv2024_Yang_Wearable_Triboelectric_Impedance
[2026-08-30 17:42:16] [reviewer] [PAPER_ID]   subcategory=biomedical venue=Science Advances date=2024-12 authors=['Peng Yang'] title=A wearable triboelectric impedance tomography system for non
[2026-08-30 17:42:16] [reviewer] [PAPER_ID] PDF 重命名：Sci. Adv-A wearable triboelectric impedance tomography system for non-invasive and dynamic imaging of biological tissues.pdf -> biomedical_SciAdv2024_Yang_Wearable_Triboelectric_Impedance.pdf
[2026-08-30 17:42:16] [reviewer] [PAPER_ID] 目录重命名：Sci. Adv-A wearable triboelectric impedance tomography system for non-invasive and dynamic imaging of biological tissues -> biomedical_SciAdv2024_Yang_Wearable_Triboelectric_Impedance
[2026-08-30 17:42:16] [reviewer] [PAPER_ID] 完成：biomedical_SciAdv2024_Yang_Wearable_Triboelectric_Impedance
[2026-08-30 17:43:41] [reviewer] [PAPER_ID] 生成 paper_id：iot_NanoEnergy2026_Li_Compact_Hybrid_Synchronous
[2026-08-30 17:43:41] [reviewer] [PAPER_ID]   subcategory=iot venue=Nano Energy date=2026-06 authors=['Shuai Li'] title=Compact hybrid synchronous wireless triboelectric sensors fo
[2026-08-30 17:43:41] [reviewer] [PAPER_ID] PDF 重命名：Compact-hybrid-synchronous-wireless-triboelectric-sensors-for-ta_2026_Nano-E.pdf -> iot_NanoEnergy2026_Li_Compact_Hybrid_Synchronous.pdf
[2026-08-30 17:43:41] [reviewer] [PAPER_ID] 目录重命名：Compact-hybrid-synchronous-wireless-triboelectric-sensors-for-ta_2026_Nano-E -> iot_NanoEnergy2026_Li_Compact_Hybrid_Synchronous
[2026-08-30 17:43:41] [reviewer] [PAPER_ID] 完成：iot_NanoEnergy2026_Li_Compact_Hybrid_Synchronous
[2026-08-30 17:50:19] [reviewer] [PAPER_ID] 生成 paper_id：biomedical_NatComm2022_Yang_Improved_Pharmacodynamics_Epidermal
[2026-08-30 17:50:19] [reviewer] [PAPER_ID]   subcategory=biomedical venue=Nature Communications date=2022-11 authors=['Yuan Yang'] title=Improved pharmacodynamics of epidermal growth factor via mic
[2026-08-30 17:50:19] [reviewer] [PAPER_ID] PDF 重命名：Yang2022_iot_Improved_pharmacodynamics_of_epidermal_growth_factor_via_microneedles_ba.pdf -> biomedical_NatComm2022_Yang_Improved_Pharmacodynamics_Epidermal.pdf
[2026-08-30 17:50:19] [reviewer] [PAPER_ID] 目录重命名：Yang2022_iot_Improved_pharmacodynamics_of_epidermal_growth_factor_via_microneedles_ba -> biomedical_NatComm2022_Yang_Improved_Pharmacodynamics_Epidermal
[2026-08-30 17:50:19] [reviewer] [PAPER_ID] 完成：biomedical_NatComm2022_Yang_Improved_Pharmacodynamics_Epidermal
[2026-08-30 17:51:05] [reviewer] [PAPER_ID] 生成 paper_id：wearable_NPJFlex2025_Tao_Electro_Spun_Nanofibers
[2026-08-30 17:51:05] [reviewer] [PAPER_ID]   subcategory=wearable venue=npj Flexible Electronics date=2025-01 authors=['Deyin Tao'] title=Electro-spun nanofibers-based triboelectric nanogenerators i
[2026-08-30 17:51:05] [reviewer] [PAPER_ID] PDF 重命名：Tao2025_wind_Electro_spun_nanofibers_based_triboelectric_nanogenerators_in_wearable_e.pdf -> wearable_NPJFlex2025_Tao_Electro_Spun_Nanofibers.pdf
[2026-08-30 17:51:05] [reviewer] [PAPER_ID] 目录重命名：Tao2025_wind_Electro_spun_nanofibers_based_triboelectric_nanogenerators_in_wearable_e -> wearable_NPJFlex2025_Tao_Electro_Spun_Nanofibers
[2026-08-30 17:51:05] [reviewer] [PAPER_ID] 完成：wearable_NPJFlex2025_Tao_Electro_Spun_Nanofibers
[2026-08-30 17:51:18] [reviewer] [PAPER_ID] 生成 paper_id：marine_NanoEnergy2024_Jung_Self_Powered_Ocean
[2026-08-30 17:51:18] [reviewer] [PAPER_ID]   subcategory=marine venue=Nano Energy date=2024-03 authors=['Hyunjun Jung'] title=Self-powered ocean buoy using a disk-type triboelectric nano
[2026-08-30 17:51:18] [reviewer] [PAPER_ID] PDF 重命名：Jung2023_marine_Self_powered_ocean_buoy_using_a_disk_type_triboelectric_nanogenerator_wi.pdf -> marine_NanoEnergy2024_Jung_Self_Powered_Ocean.pdf
[2026-08-30 17:51:18] [reviewer] [PAPER_ID] 目录重命名：Jung2023_marine_Self_powered_ocean_buoy_using_a_disk_type_triboelectric_nanogenerator_wi -> marine_NanoEnergy2024_Jung_Self_Powered_Ocean
[2026-08-30 17:51:18] [reviewer] [PAPER_ID] 完成：marine_NanoEnergy2024_Jung_Self_Powered_Ocean
[2026-08-30 17:53:45] [reviewer] [PAPER_ID] 生成 paper_id：biomedical_NatComm2024_Zhang_Self_Powered_Triboelectric
[2026-08-30 17:53:45] [reviewer] [PAPER_ID]   subcategory=biomedical venue=Nature Communications date=2024-07 authors=['Weifeng Zhang'] title=Self-powered triboelectric-responsive microneedles with cont
[2026-08-30 17:53:45] [reviewer] [PAPER_ID] PDF 重命名：Zhang2024_biomedical_Self_powered_triboelectric_responsive_microneedles_with_controllable_rel.pdf -> biomedical_NatComm2024_Zhang_Self_Powered_Triboelectric.pdf
[2026-08-30 17:53:45] [reviewer] [PAPER_ID] 目录重命名：Zhang2024_biomedical_Self_powered_triboelectric_responsive_microneedles_with_controllable_rel -> biomedical_NatComm2024_Zhang_Self_Powered_Triboelectric
[2026-08-30 17:53:45] [reviewer] [PAPER_ID] 完成：biomedical_NatComm2024_Zhang_Self_Powered_Triboelectric
[2026-08-30 17:54:49] [reviewer] [PAPER_ID] 生成 paper_id：iot_NanoEnergy2025_Li_Dual_Mode_Triboelectric
[2026-08-30 17:54:49] [reviewer] [PAPER_ID]   subcategory=iot venue=Nano Energy date=2025-07 authors=['Shaosong Li'] title=Dual-mode triboelectric encoder based high-precision liquid 
[2026-08-30 17:54:49] [reviewer] [PAPER_ID] PDF 重命名：Dual-mode-triboelectric-encoder-based-high-precision-liquid-leve_2025_Nano-E.pdf -> iot_NanoEnergy2025_Li_Dual_Mode_Triboelectric.pdf
[2026-08-30 17:54:49] [reviewer] [PAPER_ID] 目录重命名：Dual-mode-triboelectric-encoder-based-high-precision-liquid-leve_2025_Nano-E -> iot_NanoEnergy2025_Li_Dual_Mode_Triboelectric
[2026-08-30 17:54:49] [reviewer] [PAPER_ID] 完成：iot_NanoEnergy2025_Li_Dual_Mode_Triboelectric
[2026-08-30 17:55:16] [reviewer] [PAPER_ID] 生成 paper_id：aviation_NanoEnergy2025_Hou_Triboelectric_Nanogenerator_Sensors
[2026-08-30 17:55:16] [reviewer] [PAPER_ID]   subcategory=aviation venue=Nano Energy date=2025-02 authors=['Xuyan Hou'] title=Triboelectric nanogenerator sensors-based trans-media motion
[2026-08-30 17:55:16] [reviewer] [PAPER_ID] PDF 重命名：Triboelectric-nanogenerator-sensors-based-trans-media-motion-moni_2025_Nano-.pdf -> aviation_NanoEnergy2025_Hou_Triboelectric_Nanogenerator_Sensors.pdf
[2026-08-30 17:55:16] [reviewer] [PAPER_ID] 目录重命名：Triboelectric-nanogenerator-sensors-based-trans-media-motion-moni_2025_Nano- -> aviation_NanoEnergy2025_Hou_Triboelectric_Nanogenerator_Sensors
[2026-08-30 17:55:16] [reviewer] [PAPER_ID] 完成：aviation_NanoEnergy2025_Hou_Triboelectric_Nanogenerator_Sensors
[2026-08-30 18:02:07] [reviewer] [PAPER_ID] 生成 paper_id：wearable_NanoEnergy2024_Chiu_Enhancing_Self_Induced
[2026-08-30 18:02:07] [reviewer] [PAPER_ID]   subcategory=wearable venue=Nano Energy date=2024-09 authors=['Yen-Shou Chiu'] title=Enhancing self-induced polarization of PVDF-based triboelect
[2026-08-30 18:02:07] [reviewer] [PAPER_ID] PDF 重命名：Enhancing-self-induced-polarization-of-PVDF-based-triboelectric-f_2024_Nano-.pdf -> wearable_NanoEnergy2024_Chiu_Enhancing_Self_Induced.pdf
[2026-08-30 18:02:07] [reviewer] [PAPER_ID] 目录重命名：Enhancing-self-induced-polarization-of-PVDF-based-triboelectric-f_2024_Nano- -> wearable_NanoEnergy2024_Chiu_Enhancing_Self_Induced
[2026-08-30 18:02:07] [reviewer] [PAPER_ID] 完成：wearable_NanoEnergy2024_Chiu_Enhancing_Self_Induced
[2026-08-30 18:03:09] [reviewer] [PAPER_ID] 生成 paper_id：hmi_NanoEnergy2025_An_Anti_Counterfeit_Polymer
[2026-08-30 18:03:09] [reviewer] [PAPER_ID]   subcategory=hmi venue=Nano Energy date=2025-05 authors=['Yating An'] title=From anti-counterfeit polymer materials to dual-mode visuali
[2026-08-30 18:03:09] [reviewer] [PAPER_ID] PDF 重命名：From-anti-counterfeit-polymer-materials-to-dual-mode-visualizati_2025_Nano-E.pdf -> hmi_NanoEnergy2025_An_Anti_Counterfeit_Polymer.pdf
[2026-08-30 18:03:09] [reviewer] [PAPER_ID] 目录重命名：From-anti-counterfeit-polymer-materials-to-dual-mode-visualizati_2025_Nano-E -> hmi_NanoEnergy2025_An_Anti_Counterfeit_Polymer
[2026-08-30 18:03:09] [reviewer] [PAPER_ID] 完成：hmi_NanoEnergy2025_An_Anti_Counterfeit_Polymer
[2026-08-30 18:05:37] [reviewer] [PAPER_ID] 生成 paper_id：energyharv_NatComm2025_Li_Self_Powered_Soft
[2026-08-30 18:05:37] [reviewer] [PAPER_ID]   subcategory=energyharv venue=Nature Communications date=2025-02 authors=['Fangming Li'] title=A self-powered soft triboelectric-electrohydrodynamic pump
[2026-08-30 18:05:37] [reviewer] [PAPER_ID] PDF 重命名：Li2025_aviation_A_self_powered_soft_triboelectric_electrohydrodynamic_pump.pdf -> energyharv_NatComm2025_Li_Self_Powered_Soft.pdf
[2026-08-30 18:05:37] [reviewer] [PAPER_ID] 目录重命名：Li2025_aviation_A_self_powered_soft_triboelectric_electrohydrodynamic_pump -> energyharv_NatComm2025_Li_Self_Powered_Soft
[2026-08-30 18:05:37] [reviewer] [PAPER_ID] 完成：energyharv_NatComm2025_Li_Self_Powered_Soft
[2026-08-30 18:06:50] [reviewer] [PAPER_ID] 生成 paper_id：chemical_NanoEnergy2023_Yu_Dual_Mode_Sensor
[2026-08-30 18:06:50] [reviewer] [PAPER_ID]   subcategory=chemical venue=Nano Energy date=2023-10 authors=['Jian Yu'] title=Dual-mode sensor for intelligent solution monitoring: Enhanc
[2026-08-30 18:06:50] [reviewer] [PAPER_ID] PDF 已是正确文件名，跳过：chemical_NanoEnergy2023_Yu_Dual_Mode_Sensor.pdf
[2026-08-30 18:06:50] [reviewer] [PAPER_ID] 目录已是正确名称，跳过：chemical_NanoEnergy2023_Yu_Dual_Mode_Sensor
[2026-08-30 18:06:50] [reviewer] [PAPER_ID] 完成：chemical_NanoEnergy2023_Yu_Dual_Mode_Sensor
[2026-08-30 18:10:05] [reviewer] [PAPER_ID] 生成 paper_id：iot_NanoEnergy2023_Zhao_Grease_Lubricated_Triboelectric
[2026-08-30 18:10:05] [reviewer] [PAPER_ID]   subcategory=iot venue=Nano Energy date=2023-09 authors=['Zirui Zhao'] title=Grease-lubricated triboelectric instantaneous angular speed 
[2026-08-30 18:10:05] [reviewer] [PAPER_ID] PDF 重命名：Grease-lubricated-triboelectric-instantaneous-angular-speed-senso_2023_Nano-.pdf -> iot_NanoEnergy2023_Zhao_Grease_Lubricated_Triboelectric.pdf
[2026-08-30 18:10:05] [reviewer] [PAPER_ID] 目录重命名：Grease-lubricated-triboelectric-instantaneous-angular-speed-senso_2023_Nano- -> iot_NanoEnergy2023_Zhao_Grease_Lubricated_Triboelectric
[2026-08-30 18:10:05] [reviewer] [PAPER_ID] 完成：iot_NanoEnergy2023_Zhao_Grease_Lubricated_Triboelectric
[2026-08-30 18:10:12] [reviewer] [PAPER_ID] 生成 paper_id：hmi_NanoEnergy2024_Aliyana_Investigating_Superior_Performance
[2026-08-30 18:10:12] [reviewer] [PAPER_ID]   subcategory=hmi venue=Nano Energy date=2024-08 authors=['Akshaya Kumar Aliyana'] title=Investigating superior performance by configuring bimetallic
[2026-08-30 18:10:12] [reviewer] [PAPER_ID] PDF 重命名：Investigating-superior-performance-by-configuring-bimetallic-elect_2024_Nano.pdf -> hmi_NanoEnergy2024_Aliyana_Investigating_Superior_Performance.pdf
[2026-08-30 18:10:12] [reviewer] [PAPER_ID] 目录重命名：Investigating-superior-performance-by-configuring-bimetallic-elect_2024_Nano -> hmi_NanoEnergy2024_Aliyana_Investigating_Superior_Performance
[2026-08-30 18:10:12] [reviewer] [PAPER_ID] 完成：hmi_NanoEnergy2024_Aliyana_Investigating_Superior_Performance
[2026-08-30 18:10:57] [reviewer] [PAPER_ID] 生成 paper_id：wind_NanoResearch2026_Zhu_Effective_Wind_Energy
[2026-08-30 18:10:57] [reviewer] [PAPER_ID]   subcategory=wind venue=Nano Research date=2026-07 authors=['Mingkang Zhu'] title=Effective wind energy harvesting by a triboelectric-electrom
[2026-08-30 18:10:57] [reviewer] [PAPER_ID] PDF 重命名：Zhu2026_wind_Effective_wind_energy_harvesting_by_a_triboelectric_electromagnetic_hybr.pdf -> wind_NanoResearch2026_Zhu_Effective_Wind_Energy.pdf
[2026-08-30 18:10:57] [reviewer] [PAPER_ID] 目录重命名：Zhu2026_wind_Effective_wind_energy_harvesting_by_a_triboelectric_electromagnetic_hybr -> wind_NanoResearch2026_Zhu_Effective_Wind_Energy
[2026-08-30 18:10:57] [reviewer] [PAPER_ID] 完成：wind_NanoResearch2026_Zhu_Effective_Wind_Energy
[2026-08-30 18:14:33] [orchestrator] [DISTRIBUTE] 扫描 inbox，发现 0 个 PDF
[2026-08-30 18:14:33] [orchestrator] [DISTRIBUTE] 完成：新分发 0 篇，已存在跳过 0 篇，inbox 当前 0 篇残留
[2026-08-30 18:14:33] [orchestrator] [DISTRIBUTE] cache 当前目录数：182
[2026-08-30 18:14:37] [orchestrator] [COLLECT] 扫描 cache，发现 182 个目录
[2026-08-30 18:14:37] [orchestrator] [COLLECT] 跳过 A-multi-dimensional-tactile-perception-system-based-on-triboelect_2024_Nano-：缺少 score.json 或 index.json（reviewer 尚未完成）
[2026-08-30 18:14:37] [orchestrator] [COLLECT] 跳过 ACS Nano-Neuromorphic-Computing-Assisted Triboelectric-Capacitive-Coupled Tactile Sensor Array for Wireless Mixed Reality Interaction：缺少 score.json 或 index.json（reviewer 尚未完成）
[2026-08-30 18:14:37] [orchestrator] [COLLECT] 跳过 Advanced Energy Materials - 2025 - Zhang - Fur‐Brush Disk Triboelectric Nanogenerator Driven by Cantilever Oscillating：缺少 score.json 或 index.json（reviewer 尚未完成）
[2026-08-30 18:14:37] [orchestrator] [COLLECT] 跳过 Advanced Materials - 2025 - Chen - A Self‐Sustainable  Ultrarobust and High‐Power‐Density Triboelectric Nanogenerator for：缺少 score.json 或 index.json（reviewer 尚未完成）
[2026-08-30 18:14:37] [orchestrator] [COLLECT] 跳过 Advanced Science - 2025 - Yang - Skeleton Enhanced Dispersed Lubricant Particle Based Triboelectric Nanogenerator for：缺少 score.json 或 index.json（reviewer 尚未完成）
[2026-08-30 18:14:37] [orchestrator] [COLLECT] 跳过 Basith2024_wind_Upcycling_of_Waste_Materials_for_the_Development_of_Triboelectric_Nanoge：缺少 score.json 或 index.json（reviewer 尚未完成）
[2026-08-30 18:14:37] [orchestrator] [COLLECT] 跳过 Chen2026_iot_Structural_superlubricity_triboelectric_nanogenerator_with_negligible_we：缺少 score.json 或 index.json（reviewer 尚未完成）
[2026-08-30 18:14:37] [orchestrator] [COLLECT] 跳过 Deep-learning-enhanced-safety-system-for-real-time-in-situ-blade_2025_Nano-E：缺少 score.json 或 index.json（reviewer 尚未完成）
[2026-08-30 18:14:37] [orchestrator] [COLLECT] 跳过 Enhancing-the-accuracy-of-triboelectric-sensor-based-on-triboele_2025_Nano-E：缺少 score.json 或 index.json（reviewer 尚未完成）
[2026-08-30 18:14:38] [orchestrator] [COLLECT] 跳过 Flexible-magnet-Fe-layers-based-triboelectric-sensors-for-continu_2025_Nano-：缺少 score.json 或 index.json（reviewer 尚未完成）
[2026-08-30 18:14:38] [orchestrator] [COLLECT] 跳过 Fountain-inspired-triboelectric-nanogenerator-as-rotary-energy-h_2025_Nano-E：缺少 score.json 或 index.json（reviewer 尚未完成）
[2026-08-30 18:14:38] [orchestrator] [COLLECT] 跳过 Gbadam2025_space_Direct_current_generation_in_triboelectric_nanogenerators_through_ionic：缺少 score.json 或 index.json（reviewer 尚未完成）
[2026-08-30 18:14:38] [orchestrator] [COLLECT] 跳过 Hao2024_wearable_Triboelectric_nanogenerator_based_on_changing_the_nanomorphology_of_poly：缺少 score.json 或 index.json（reviewer 尚未完成）
[2026-08-30 18:14:38] [orchestrator] [COLLECT] 跳过 InfoMat-Advanced Handwriting Identification- Triboelectric Sensor Array Integrating with Deep Learning Towards High Information Security：缺少 score.json 或 index.json（reviewer 尚未完成）
[2026-08-30 18:14:38] [orchestrator] [COLLECT] 跳过 Innovative-smart-gloves-with-Phalanges-based-triboelectric-sensor_2025_Nano-：缺少 score.json 或 index.json（reviewer 尚未完成）
[2026-08-30 18:14:38] [orchestrator] [COLLECT] 跳过 Intelligent-triboelectric-sensor-for-rapid-detecting-of-oil-m_2026_Nano-Ener：缺少 score.json 或 index.json（reviewer 尚未完成）
[2026-08-30 18:14:38] [orchestrator] [COLLECT] 跳过 Keel2023_tactile_Three_dimensional_graphene_foam_based_triboelectric_nanogenerators_for_e：缺少 score.json 或 index.json（reviewer 尚未完成）
[2026-08-30 18:14:38] [orchestrator] [COLLECT] 跳过 Liu2022_energyharv_Fabrication_of_triboelectric_polymer_films_via_repeated_rheological_forg：缺少 score.json 或 index.json（reviewer 尚未完成）
[2026-08-30 18:14:38] [orchestrator] [COLLECT] 跳过 Liu2022_wind_Standardized_measurement_of_dielectric_materials_intrinsic_triboelectric：缺少 score.json 或 index.json（reviewer 尚未完成）
[2026-08-30 18:14:38] [orchestrator] [COLLECT] 跳过 Lu2024_aviation_Magnetic_assisted_self_powered_vehicle_motion_sensor_based_on_triboelect：缺少 score.json 或 index.json（reviewer 尚未完成）
[2026-08-30 18:14:38] [orchestrator] [COLLECT] 跳过 MRS Bulletin-Triboelectric nanogenerators as a probe for studying charge transfer at liquid-solid interface：缺少 score.json 或 index.json（reviewer 尚未完成）
[2026-08-30 18:14:38] [orchestrator] [COLLECT] 跳过 Magnetic-repulsion-assisted-hybrid-breeze-wind-energy-harvester-wit_2025_Nan：缺少 score.json 或 index.json（reviewer 尚未完成）
[2026-08-30 18:14:38] [orchestrator] [COLLECT] 跳过 Materials Today-Fully sprayed triboelectric-piezoresistive hybrid sensor for intelligent sports analytics：缺少 score.json 或 index.json（reviewer 尚未完成）
[2026-08-30 18:14:38] [orchestrator] [COLLECT] 跳过 Multi-scale-interlocked-PDMS-PDMS-CB-triboelectric-tactile-sensor_2026_Nano-：缺少 score.json 或 index.json（reviewer 尚未完成）
[2026-08-30 18:14:38] [orchestrator] [COLLECT] 跳过 Nano Energy-Gate-Coupling-Enhanced Triboelectric-Triggered Proximity Sensory Memory in Ferroelectric Heterostructure：缺少 score.json 或 index.json（reviewer 尚未完成）
[2026-08-30 18:14:38] [orchestrator] [COLLECT] 跳过 Nano Energy-Machine Learning Enhanced Rigiflex Pillar-Membrane Triboelectric Nanogenerator for Universal Stereoscopic Recognition：缺少 score.json 或 index.json（reviewer 尚未完成）
[2026-08-30 18:14:38] [orchestrator] [COLLECT] 跳过 Nano Energy-Monolithic thermodielectric-enhanced triboelectric sensor for autonomous safety monitoring in underground engineering：缺少 score.json 或 index.json（reviewer 尚未完成）
[2026-08-30 18:14:38] [orchestrator] [COLLECT] 跳过 Nano Energy-Probing Leidenfrost effect via contact electrification：缺少 score.json 或 index.json（reviewer 尚未完成）
[2026-08-30 18:14:38] [orchestrator] [COLLECT] 跳过 Nano Letters-Flexible Tactile Sensors for 3D Force Detection：缺少 score.json 或 index.json（reviewer 尚未完成）
[2026-08-30 18:14:38] [orchestrator] [COLLECT] 跳过 Qiu2024_wearable_E_cardiac_patch_to_sense_and_repair_infarcted_myocardium：缺少 score.json 或 index.json（reviewer 尚未完成）
[2026-08-30 18:14:38] [orchestrator] [COLLECT] 跳过 Science Advances-Self-Powered Visualized Tactile-Acoustic Sensor for High-Accuracy Artificial Perception with High Brightness and Record-Low Detection Limit：缺少 score.json 或 index.json（reviewer 尚未完成）
[2026-08-30 18:14:38] [orchestrator] [COLLECT] 跳过 Science Bulletin-Over 200 times current enhancement via buckling triboelectric nanogenerator at ultra-low speed for monitoring the swelling of lithium ion batteries：缺少 score.json 或 index.json（reviewer 尚未完成）
[2026-08-30 18:14:38] [orchestrator] [COLLECT] 跳过 Self-powered-flexible-force-sensing-sensor-based-on-triboelectric-_2025_Nano：缺少 score.json 或 index.json（reviewer 尚未完成）
[2026-08-30 18:14:38] [orchestrator] [COLLECT] 跳过 Self-retracting-triboelectric-electromagnetic-hybrid-sensor-for-_2025_Nano-E：缺少 score.json 或 index.json（reviewer 尚未完成）
[2026-08-30 18:14:38] [orchestrator] [COLLECT] 跳过 Shakibi2025_wearable_Aesthetic_wire_free_and_bioresorbable_dermal_tattoo_TENG_system_for_self：缺少 score.json 或 index.json（reviewer 尚未完成）
[2026-08-30 18:14:38] [orchestrator] [COLLECT] 跳过 Shao2024_wind_Large_area_untethered_metamorphic_and_omnidirectionally_stretchable_mult：缺少 score.json 或 index.json（reviewer 尚未完成）
[2026-08-30 18:14:38] [orchestrator] [COLLECT] 跳过 Small-Bioinspired Omnidirectional Iontronic Sensors Based on Triboelectric Charge：缺少 score.json 或 index.json（reviewer 尚未完成）
[2026-08-30 18:14:38] [orchestrator] [COLLECT] 跳过 Strain-insensitive-stretchable-triboelectric-tactile-sensors-vi_2025_Nano-En：缺少 score.json 或 index.json（reviewer 尚未完成）
[2026-08-30 18:14:38] [orchestrator] [COLLECT] 跳过 Subbotina2022_space_Aqueous_synthesis_of_highly_functional_hydrophobic_and_chemically_recycl：缺少 score.json 或 index.json（reviewer 尚未完成）
[2026-08-30 18:14:38] [orchestrator] [COLLECT] 跳过 Sun2025_wind_Impedance_decoupling_strategy_to_enhance_the_real_time_powering_performa：缺少 score.json 或 index.json（reviewer 尚未完成）
[2026-08-30 18:14:38] [orchestrator] [COLLECT] 跳过 Thermal-stable-cordierite-embedded-polyimide-based-triboelectric-_2025_Nano-：缺少 score.json 或 index.json（reviewer 尚未完成）
[2026-08-30 18:14:38] [orchestrator] [COLLECT] 跳过 Using-deep-learning-and-an-annular-triboelectric-sensor-for-mon_2025_Nano-En：缺少 score.json 或 index.json（reviewer 尚未完成）
[2026-08-30 18:14:38] [orchestrator] [COLLECT] 跳过 Waterproof-membrane-cavity-membrane-triboelectric-acoustic-sensor_2026_Nano-：缺少 score.json 或 index.json（reviewer 尚未完成）
[2026-08-30 18:14:38] [orchestrator] [COLLECT] 跳过 Wu2024_wind_Efficient_energy_conversion_mechanism_and_energy_storage_strategy_for_tr：缺少 score.json 或 index.json（reviewer 尚未完成）
[2026-08-30 18:14:38] [orchestrator] [COLLECT] 跳过 Xia2023_marine_Metallic_glass_based_triboelectric_nanogenerators：缺少 score.json 或 index.json（reviewer 尚未完成）
[2026-08-30 18:14:38] [orchestrator] [COLLECT] 跳过 Xu2022_space_Van_der_Waals_force_induced_intralayer_ferroelectric_to_antiferroelectri：缺少 score.json 或 index.json（reviewer 尚未完成）
[2026-08-30 18:14:38] [orchestrator] [COLLECT] 跳过 Zhao2022_iot_Underwater_wireless_communication_via_TENG_generated_Maxwell_s_displacem：缺少 score.json 或 index.json（reviewer 尚未完成）
[2026-08-30 18:14:38] [orchestrator] [COLLECT] 跳过 Zhao2025_acoustic_A_pendulum_based_nanogenerator_for_high_entropy_wave_energy_harvesting：缺少 score.json 或 index.json（reviewer 尚未完成）
[2026-08-30 18:14:38] [orchestrator] [COLLECT] [QUALIFIED] acoustic_NanoEnergy2023_Qiao_Clapping_Triboelectric_Nanogenerators | score=4.85 | subcat=acoustic | qa=11题 (BK1=1 | BK2=1 | BK3=1 | BK4=1 | DG1=1 | DG2=1 | DG3=1 | RP1=1 | RP2=1 | RP3=1 | RP4=1) -> papers/qualified/acoustic/acoustic_NanoEnergy2023_Qiao_Clapping_Triboelectric_Nanogenerators
[2026-08-30 18:14:38] [orchestrator] [COLLECT] [QUALIFIED] acoustic_NanoEnergy2024_Gao_High_Bandwidth_Self | score=4.85 | subcat=acoustic | qa=11题 (BK1=1 | BK2=1 | BK3=1 | BK4=1 | DG1=1 | DG2=1 | DG3=1 | RP1=1 | RP2=1 | RP3=1 | RP4=1) -> papers/qualified/acoustic/acoustic_NanoEnergy2024_Gao_High_Bandwidth_Self
[2026-08-30 18:14:38] [orchestrator] [COLLECT] [QUALIFIED] acoustic_NanoEnergy2025_Gao_Self_Powered_Optical | score=4.85 | subcat=acoustic | qa=11题 (BK1=1 | BK2=1 | BK3=1 | BK4=1 | DG1=1 | DG2=1 | DG3=1 | RP1=1 | RP2=1 | RP3=1 | RP4=1) -> papers/qualified/acoustic/acoustic_NanoEnergy2025_Gao_Self_Powered_Optical
[2026-08-30 18:14:38] [orchestrator] [COLLECT] [QUALIFIED] acoustic_NanoEnergy2025_Huang_Self_Powered_Wideband | score=4.65 | subcat=acoustic | qa=11题 (BK1=1 | BK2=1 | BK3=1 | BK4=1 | DG1=1 | DG2=1 | DG3=1 | RP1=1 | RP2=1 | RP3=1 | RP4=1) -> papers/qualified/acoustic/acoustic_NanoEnergy2025_Huang_Self_Powered_Wideband
[2026-08-30 18:14:38] [orchestrator] [COLLECT] [QUALIFIED] acoustic_NanoEnergy2025_Shen_High_Sensitivity_High | score=4.85 | subcat=acoustic | qa=11题 (BK1=1 | BK2=1 | BK3=1 | BK4=1 | DG1=1 | DG2=1 | DG3=1 | RP1=1 | RP2=1 | RP3=1 | RP4=1) -> papers/qualified/acoustic/acoustic_NanoEnergy2025_Shen_High_Sensitivity_High
[2026-08-30 18:14:38] [orchestrator] [COLLECT] [QUALIFIED] acoustic_NanoEnergy2025_Yang_Triboelectric_Sensor_Mid | score=4.85 | subcat=acoustic | qa=11题 (BK1=1 | BK2=1 | BK3=1 | BK4=1 | DG1=1 | DG2=1 | DG3=1 | RP1=1 | RP2=1 | RP3=1 | RP4=1) -> papers/qualified/acoustic/acoustic_NanoEnergy2025_Yang_Triboelectric_Sensor_Mid
[2026-08-30 18:14:38] [orchestrator] [COLLECT] [QUALIFIED] acoustic_NanoEnergy2025_Zheng_Ultra_Wide_Frequency | score=4.85 | subcat=acoustic | qa=11题 (BK1=1 | BK2=1 | BK3=1 | BK4=1 | DG1=1 | DG2=1 | DG3=1 | RP1=1 | RP2=1 | RP3=1 | RP4=1) -> papers/qualified/acoustic/acoustic_NanoEnergy2025_Zheng_Ultra_Wide_Frequency
[2026-08-30 18:14:38] [orchestrator] [COLLECT] [QUALIFIED] acoustic_NanoEnergy2026_Xi_Amphibious_Triboelectric_Acoustic | score=4.85 | subcat=acoustic | qa=11题 (BK1=1 | BK2=1 | BK3=1 | BK4=1 | DG1=1 | DG2=1 | DG3=1 | RP1=1 | RP2=1 | RP3=1 | RP4=1) -> papers/qualified/acoustic/acoustic_NanoEnergy2026_Xi_Amphibious_Triboelectric_Acoustic
[2026-08-30 18:14:38] [orchestrator] [COLLECT] [QUALIFIED] acoustic_NanoResearch2025_Zhou_Sound_Frequency_Sensitive | score=4.85 | subcat=acoustic | qa=11题 (BK1=1 | BK2=1 | BK3=1 | BK4=1 | DG1=1 | DG2=1 | DG3=1 | RP1=1 | RP2=1 | RP3=1 | RP4=1) -> papers/qualified/acoustic/acoustic_NanoResearch2025_Zhou_Sound_Frequency_Sensitive
[2026-08-30 18:14:38] [orchestrator] [COLLECT] [QUALIFIED] acoustic_Small2025_Huang_Feature_Reinforced_Strategy | score=4.65 | subcat=acoustic | qa=11题 (BK1=1 | BK2=1 | BK3=1 | BK4=1 | DG1=1 | DG2=1 | DG3=1 | RP1=1 | RP2=1 | RP3=1 | RP4=1) -> papers/qualified/acoustic/acoustic_Small2025_Huang_Feature_Reinforced_Strategy
[2026-08-30 18:14:38] [orchestrator] [COLLECT] [QUALIFIED] aviation_NanoEnergy2025_Hou_Triboelectric_Nanogenerator_Sensors | score=4.85 | subcat=aviation | qa=11题 (BK1=1 | BK2=1 | BK3=1 | BK4=1 | DG1=1 | DG2=1 | DG3=1 | RP1=1 | RP2=1 | RP3=1 | RP4=1) -> papers/qualified/aviation/aviation_NanoEnergy2025_Hou_Triboelectric_Nanogenerator_Sensors
[2026-08-30 18:14:38] [orchestrator] [COLLECT] 跳过 biomedical_BiosensorsAnd2025_Cho_Implantable_Multilayer_Interdigitated：缺少 score.json 或 index.json（reviewer 尚未完成）
[2026-08-30 18:14:38] [orchestrator] [COLLECT] [QUALIFIED] biomedical_NatComm2022_Wei_Flexible_Iontronics_2d | score=4.45 | subcat=biomedical | qa=11题 (BK1=1 | BK2=1 | BK3=1 | BK4=1 | DG1=1 | DG2=1 | DG3=1 | RP1=1 | RP2=1 | RP3=1 | RP4=1) -> papers/qualified/biomedical/biomedical_NatComm2022_Wei_Flexible_Iontronics_2d
[2026-08-30 18:14:38] [orchestrator] [COLLECT] [QUALIFIED] biomedical_NatComm2022_Yang_Improved_Pharmacodynamics_Epidermal | score=4.70 | subcat=biomedical | qa=11题 (BK1=1 | BK2=1 | BK3=1 | BK4=1 | DG1=1 | DG2=1 | DG3=1 | RP1=1 | RP2=1 | RP3=1 | RP4=1) -> papers/qualified/biomedical/biomedical_NatComm2022_Yang_Improved_Pharmacodynamics_Epidermal
[2026-08-30 18:14:38] [orchestrator] [COLLECT] [QUALIFIED] biomedical_NatComm2024_Zhang_Self_Powered_Triboelectric | score=4.65 | subcat=biomedical | qa=11题 (BK1=1 | BK2=1 | BK3=1 | BK4=1 | DG1=1 | DG2=1 | DG3=1 | RP1=1 | RP2=1 | RP3=1 | RP4=1) -> papers/qualified/biomedical/biomedical_NatComm2024_Zhang_Self_Powered_Triboelectric
[2026-08-30 18:14:38] [orchestrator] [COLLECT] [QUALIFIED] biomedical_NatComm2026_Guo_Fully_Degradable_Triboelectric | score=4.85 | subcat=biomedical | qa=11题 (BK1=1 | BK2=1 | BK3=1 | BK4=1 | DG1=1 | DG2=1 | DG3=1 | RP1=1 | RP2=1 | RP3=1 | RP4=1) -> papers/qualified/biomedical/biomedical_NatComm2026_Guo_Fully_Degradable_Triboelectric
[2026-08-30 18:14:38] [orchestrator] [COLLECT] [QUALIFIED] biomedical_SciAdv2024_Yang_Wearable_Triboelectric_Impedance | score=4.85 | subcat=biomedical | qa=11题 (BK1=1 | BK2=1 | BK3=1 | BK4=1 | DG1=1 | DG2=1 | DG3=1 | RP1=1 | RP2=1 | RP3=1 | RP4=1) -> papers/qualified/biomedical/biomedical_SciAdv2024_Yang_Wearable_Triboelectric_Impedance
[2026-08-30 18:14:38] [orchestrator] [COLLECT] [QUALIFIED] chemical_AcsApplied2024_Mondal_Cspbi3_Pvdf_Composite | score=4.85 | subcat=chemical | qa=11题 (BK1=1 | BK2=1 | BK3=1 | BK4=1 | DG1=1 | DG2=1 | DG3=1 | RP1=1 | RP2=1 | RP3=1 | RP4=1) -> papers/qualified/chemical/chemical_AcsApplied2024_Mondal_Cspbi3_Pvdf_Composite
[2026-08-30 18:14:38] [orchestrator] [COLLECT] [QUALIFIED] chemical_AdvEnergyMater2023_Chen_Stackable_Direct_Current | score=4.85 | subcat=chemical | qa=11题 (BK1=1 | BK2=1 | BK3=1 | BK4=1 | DG1=1 | DG2=1 | DG3=1 | RP1=1 | RP2=1 | RP3=1 | RP4=1) -> papers/qualified/chemical/chemical_AdvEnergyMater2023_Chen_Stackable_Direct_Current
[2026-08-30 18:14:38] [orchestrator] [COLLECT] [QUALIFIED] chemical_ChemicalReviews2026_Zhang_Triboelectric_Nanogenerator_As | score=4.85 | subcat=chemical | qa=11题 (BK1=1 | BK2=1 | BK3=1 | BK4=1 | DG1=1 | DG2=1 | DG3=1 | RP1=1 | RP2=1 | RP3=1 | RP4=1) -> papers/qualified/chemical/chemical_ChemicalReviews2026_Zhang_Triboelectric_Nanogenerator_As
[2026-08-30 18:14:38] [orchestrator] [COLLECT] [QUALIFIED] chemical_Infomat2024_Su_Miniature_Cost_Effective | score=4.65 | subcat=chemical | qa=11题 (BK1=1 | BK2=1 | BK3=1 | BK4=1 | DG1=1 | DG2=1 | DG3=1 | RP1=1 | RP2=1 | RP3=1 | RP4=1) -> papers/qualified/chemical/chemical_Infomat2024_Su_Miniature_Cost_Effective
[2026-08-30 18:14:38] [orchestrator] [COLLECT] [QUALIFIED] chemical_JournalOf2024_Zhang_Triboelectric_Spectroscopy_Situ | score=4.85 | subcat=chemical | qa=11题 (BK1=1 | BK2=1 | BK3=1 | BK4=1 | DG1=1 | DG2=1 | DG3=1 | RP1=1 | RP2=1 | RP3=1 | RP4=1) -> papers/qualified/chemical/chemical_JournalOf2024_Zhang_Triboelectric_Spectroscopy_Situ
[2026-08-30 18:14:38] [orchestrator] [COLLECT] [QUALIFIED] chemical_NanoEnergy2023_Yu_Dual_Mode_Sensor | score=4.85 | subcat=chemical | qa=11题 (BK1=1 | BK2=1 | BK3=1 | BK4=1 | DG1=1 | DG2=1 | DG3=1 | RP1=1 | RP2=1 | RP3=1 | RP4=1) -> papers/qualified/chemical/chemical_NanoEnergy2023_Yu_Dual_Mode_Sensor
[2026-08-30 18:14:38] [orchestrator] [COLLECT] [QUALIFIED] chemical_NanoEnergy2024_Zhang_Eco_Friendly_Triboelectric | score=4.65 | subcat=chemical | qa=11题 (BK1=1 | BK2=1 | BK3=1 | BK4=1 | DG1=1 | DG2=1 | DG3=1 | RP1=1 | RP2=1 | RP3=1 | RP4=1) -> papers/qualified/chemical/chemical_NanoEnergy2024_Zhang_Eco_Friendly_Triboelectric
[2026-08-30 18:14:38] [orchestrator] [COLLECT] [QUALIFIED] chemical_NanoEnergy2026_Gao_Intelligent_Triboelectric_Sensor | score=4.65 | subcat=chemical | qa=11题 (BK1=1 | BK2=1 | BK3=1 | BK4=1 | DG1=1 | DG2=1 | DG3=1 | RP1=1 | RP2=1 | RP3=1 | RP4=1) -> papers/qualified/chemical/chemical_NanoEnergy2026_Gao_Intelligent_Triboelectric_Sensor
[2026-08-30 18:14:38] [orchestrator] [COLLECT] [QUALIFIED] chemical_NanoResearch2025_Gao_Microdroplet_Splitting_Mixing | score=4.85 | subcat=chemical | qa=11题 (BK1=1 | BK2=1 | BK3=1 | BK4=1 | DG1=1 | DG2=1 | DG3=1 | RP1=1 | RP2=1 | RP3=1 | RP4=1) -> papers/qualified/chemical/chemical_NanoResearch2025_Gao_Microdroplet_Splitting_Mixing
[2026-08-30 18:14:38] [orchestrator] [COLLECT] [QUALIFIED] chemical_NatComm2025_Wei_Probing_Electrical_Double | score=4.85 | subcat=chemical | qa=11题 (BK1=1 | BK2=1 | BK3=1 | BK4=1 | DG1=1 | DG2=1 | DG3=1 | RP1=1 | RP2=1 | RP3=1 | RP4=1) -> papers/qualified/chemical/chemical_NatComm2025_Wei_Probing_Electrical_Double
[2026-08-30 18:14:38] [orchestrator] [COLLECT] [QUALIFIED] chemical_Small2025_Gu_Interface_Charge_Transfer | score=4.65 | subcat=chemical | qa=11题 (BK1=1 | BK2=1 | BK3=1 | BK4=1 | DG1=1 | DG2=1 | DG3=1 | RP1=1 | RP2=1 | RP3=1 | RP4=1) -> papers/qualified/chemical/chemical_Small2025_Gu_Interface_Charge_Transfer
[2026-08-30 18:14:38] [orchestrator] [COLLECT] 跳过 energyharv_AdvEnergyMater2025_Mulvihill_How_Test_Triboelectric：无 .complete 标记（reviewer 仍在出题）
[2026-08-30 18:14:38] [orchestrator] [COLLECT] [QUALIFIED] energyharv_AdvancedScience2025_Yang_Skeleton_Enhanced_Dispersed | score=4.65 | subcat=energyharv | qa=11题 (BK1=1 | BK2=1 | BK3=1 | BK4=1 | DG1=1 | DG2=1 | DG3=1 | RP1=1 | RP2=1 | RP3=1 | RP4=1) -> papers/qualified/energyharv/energyharv_AdvancedScience2025_Yang_Skeleton_Enhanced_Dispersed
[2026-08-30 18:14:38] [orchestrator] [COLLECT] [QUALIFIED] energyharv_Joule2026_He_Triboelectric_Induced_Abnormal | score=4.80 | subcat=energyharv | qa=11题 (BK1=1 | BK2=1 | BK3=1 | BK4=1 | DG1=1 | DG2=1 | DG3=1 | RP1=1 | RP2=1 | RP3=1 | RP4=1) -> papers/qualified/energyharv/energyharv_Joule2026_He_Triboelectric_Induced_Abnormal
[2026-08-30 18:14:38] [orchestrator] [COLLECT] [QUALIFIED] energyharv_Joule2026_Li_Electrical_Double_Layer | score=4.85 | subcat=energyharv | qa=11题 (BK1=1 | BK2=1 | BK3=1 | BK4=1 | DG1=1 | DG2=1 | DG3=1 | RP1=1 | RP2=1 | RP3=1 | RP4=1) -> papers/qualified/energyharv/energyharv_Joule2026_Li_Electrical_Double_Layer
[2026-08-30 18:14:38] [orchestrator] [COLLECT] [QUALIFIED] energyharv_MrsBulletin2025_Wang_Nanogenerators_Foundation_High | score=4.45 | subcat=energyharv | qa=11题 (BK1=1 | BK2=1 | BK3=1 | BK4=1 | DG1=1 | DG2=1 | DG3=1 | RP1=1 | RP2=1 | RP3=1 | RP4=1) -> papers/qualified/energyharv/energyharv_MrsBulletin2025_Wang_Nanogenerators_Foundation_High
[2026-08-30 18:14:38] [orchestrator] [COLLECT] [QUALIFIED] energyharv_NanoEnergy2024_Lei_Ultra_Stretchable_Anti | score=4.85 | subcat=energyharv | qa=11题 (BK1=1 | BK2=1 | BK3=1 | BK4=1 | DG1=1 | DG2=1 | DG3=1 | RP1=1 | RP2=1 | RP3=1 | RP4=1) -> papers/qualified/energyharv/energyharv_NanoEnergy2024_Lei_Ultra_Stretchable_Anti
[2026-08-30 18:14:38] [orchestrator] [COLLECT] [QUALIFIED] energyharv_NanoEnergy2025_Dong_Triboelectric_Nanogenerator_Powering | score=4.85 | subcat=energyharv | qa=11题 (BK1=1 | BK2=1 | BK3=1 | BK4=1 | DG1=1 | DG2=1 | DG3=1 | RP1=1 | RP2=1 | RP3=1 | RP4=1) -> papers/qualified/energyharv/energyharv_NanoEnergy2025_Dong_Triboelectric_Nanogenerator_Powering
[2026-08-30 18:14:38] [orchestrator] [COLLECT] [QUALIFIED] energyharv_NanoEnergy2025_Xu_Integrating_Machine_Learning | score=4.30 | subcat=energyharv | qa=11题 (BK1=1 | BK2=1 | BK3=1 | BK4=1 | DG1=1 | DG2=1 | DG3=1 | RP1=1 | RP2=1 | RP3=1 | RP4=1) -> papers/qualified/energyharv/energyharv_NanoEnergy2025_Xu_Integrating_Machine_Learning
[2026-08-30 18:14:38] [orchestrator] [COLLECT] [QUALIFIED] energyharv_NanoResearch2025_Hao_Enhancing_Output_Performance | score=4.65 | subcat=energyharv | qa=11题 (BK1=1 | BK2=1 | BK3=1 | BK4=1 | DG1=1 | DG2=1 | DG3=1 | RP1=1 | RP2=1 | RP3=1 | RP4=1) -> papers/qualified/energyharv/energyharv_NanoResearch2025_Hao_Enhancing_Output_Performance
[2026-08-30 18:14:38] [orchestrator] [COLLECT] [QUALIFIED] energyharv_NatComm2024_Gao_Spontaneously_Established_Reverse | score=4.85 | subcat=energyharv | qa=11题 (BK1=1 | BK2=1 | BK3=1 | BK4=1 | DG1=1 | DG2=1 | DG3=1 | RP1=1 | RP2=1 | RP3=1 | RP4=1) -> papers/qualified/energyharv/energyharv_NatComm2024_Gao_Spontaneously_Established_Reverse
[2026-08-30 18:14:38] [orchestrator] [COLLECT] [QUALIFIED] energyharv_NatComm2024_Li_Triboiontronics_Temporal_Control | score=4.75 | subcat=energyharv | qa=11题 (BK1=1 | BK2=1 | BK3=1 | BK4=1 | DG1=1 | DG2=1 | DG3=1 | RP1=1 | RP2=1 | RP3=1 | RP4=1) -> papers/qualified/energyharv/energyharv_NatComm2024_Li_Triboiontronics_Temporal_Control
[2026-08-30 18:14:38] [orchestrator] [COLLECT] 跳过 energyharv_NatComm2025_Li_Self_Powered_Soft：无 .complete 标记（reviewer 仍在出题）
[2026-08-30 18:14:38] [orchestrator] [COLLECT] [QUALIFIED] energyharv_NatComm2025_Liu_Field_Emission_Effect | score=4.85 | subcat=energyharv | qa=11题 (BK1=1 | BK2=1 | BK3=1 | BK4=1 | DG1=1 | DG2=1 | DG3=1 | RP1=1 | RP2=1 | RP3=1 | RP4=1) -> papers/qualified/energyharv/energyharv_NatComm2025_Liu_Field_Emission_Effect
[2026-08-30 18:14:38] [orchestrator] [COLLECT] [QUALIFIED] energyharv_SciAdv2024_Xiang_Triboelectric_Nanogenerator_High | score=4.60 | subcat=energyharv | qa=11题 (BK1=1 | BK2=1 | BK3=1 | BK4=1 | DG1=1 | DG2=1 | DG3=1 | RP1=1 | RP2=1 | RP3=1 | RP4=1) -> papers/qualified/energyharv/energyharv_SciAdv2024_Xiang_Triboelectric_Nanogenerator_High
[2026-08-30 18:14:38] [orchestrator] [COLLECT] [QUALIFIED] hmi_AdvMater2021_Yang_Self_Powered_Interactive | score=4.55 | subcat=hmi | qa=11题 (BK1=1 | BK2=1 | BK3=1 | BK4=1 | DG1=1 | DG2=1 | DG3=1 | RP1=1 | RP2=1 | RP3=1 | RP4=1) -> papers/qualified/hmi/hmi_AdvMater2021_Yang_Self_Powered_Interactive
[2026-08-30 18:14:38] [orchestrator] [COLLECT] [QUALIFIED] hmi_AdvMater2023_Xia_Transparent_Self_Healing | score=4.85 | subcat=hmi | qa=11题 (BK1=1 | BK2=1 | BK3=1 | BK4=1 | DG1=1 | DG2=1 | DG3=1 | RP1=1 | RP2=1 | RP3=1 | RP4=1) -> papers/qualified/hmi/hmi_AdvMater2023_Xia_Transparent_Self_Healing
[2026-08-30 18:14:38] [orchestrator] [COLLECT] [QUALIFIED] hmi_AdvMater2025_Zheng_Efficient_Stable_Triboelectric | score=4.85 | subcat=hmi | qa=11题 (BK1=1 | BK2=1 | BK3=1 | BK4=1 | DG1=1 | DG2=1 | DG3=1 | RP1=1 | RP2=1 | RP3=1 | RP4=1) -> papers/qualified/hmi/hmi_AdvMater2025_Zheng_Efficient_Stable_Triboelectric
[2026-08-30 18:14:38] [orchestrator] [COLLECT] [QUALIFIED] hmi_Joule2026_Wang_Origami_Structured_Triboelectric | score=4.85 | subcat=hmi | qa=11题 (BK1=1 | BK2=1 | BK3=1 | BK4=1 | DG1=1 | DG2=1 | DG3=1 | RP1=1 | RP2=1 | RP3=1 | RP4=1) -> papers/qualified/hmi/hmi_Joule2026_Wang_Origami_Structured_Triboelectric
[2026-08-30 18:14:38] [orchestrator] [COLLECT] 跳过 hmi_NanoEnergy2024_Aliyana_Investigating_Superior_Performance：无 .complete 标记（reviewer 仍在出题）
[2026-08-30 18:14:38] [orchestrator] [COLLECT] [QUALIFIED] hmi_NanoEnergy2024_Guo_Skin_Triboelectric_Sensor | score=4.85 | subcat=hmi | qa=11题 (BK1=1 | BK2=1 | BK3=1 | BK4=1 | DG1=1 | DG2=1 | DG3=1 | RP1=1 | RP2=1 | RP3=1 | RP4=1) -> papers/qualified/hmi/hmi_NanoEnergy2024_Guo_Skin_Triboelectric_Sensor
[2026-08-30 18:14:38] [orchestrator] [COLLECT] [QUALIFIED] hmi_NanoEnergy2024_Lai_Smart_Ping_Pong | score=4.65 | subcat=hmi | qa=11题 (BK1=1 | BK2=1 | BK3=1 | BK4=1 | DG1=1 | DG2=1 | DG3=1 | RP1=1 | RP2=1 | RP3=1 | RP4=1) -> papers/qualified/hmi/hmi_NanoEnergy2024_Lai_Smart_Ping_Pong
[2026-08-30 18:14:38] [orchestrator] [COLLECT] [QUALIFIED] hmi_NanoEnergy2024_Wang_Flexible_Triboelectric_Sensor | score=4.85 | subcat=hmi | qa=11题 (BK1=1 | BK2=1 | BK3=1 | BK4=1 | DG1=1 | DG2=1 | DG3=1 | RP1=1 | RP2=1 | RP3=1 | RP4=1) -> papers/qualified/hmi/hmi_NanoEnergy2024_Wang_Flexible_Triboelectric_Sensor
[2026-08-30 18:14:38] [orchestrator] [COLLECT] [QUALIFIED] hmi_NanoEnergy2025_An_Anti_Counterfeit_Polymer | score=4.65 | subcat=hmi | qa=11题 (BK1=1 | BK2=1 | BK3=1 | BK4=1 | DG1=1 | DG2=1 | DG3=1 | RP1=1 | RP2=1 | RP3=1 | RP4=1) -> papers/qualified/hmi/hmi_NanoEnergy2025_An_Anti_Counterfeit_Polymer
[2026-08-30 18:14:38] [orchestrator] [COLLECT] [QUALIFIED] hmi_NanoEnergy2025_Liu_Dynamic_Keystroke_Password | score=4.65 | subcat=hmi | qa=11题 (BK1=1 | BK2=1 | BK3=1 | BK4=1 | DG1=1 | DG2=1 | DG3=1 | RP1=1 | RP2=1 | RP3=1 | RP4=1) -> papers/qualified/hmi/hmi_NanoEnergy2025_Liu_Dynamic_Keystroke_Password
[2026-08-30 18:14:38] [orchestrator] [COLLECT] [QUALIFIED] hmi_NanoEnergy2025_Liu_Innovative_Smart_Gloves | score=4.85 | subcat=hmi | qa=11题 (BK1=1 | BK2=1 | BK3=1 | BK4=1 | DG1=1 | DG2=1 | DG3=1 | RP1=1 | RP2=1 | RP3=1 | RP4=1) -> papers/qualified/hmi/hmi_NanoEnergy2025_Liu_Innovative_Smart_Gloves
[2026-08-30 18:14:38] [orchestrator] [COLLECT] [QUALIFIED] hmi_NanoEnergy2026_Yi_Bentonite_Nanosheets_Incorporated | score=4.85 | subcat=hmi | qa=11题 (BK1=1 | BK2=1 | BK3=1 | BK4=1 | DG1=1 | DG2=1 | DG3=1 | RP1=1 | RP2=1 | RP3=1 | RP4=1) -> papers/qualified/hmi/hmi_NanoEnergy2026_Yi_Bentonite_Nanosheets_Incorporated
[2026-08-30 18:14:38] [orchestrator] [COLLECT] [QUALIFIED] hmi_NanoResearch2025_Tan_Self_Powered_Tactile | score=4.65 | subcat=hmi | qa=11题 (BK1=1 | BK2=1 | BK3=1 | BK4=1 | DG1=1 | DG2=1 | DG3=1 | RP1=1 | RP2=1 | RP3=1 | RP4=1) -> papers/qualified/hmi/hmi_NanoResearch2025_Tan_Self_Powered_Tactile
[2026-08-30 18:14:38] [orchestrator] [COLLECT] [QUALIFIED] hmi_NatComm2022_Li_Filling_Gap_Between | score=4.70 | subcat=hmi | qa=11题 (BK1=1 | BK2=1 | BK3=1 | BK4=1 | DG1=1 | DG2=1 | DG3=1 | RP1=1 | RP2=1 | RP3=1 | RP4=1) -> papers/qualified/hmi/hmi_NatComm2022_Li_Filling_Gap_Between
[2026-08-30 18:14:38] [orchestrator] [COLLECT] [QUALIFIED] hmi_NatComm2022_Liu_Self_Powered_High | score=4.70 | subcat=hmi | qa=11题 (BK1=1 | BK2=1 | BK3=1 | BK4=1 | DG1=1 | DG2=1 | DG3=1 | RP1=1 | RP2=1 | RP3=1 | RP4=1) -> papers/qualified/hmi/hmi_NatComm2022_Liu_Self_Powered_High
[2026-08-30 18:14:38] [orchestrator] [COLLECT] 跳过 iot_AdvFunctMater2025_Lee_Metamaterial_Adhesives_Integrated：无 .complete 标记（reviewer 仍在出题）
[2026-08-30 18:14:38] [orchestrator] [COLLECT] 跳过 iot_NanoEnergy2023_Zhao_Grease_Lubricated_Triboelectric：无 .complete 标记（reviewer 仍在出题）
[2026-08-30 18:14:38] [orchestrator] [COLLECT] 跳过 iot_NanoEnergy2024_Feng_Novel_Self_Powered：缺少 score.json 或 index.json（reviewer 尚未完成）
[2026-08-30 18:14:38] [orchestrator] [COLLECT] [QUALIFIED] iot_NanoEnergy2024_Lee_Self_Powered_Triboelectric | score=4.85 | subcat=iot | qa=11题 (BK1=1 | BK2=1 | BK3=1 | BK4=1 | DG1=1 | DG2=1 | DG3=1 | RP1=1 | RP2=1 | RP3=1 | RP4=1) -> papers/qualified/iot/iot_NanoEnergy2024_Lee_Self_Powered_Triboelectric
[2026-08-30 18:14:38] [orchestrator] [COLLECT] [QUALIFIED] iot_NanoEnergy2025_Du_Emerging_Sensing_Systems | score=4.60 | subcat=iot | qa=11题 (BK1=1 | BK2=1 | BK3=1 | BK4=1 | DG1=1 | DG2=1 | DG3=1 | RP1=1 | RP2=1 | RP3=1 | RP4=1) -> papers/qualified/iot/iot_NanoEnergy2025_Du_Emerging_Sensing_Systems
[2026-08-30 18:14:38] [orchestrator] [COLLECT] [QUALIFIED] iot_NanoEnergy2025_Li_Dual_Mode_Triboelectric | score=5.00 | subcat=iot | qa=11题 (BK1=1 | BK2=1 | BK3=1 | BK4=1 | DG1=1 | DG2=1 | DG3=1 | RP1=1 | RP2=1 | RP3=1 | RP4=1) -> papers/qualified/iot/iot_NanoEnergy2025_Li_Dual_Mode_Triboelectric
[2026-08-30 18:14:38] [orchestrator] [COLLECT] [QUALIFIED] iot_NanoEnergy2025_Sun_Wireless_Passive_Sensor | score=4.85 | subcat=iot | qa=11题 (BK1=1 | BK2=1 | BK3=1 | BK4=1 | DG1=1 | DG2=1 | DG3=1 | RP1=1 | RP2=1 | RP3=1 | RP4=1) -> papers/qualified/iot/iot_NanoEnergy2025_Sun_Wireless_Passive_Sensor
[2026-08-30 18:14:38] [orchestrator] [COLLECT] [QUALIFIED] iot_NanoEnergy2025_Tao_Lotus_Leaf_Inspired | score=4.85 | subcat=iot | qa=11题 (BK1=1 | BK2=1 | BK3=1 | BK4=1 | DG1=1 | DG2=1 | DG3=1 | RP1=1 | RP2=1 | RP3=1 | RP4=1) -> papers/qualified/iot/iot_NanoEnergy2025_Tao_Lotus_Leaf_Inspired
[2026-08-30 18:14:38] [orchestrator] [COLLECT] [QUALIFIED] iot_NanoEnergy2026_Li_Compact_Hybrid_Synchronous | score=4.85 | subcat=iot | qa=11题 (BK1=1 | BK2=1 | BK3=1 | BK4=1 | DG1=1 | DG2=1 | DG3=1 | RP1=1 | RP2=1 | RP3=1 | RP4=1) -> papers/qualified/iot/iot_NanoEnergy2026_Li_Compact_Hybrid_Synchronous
[2026-08-30 18:14:38] [orchestrator] [COLLECT] [QUALIFIED] iot_NanoEnergy2026_Wang_Monolithic_Thermodielectric_Enhanced | score=4.85 | subcat=iot | qa=11题 (BK1=1 | BK2=1 | BK3=1 | BK4=1 | DG1=1 | DG2=1 | DG3=1 | RP1=1 | RP2=1 | RP3=1 | RP4=1) -> papers/qualified/iot/iot_NanoEnergy2026_Wang_Monolithic_Thermodielectric_Enhanced
[2026-08-30 18:14:38] [orchestrator] [COLLECT] [QUALIFIED] iot_NanoResearch2025_Ren_High_Performance_Press | score=4.85 | subcat=iot | qa=11题 (BK1=1 | BK2=1 | BK3=1 | BK4=1 | DG1=1 | DG2=1 | DG3=1 | RP1=1 | RP2=1 | RP3=1 | RP4=1) -> papers/qualified/iot/iot_NanoResearch2025_Ren_High_Performance_Press
[2026-08-30 18:14:38] [orchestrator] [COLLECT] [QUALIFIED] iot_NatComm2023_Zhang_Discharge_Domains_Regulation | score=4.85 | subcat=iot | qa=11题 (BK1=1 | BK2=1 | BK3=1 | BK4=1 | DG1=1 | DG2=1 | DG3=1 | RP1=1 | RP2=1 | RP3=1 | RP4=1) -> papers/qualified/iot/iot_NatComm2023_Zhang_Discharge_Domains_Regulation
[2026-08-30 18:14:38] [orchestrator] [COLLECT] [QUALIFIED] iot_NatComm2025_Liu_Self_Powered_Sensing | score=5.00 | subcat=iot | qa=11题 (BK1=1 | BK2=1 | BK3=1 | BK4=1 | DG1=1 | DG2=1 | DG3=1 | RP1=1 | RP2=1 | RP3=1 | RP4=1) -> papers/qualified/iot/iot_NatComm2025_Liu_Self_Powered_Sensing
[2026-08-30 18:14:38] [orchestrator] [COLLECT] [QUALIFIED] iot_Small2026_Dong_Wireless_Self_Powered | score=5.00 | subcat=iot | qa=11题 (BK1=1 | BK2=1 | BK3=1 | BK4=1 | DG1=1 | DG2=1 | DG3=1 | RP1=1 | RP2=1 | RP3=1 | RP4=1) -> papers/qualified/iot/iot_Small2026_Dong_Wireless_Self_Powered
[2026-08-30 18:14:38] [orchestrator] [COLLECT] [QUALIFIED] marine_AdvEnergyMater2025_Zhang_Fur_Brush_Disk | score=4.85 | subcat=marine | qa=11题 (BK1=1 | BK2=1 | BK3=1 | BK4=1 | DG1=1 | DG2=1 | DG3=1 | RP1=1 | RP2=1 | RP3=1 | RP4=1) -> papers/qualified/marine/marine_AdvEnergyMater2025_Zhang_Fur_Brush_Disk
[2026-08-30 18:14:38] [orchestrator] [COLLECT] [QUALIFIED] marine_AdvFunctMater2022_Qu_Spherical_Triboelectric_Nanogenerator | score=4.70 | subcat=marine | qa=11题 (BK1=1 | BK2=1 | BK3=1 | BK4=1 | DG1=1 | DG2=1 | DG3=1 | RP1=1 | RP2=1 | RP3=1 | RP4=1) -> papers/qualified/marine/marine_AdvFunctMater2022_Qu_Spherical_Triboelectric_Nanogenerator
[2026-08-30 18:14:38] [orchestrator] [COLLECT] [QUALIFIED] marine_AdvMater2022_Deng_Rationally_Structured_Triboelectric | score=4.70 | subcat=marine | qa=11题 (BK1=1 | BK2=1 | BK3=1 | BK4=1 | DG1=1 | DG2=1 | DG3=1 | RP1=1 | RP2=1 | RP3=1 | RP4=1) -> papers/qualified/marine/marine_AdvMater2022_Deng_Rationally_Structured_Triboelectric
[2026-08-30 18:14:38] [orchestrator] [COLLECT] [QUALIFIED] marine_InterdisciplinaryMaterials2025_Jiang_High_Performance_Triboelectric | score=4.85 | subcat=marine | qa=11题 (BK1=1 | BK2=1 | BK3=1 | BK4=1 | DG1=1 | DG2=1 | DG3=1 | RP1=1 | RP2=1 | RP3=1 | RP4=1) -> papers/qualified/marine/marine_InterdisciplinaryMaterials2025_Jiang_High_Performance_Triboelectric
[2026-08-30 18:14:38] [orchestrator] [COLLECT] [QUALIFIED] marine_NPJFlex2022_Xu_Bio_Inspired_Self | score=4.70 | subcat=marine | qa=11题 (BK1=1 | BK2=1 | BK3=1 | BK4=1 | DG1=1 | DG2=1 | DG3=1 | RP1=1 | RP2=1 | RP3=1 | RP4=1) -> papers/qualified/marine/marine_NPJFlex2022_Xu_Bio_Inspired_Self
[2026-08-30 18:14:38] [orchestrator] [COLLECT] [QUALIFIED] marine_NanoEnergy2024_Jung_Self_Powered_Ocean | score=4.85 | subcat=marine | qa=11题 (BK1=1 | BK2=1 | BK3=1 | BK4=1 | DG1=1 | DG2=1 | DG3=1 | RP1=1 | RP2=1 | RP3=1 | RP4=1) -> papers/qualified/marine/marine_NanoEnergy2024_Jung_Self_Powered_Ocean
[2026-08-30 18:14:38] [orchestrator] [COLLECT] [QUALIFIED] marine_NatComm2022_Lu_Liquid_Liquid_Triboelectric | score=4.55 | subcat=marine | qa=11题 (BK1=1 | BK2=1 | BK3=1 | BK4=1 | DG1=1 | DG2=1 | DG3=1 | RP1=1 | RP2=1 | RP3=1 | RP4=1) -> papers/qualified/marine/marine_NatComm2022_Lu_Liquid_Liquid_Triboelectric
[2026-08-30 18:14:38] [orchestrator] [COLLECT] [QUALIFIED] marine_NatComm2024_Pan_Self_Powered_Speed | score=4.85 | subcat=marine | qa=11题 (BK1=1 | BK2=1 | BK3=1 | BK4=1 | DG1=1 | DG2=1 | DG3=1 | RP1=1 | RP2=1 | RP3=1 | RP4=1) -> papers/qualified/marine/marine_NatComm2024_Pan_Self_Powered_Speed
[2026-08-30 18:14:38] [orchestrator] [COLLECT] [QUALIFIED] marine_NatComm2024_Wang_Rolling_Mode_Triboelectric | score=4.85 | subcat=marine | qa=11题 (BK1=1 | BK2=1 | BK3=1 | BK4=1 | DG1=1 | DG2=1 | DG3=1 | RP1=1 | RP2=1 | RP3=1 | RP4=1) -> papers/qualified/marine/marine_NatComm2024_Wang_Rolling_Mode_Triboelectric
[2026-08-30 18:14:38] [orchestrator] [COLLECT] [QUALIFIED] marine_NatComm2025_Tang_Rattle_Drum_Inspired | score=5.00 | subcat=marine | qa=11题 (BK1=1 | BK2=1 | BK3=1 | BK4=1 | DG1=1 | DG2=1 | DG3=1 | RP1=1 | RP2=1 | RP3=1 | RP4=1) -> papers/qualified/marine/marine_NatComm2025_Tang_Rattle_Drum_Inspired
[2026-08-30 18:14:38] [orchestrator] [COLLECT] 跳过 marine_NatComm2026_Huang_Bubble_Burst_Induced：无 .complete 标记（reviewer 仍在出题）
[2026-08-30 18:14:38] [orchestrator] [COLLECT] [QUALIFIED] motion_AdvMater2013_Yang_Single_Electrode_Triboelectric | score=4.50 | subcat=motion | qa=11题 (BK1=1 | BK2=1 | BK3=1 | BK4=1 | DG1=1 | DG2=1 | DG3=1 | RP1=1 | RP2=1 | RP3=1 | RP4=1) -> papers/qualified/motion/motion_AdvMater2013_Yang_Single_Electrode_Triboelectric
[2026-08-30 18:14:38] [orchestrator] [COLLECT] [QUALIFIED] motion_NPJFlex2025_Han_Monolithically_Integrated_Ionic | score=4.80 | subcat=motion | qa=11题 (BK1=1 | BK2=1 | BK3=1 | BK4=1 | DG1=1 | DG2=1 | DG3=1 | RP1=1 | RP2=1 | RP3=1 | RP4=1) -> papers/qualified/motion/motion_NPJFlex2025_Han_Monolithically_Integrated_Ionic
[2026-08-30 18:14:38] [orchestrator] [COLLECT] [QUALIFIED] motion_NanoEnergy2024_Sun_Machine_Learning_Coupled | score=5.00 | subcat=motion | qa=11题 (BK1=1 | BK2=1 | BK3=1 | BK4=1 | DG1=1 | DG2=1 | DG3=1 | RP1=1 | RP2=1 | RP3=1 | RP4=1) -> papers/qualified/motion/motion_NanoEnergy2024_Sun_Machine_Learning_Coupled
[2026-08-30 18:14:38] [orchestrator] [COLLECT] 跳过 nn2c11633：缺少 score.json 或 index.json（reviewer 尚未完成）
[2026-08-30 18:14:38] [orchestrator] [COLLECT] 跳过 nn2c11633_si_001：缺少 score.json 或 index.json（reviewer 尚未完成）
[2026-08-30 18:14:38] [orchestrator] [COLLECT] [QUALIFIED] robotics_AdvMater2018_Lai_Actively_Perceiving_Responsive | score=4.55 | subcat=robotics | qa=11题 (BK1=1 | BK2=1 | BK3=1 | BK4=1 | DG1=1 | DG2=1 | DG3=1 | RP1=1 | RP2=1 | RP3=1 | RP4=1) -> papers/qualified/robotics/robotics_AdvMater2018_Lai_Actively_Perceiving_Responsive
[2026-08-30 18:14:38] [orchestrator] [COLLECT] [QUALIFIED] robotics_Escience2025_Xiong_Bioinspired_Triboelectric_Driven | score=4.85 | subcat=robotics | qa=11题 (BK1=1 | BK2=1 | BK3=1 | BK4=1 | DG1=1 | DG2=1 | DG3=1 | RP1=1 | RP2=1 | RP3=1 | RP4=1) -> papers/qualified/robotics/robotics_Escience2025_Xiong_Bioinspired_Triboelectric_Driven
[2026-08-30 18:14:38] [orchestrator] [COLLECT] [QUALIFIED] robotics_NanoEnergy2024_Xiao_Multi_Dimensional_Tactile | score=4.85 | subcat=robotics | qa=11题 (BK1=1 | BK2=1 | BK3=1 | BK4=1 | DG1=1 | DG2=1 | DG3=1 | RP1=1 | RP2=1 | RP3=1 | RP4=1) -> papers/qualified/robotics/robotics_NanoEnergy2024_Xiao_Multi_Dimensional_Tactile
[2026-08-30 18:14:38] [orchestrator] [COLLECT] [QUALIFIED] robotics_NanoEnergy2024_Xu_Buckling_Inspired_Triboelectric | score=4.85 | subcat=robotics | qa=11题 (BK1=1 | BK2=1 | BK3=1 | BK4=1 | DG1=1 | DG2=1 | DG3=1 | RP1=1 | RP2=1 | RP3=1 | RP4=1) -> papers/qualified/robotics/robotics_NanoEnergy2024_Xu_Buckling_Inspired_Triboelectric
[2026-08-30 18:14:38] [orchestrator] [COLLECT] [QUALIFIED] robotics_NanoEnergy2025_Chen_Octopus_Inspired_Soft | score=4.85 | subcat=robotics | qa=11题 (BK1=1 | BK2=1 | BK3=1 | BK4=1 | DG1=1 | DG2=1 | DG3=1 | RP1=1 | RP2=1 | RP3=1 | RP4=1) -> papers/qualified/robotics/robotics_NanoEnergy2025_Chen_Octopus_Inspired_Soft
[2026-08-30 18:14:38] [orchestrator] [COLLECT] [QUALIFIED] robotics_NanoEnergy2025_Jian_Highly_Sensitive_Absolute | score=4.65 | subcat=robotics | qa=11题 (BK1=1 | BK2=1 | BK3=1 | BK4=1 | DG1=1 | DG2=1 | DG3=1 | RP1=1 | RP2=1 | RP3=1 | RP4=1) -> papers/qualified/robotics/robotics_NanoEnergy2025_Jian_Highly_Sensitive_Absolute
[2026-08-30 18:14:38] [orchestrator] [COLLECT] [QUALIFIED] robotics_NanoEnergy2025_Xia_All_Foam_Intrinsic | score=4.85 | subcat=robotics | qa=11题 (BK1=1 | BK2=1 | BK3=1 | BK4=1 | DG1=1 | DG2=1 | DG3=1 | RP1=1 | RP2=1 | RP3=1 | RP4=1) -> papers/qualified/robotics/robotics_NanoEnergy2025_Xia_All_Foam_Intrinsic
[2026-08-30 18:14:38] [orchestrator] [COLLECT] [QUALIFIED] robotics_NanoEnergy2026_Duan_Dynamic_Charge_Balanced | score=4.85 | subcat=robotics | qa=11题 (BK1=1 | BK2=1 | BK3=1 | BK4=1 | DG1=1 | DG2=1 | DG3=1 | RP1=1 | RP2=1 | RP3=1 | RP4=1) -> papers/qualified/robotics/robotics_NanoEnergy2026_Duan_Dynamic_Charge_Balanced
[2026-08-30 18:14:38] [orchestrator] [COLLECT] [QUALIFIED] robotics_NanoEnergy2026_Liu_Multi_Degree_Freedom | score=4.85 | subcat=robotics | qa=11题 (BK1=1 | BK2=1 | BK3=1 | BK4=1 | DG1=1 | DG2=1 | DG3=1 | RP1=1 | RP2=1 | RP3=1 | RP4=1) -> papers/qualified/robotics/robotics_NanoEnergy2026_Liu_Multi_Degree_Freedom
[2026-08-30 18:14:38] [orchestrator] [COLLECT] [QUALIFIED] robotics_NanoEnergy2026_Peng_Flexible_Arrayed_Triboelectric | score=4.85 | subcat=robotics | qa=11题 (BK1=1 | BK2=1 | BK3=1 | BK4=1 | DG1=1 | DG2=1 | DG3=1 | RP1=1 | RP2=1 | RP3=1 | RP4=1) -> papers/qualified/robotics/robotics_NanoEnergy2026_Peng_Flexible_Arrayed_Triboelectric
[2026-08-30 18:14:38] [orchestrator] [COLLECT] [QUALIFIED] robotics_NatComm2022_Liu_Touchless_Interactive_Teaching | score=4.70 | subcat=robotics | qa=11题 (BK1=1 | BK2=1 | BK3=1 | BK4=1 | DG1=1 | DG2=1 | DG3=1 | RP1=1 | RP2=1 | RP3=1 | RP4=1) -> papers/qualified/robotics/robotics_NatComm2022_Liu_Touchless_Interactive_Teaching
[2026-08-30 18:14:38] [orchestrator] [COLLECT] [QUALIFIED] robotics_NatComm2024_Li_Visualization_Standardized_Quantification | score=4.80 | subcat=robotics | qa=11题 (BK1=1 | BK2=1 | BK3=1 | BK4=1 | DG1=1 | DG2=1 | DG3=1 | RP1=1 | RP2=1 | RP3=1 | RP4=1) -> papers/qualified/robotics/robotics_NatComm2024_Li_Visualization_Standardized_Quantification
[2026-08-30 18:14:38] [orchestrator] [COLLECT] [QUALIFIED] robotics_NatureSensors2026_An_Self_Powered_Triboelectric | score=4.85 | subcat=robotics | qa=11题 (BK1=1 | BK2=1 | BK3=1 | BK4=1 | DG1=1 | DG2=1 | DG3=1 | RP1=1 | RP2=1 | RP3=1 | RP4=1) -> papers/qualified/robotics/robotics_NatureSensors2026_An_Self_Powered_Triboelectric
[2026-08-30 18:14:38] [orchestrator] [COLLECT] [QUALIFIED] smarttextile_NPJFlex2026_Kovalska_Multifunctional_Energy_Autonomous | score=4.65 | subcat=smarttextile | qa=11题 (BK1=1 | BK2=1 | BK3=1 | BK4=1 | DG1=1 | DG2=1 | DG3=1 | RP1=1 | RP2=1 | RP3=1 | RP4=1) -> papers/qualified/smarttextile/smarttextile_NPJFlex2026_Kovalska_Multifunctional_Energy_Autonomous
[2026-08-30 18:14:38] [orchestrator] [COLLECT] [QUALIFIED] smarttextile_NanoEnergy2026_Rashid_Scalable_Manufacturing_Self | score=4.85 | subcat=smarttextile | qa=11题 (BK1=1 | BK2=1 | BK3=1 | BK4=1 | DG1=1 | DG2=1 | DG3=1 | RP1=1 | RP2=1 | RP3=1 | RP4=1) -> papers/qualified/smarttextile/smarttextile_NanoEnergy2026_Rashid_Scalable_Manufacturing_Self
[2026-08-30 18:14:38] [orchestrator] [COLLECT] [QUALIFIED] smarttextile_NanoResearch2024_Karabiber_Dielectric_Size_Optimization | score=4.85 | subcat=smarttextile | qa=11题 (BK1=1 | BK2=1 | BK3=1 | BK4=1 | DG1=1 | DG2=1 | DG3=1 | RP1=1 | RP2=1 | RP3=1 | RP4=1) -> papers/qualified/smarttextile/smarttextile_NanoResearch2024_Karabiber_Dielectric_Size_Optimization
[2026-08-30 18:14:38] [orchestrator] [COLLECT] [QUALIFIED] space_NatComm2022_Jiang_Ion_Rectification_Gel | score=3.95 | subcat=space | qa=11题 (BK1=1 | BK2=1 | BK3=1 | BK4=1 | DG1=1 | DG2=1 | DG3=1 | RP1=1 | RP2=1 | RP3=1 | RP4=1) -> papers/qualified/space/space_NatComm2022_Jiang_Ion_Rectification_Gel
[2026-08-30 18:14:38] [orchestrator] [COLLECT] [QUALIFIED] tactile_AcsSensors2024_Huang_Human_Friendly_Self | score=4.85 | subcat=tactile | qa=11题 (BK1=1 | BK2=1 | BK3=1 | BK4=1 | DG1=1 | DG2=1 | DG3=1 | RP1=1 | RP2=1 | RP3=1 | RP4=1) -> papers/qualified/tactile/tactile_AcsSensors2024_Huang_Human_Friendly_Self
[2026-08-30 18:14:38] [orchestrator] [COLLECT] [QUALIFIED] tactile_AdvMater2016_Lai_Electric_Eel_Skin | score=4.55 | subcat=tactile | qa=11题 (BK1=1 | BK2=1 | BK3=1 | BK4=1 | DG1=1 | DG2=1 | DG3=1 | RP1=1 | RP2=1 | RP3=1 | RP4=1) -> papers/qualified/tactile/tactile_AdvMater2016_Lai_Electric_Eel_Skin
[2026-08-30 18:14:38] [orchestrator] [COLLECT] [QUALIFIED] tactile_AdvMater2018_Dong_Stretchable_Yarn_Embedded | score=4.55 | subcat=tactile | qa=11题 (BK1=1 | BK2=1 | BK3=1 | BK4=1 | DG1=1 | DG2=1 | DG3=1 | RP1=1 | RP2=1 | RP3=1 | RP4=1) -> papers/qualified/tactile/tactile_AdvMater2018_Dong_Stretchable_Yarn_Embedded
[2026-08-30 18:14:38] [orchestrator] [COLLECT] [QUALIFIED] tactile_AdvMater2022_Lu_Wearable_Triboelectric_Visual | score=4.85 | subcat=tactile | qa=11题 (BK1=1 | BK2=1 | BK3=1 | BK4=1 | DG1=1 | DG2=1 | DG3=1 | RP1=1 | RP2=1 | RP3=1 | RP4=1) -> papers/qualified/tactile/tactile_AdvMater2022_Lu_Wearable_Triboelectric_Visual
[2026-08-30 18:14:38] [orchestrator] [COLLECT] [QUALIFIED] tactile_AdvMater2022_Wei_Open_Environment_Tactile | score=4.55 | subcat=tactile | qa=11题 (BK1=1 | BK2=1 | BK3=1 | BK4=1 | DG1=1 | DG2=1 | DG3=1 | RP1=1 | RP2=1 | RP3=1 | RP4=1) -> papers/qualified/tactile/tactile_AdvMater2022_Wei_Open_Environment_Tactile
[2026-08-30 18:14:38] [orchestrator] [COLLECT] [QUALIFIED] tactile_NanoEnergy2023_Seo_Rationally_Designed_Micropixelation | score=4.80 | subcat=tactile | qa=11题 (BK1=1 | BK2=1 | BK3=1 | BK4=1 | DG1=1 | DG2=1 | DG3=1 | RP1=1 | RP2=1 | RP3=1 | RP4=1) -> papers/qualified/tactile/tactile_NanoEnergy2023_Seo_Rationally_Designed_Micropixelation
[2026-08-30 18:14:38] [orchestrator] [COLLECT] 跳过 tactile_NanoEnergy2024_Wang_Enhancing_Recognition_Accuracy：缺少 score.json 或 index.json（reviewer 尚未完成）
[2026-08-30 18:14:38] [orchestrator] [COLLECT] [QUALIFIED] tactile_NanoEnergy2024_Yang_Micanylon_Composite_Nanofiber | score=4.85 | subcat=tactile | qa=11题 (BK1=1 | BK2=1 | BK3=1 | BK4=1 | DG1=1 | DG2=1 | DG3=1 | RP1=1 | RP2=1 | RP3=1 | RP4=1) -> papers/qualified/tactile/tactile_NanoEnergy2024_Yang_Micanylon_Composite_Nanofiber
[2026-08-30 18:14:38] [orchestrator] [COLLECT] [QUALIFIED] tactile_NatComm2025_Liu_Triboelectric_Tactile_Sensor | score=4.65 | subcat=tactile | qa=11题 (BK1=1 | BK2=1 | BK3=1 | BK4=1 | DG1=1 | DG2=1 | DG3=1 | RP1=1 | RP2=1 | RP3=1 | RP4=1) -> papers/qualified/tactile/tactile_NatComm2025_Liu_Triboelectric_Tactile_Sensor
[2026-08-30 18:14:38] [orchestrator] [COLLECT] [QUALIFIED] tactile_SciAdv2024_Su_Self_Powered_Visualized | score=4.65 | subcat=tactile | qa=11题 (BK1=1 | BK2=1 | BK3=1 | BK4=1 | DG1=1 | DG2=1 | DG3=1 | RP1=1 | RP2=1 | RP3=1 | RP4=1) -> papers/qualified/tactile/tactile_SciAdv2024_Su_Self_Powered_Visualized
[2026-08-30 18:14:38] [orchestrator] [COLLECT] 跳过 wearable_AdvMater2021_Su_Selfpowered_Respiration_Monitoring：无 .complete 标记（reviewer 仍在出题）
[2026-08-30 18:14:38] [orchestrator] [COLLECT] [QUALIFIED] wearable_NPJFlex2025_Tao_Electro_Spun_Nanofibers | score=4.60 | subcat=wearable | qa=11题 (BK1=1 | BK2=1 | BK3=1 | BK4=1 | DG1=1 | DG2=1 | DG3=1 | RP1=1 | RP2=1 | RP3=1 | RP4=1) -> papers/qualified/wearable/wearable_NPJFlex2025_Tao_Electro_Spun_Nanofibers
[2026-08-30 18:14:38] [orchestrator] [COLLECT] [QUALIFIED] wearable_NanoEnergy2023_Han_Self_Powered_Slippery | score=4.85 | subcat=wearable | qa=11题 (BK1=1 | BK2=1 | BK3=1 | BK4=1 | DG1=1 | DG2=1 | DG3=1 | RP1=1 | RP2=1 | RP3=1 | RP4=1) -> papers/qualified/wearable/wearable_NanoEnergy2023_Han_Self_Powered_Slippery
[2026-08-30 18:14:38] [orchestrator] [COLLECT] [QUALIFIED] wearable_NanoEnergy2023_He_Mechanoreceptor_Inspired_Ear | score=4.85 | subcat=wearable | qa=11题 (BK1=1 | BK2=1 | BK3=1 | BK4=1 | DG1=1 | DG2=1 | DG3=1 | RP1=1 | RP2=1 | RP3=1 | RP4=1) -> papers/qualified/wearable/wearable_NanoEnergy2023_He_Mechanoreceptor_Inspired_Ear
[2026-08-30 18:14:38] [orchestrator] [COLLECT] 跳过 wearable_NanoEnergy2023_He_Mechanoreceptor_Inspired_Ear__dup1：缺少 score.json 或 index.json（reviewer 尚未完成）
[2026-08-30 18:14:38] [orchestrator] [COLLECT] 跳过 wearable_NanoEnergy2023_Mao_Health_Monitoring_System：缺少 score.json 或 index.json（reviewer 尚未完成）
[2026-08-30 18:14:38] [orchestrator] [COLLECT] 跳过 wearable_NanoEnergy2024_Chiu_Enhancing_Self_Induced：无 .complete 标记（reviewer 仍在出题）
[2026-08-30 18:14:38] [orchestrator] [COLLECT] [QUALIFIED] wearable_NanoEnergy2024_Gupta_Revolutionizing_Energy_Harvesting | score=4.85 | subcat=wearable | qa=11题 (BK1=1 | BK2=1 | BK3=1 | BK4=1 | DG1=1 | DG2=1 | DG3=1 | RP1=1 | RP2=1 | RP3=1 | RP4=1) -> papers/qualified/wearable/wearable_NanoEnergy2024_Gupta_Revolutionizing_Energy_Harvesting
[2026-08-30 18:14:38] [orchestrator] [COLLECT] [QUALIFIED] wearable_NanoEnergy2025_Choi_Rapid_Response_Hybrid | score=4.85 | subcat=wearable | qa=11题 (BK1=1 | BK2=1 | BK3=1 | BK4=1 | DG1=1 | DG2=1 | DG3=1 | RP1=1 | RP2=1 | RP3=1 | RP4=1) -> papers/qualified/wearable/wearable_NanoEnergy2025_Choi_Rapid_Response_Hybrid
[2026-08-30 18:14:38] [orchestrator] [COLLECT] [QUALIFIED] wearable_NanoEnergy2026_Islam_Bifunctional_Siliconenenu_5 | score=4.65 | subcat=wearable | qa=11题 (BK1=1 | BK2=1 | BK3=1 | BK4=1 | DG1=1 | DG2=1 | DG3=1 | RP1=1 | RP2=1 | RP3=1 | RP4=1) -> papers/qualified/wearable/wearable_NanoEnergy2026_Islam_Bifunctional_Siliconenenu_5
[2026-08-30 18:14:38] [orchestrator] [COLLECT] [QUALIFIED] wearable_NatComm2024_Zhang_Cellulose_Nanofiber_Mediated | score=4.35 | subcat=wearable | qa=11题 (BK1=1 | BK2=1 | BK3=1 | BK4=1 | DG1=1 | DG2=1 | DG3=1 | RP1=1 | RP2=1 | RP3=1 | RP4=1) -> papers/qualified/wearable/wearable_NatComm2024_Zhang_Cellulose_Nanofiber_Mediated
[2026-08-30 18:14:38] [orchestrator] [COLLECT] [QUALIFIED] wind_AdvEnergyMater2022_Yong_Environmental_Self_Adaptive | score=4.70 | subcat=wind | qa=11题 (BK1=1 | BK2=1 | BK3=1 | BK4=1 | DG1=1 | DG2=1 | DG3=1 | RP1=1 | RP2=1 | RP3=1 | RP4=1) -> papers/qualified/wind/wind_AdvEnergyMater2022_Yong_Environmental_Self_Adaptive
[2026-08-30 18:14:38] [orchestrator] [COLLECT] [QUALIFIED] wind_AdvEnergyMater2024_Zhu_Bladeless_Wind_Turbine | score=4.85 | subcat=wind | qa=11题 (BK1=1 | BK2=1 | BK3=1 | BK4=1 | DG1=1 | DG2=1 | DG3=1 | RP1=1 | RP2=1 | RP3=1 | RP4=1) -> papers/qualified/wind/wind_AdvEnergyMater2024_Zhu_Bladeless_Wind_Turbine
[2026-08-30 18:14:38] [orchestrator] [COLLECT] [QUALIFIED] wind_NanoEnergy2024_Chandrasekhar_Smart_Maracas_Innovative | score=4.85 | subcat=wind | qa=11题 (BK1=1 | BK2=1 | BK3=1 | BK4=1 | DG1=1 | DG2=1 | DG3=1 | RP1=1 | RP2=1 | RP3=1 | RP4=1) -> papers/qualified/wind/wind_NanoEnergy2024_Chandrasekhar_Smart_Maracas_Innovative
[2026-08-30 18:14:38] [orchestrator] [COLLECT] [QUALIFIED] wind_NanoEnergy2025_Zhang_Dual_Nanomicro_Tip | score=4.85 | subcat=wind | qa=11题 (BK1=1 | BK2=1 | BK3=1 | BK4=1 | DG1=1 | DG2=1 | DG3=1 | RP1=1 | RP2=1 | RP3=1 | RP4=1) -> papers/qualified/wind/wind_NanoEnergy2025_Zhang_Dual_Nanomicro_Tip
[2026-08-30 18:14:38] [orchestrator] [COLLECT] 跳过 wind_NanoResearch2026_Zhu_Effective_Wind_Energy：无 .complete 标记（reviewer 仍在出题）
[2026-08-30 18:14:38] [orchestrator] [COLLECT] [QUALIFIED] wind_NanoToday2025_Zhou_Tightly_Coupled_Electromagnetic | score=4.85 | subcat=wind | qa=11题 (BK1=1 | BK2=1 | BK3=1 | BK4=1 | DG1=1 | DG2=1 | DG3=1 | RP1=1 | RP2=1 | RP3=1 | RP4=1) -> papers/qualified/wind/wind_NanoToday2025_Zhou_Tightly_Coupled_Electromagnetic
[2026-08-30 18:14:38] [orchestrator] [COLLECT] [QUALIFIED] wind_NatComm2022_Zhang_Bioinspired_Asymmetric_Amphiphilic | score=4.70 | subcat=wind | qa=11题 (BK1=1 | BK2=1 | BK3=1 | BK4=1 | DG1=1 | DG2=1 | DG3=1 | RP1=1 | RP2=1 | RP3=1 | RP4=1) -> papers/qualified/wind/wind_NatComm2022_Zhang_Bioinspired_Asymmetric_Amphiphilic
[2026-08-30 18:14:38] [orchestrator] [COLLECT] [QUALIFIED] wind_NatComm2024_Lee_Integrated_Triboelectric_Nanogenerator | score=4.85 | subcat=wind | qa=11题 (BK1=1 | BK2=1 | BK3=1 | BK4=1 | DG1=1 | DG2=1 | DG3=1 | RP1=1 | RP2=1 | RP3=1 | RP4=1) -> papers/qualified/wind/wind_NatComm2024_Lee_Integrated_Triboelectric_Nanogenerator
[2026-08-30 18:14:38] [orchestrator] [COLLECT] [QUALIFIED] wind_NatComm2024_Wang_Contact_Electro_Catalytic | score=4.85 | subcat=wind | qa=11题 (BK1=1 | BK2=1 | BK3=1 | BK4=1 | DG1=1 | DG2=1 | DG3=1 | RP1=1 | RP2=1 | RP3=1 | RP4=1) -> papers/qualified/wind/wind_NatComm2024_Wang_Contact_Electro_Catalytic
[2026-08-30 18:14:38] [orchestrator] [COLLECT] 完成：qualified=118 rejected=0 skipped=64
[2026-08-30 18:14:42] [orchestrator] [UPDATE] phase 保持：screening（inbox=0 cache=64）
[2026-08-30 18:14:42] [orchestrator] [UPDATE] master.json 已写入：phase=screening
[2026-08-30 18:14:47] [orchestrator] [ASSEMBLE] 跳过：papers/qualified/.validated 不存在（qa-validator 尚未完成）
[2026-08-30 18:16:40] [reviewer] [PAPER_ID] 生成 paper_id：wearable_NanoEnergy2023_Mao_Health_Monitoring_System
[2026-08-30 18:16:40] [reviewer] [PAPER_ID]   subcategory=wearable venue=Nano Energy date=2023-10 authors=['Junqi Mao'] title=A health monitoring system based on flexible triboelectric s
[2026-08-30 18:16:40] [reviewer] [PAPER_ID] PDF 已是正确文件名，跳过：wearable_NanoEnergy2023_Mao_Health_Monitoring_System.pdf
[2026-08-30 18:16:40] [reviewer] [PAPER_ID] 目录已是正确名称，跳过：wearable_NanoEnergy2023_Mao_Health_Monitoring_System
[2026-08-30 18:16:40] [reviewer] [PAPER_ID] 完成：wearable_NanoEnergy2023_Mao_Health_Monitoring_System
[2026-08-30 18:19:27] [reviewer] [PAPER_ID] 生成 paper_id：iot_NanoEnergy2025_Xu_Deep_Learning_Annular
[2026-08-30 18:19:27] [reviewer] [PAPER_ID]   subcategory=iot venue=Nano Energy date=2025-01 authors=['Jie Xu'] title=Using deep learning and an annular triboelectric sensor for 
[2026-08-30 18:19:27] [reviewer] [PAPER_ID] PDF 重命名：Using-deep-learning-and-an-annular-triboelectric-sensor-for-mon_2025_Nano-En.pdf -> iot_NanoEnergy2025_Xu_Deep_Learning_Annular.pdf
[2026-08-30 18:19:27] [reviewer] [PAPER_ID] 目录重命名：Using-deep-learning-and-an-annular-triboelectric-sensor-for-mon_2025_Nano-En -> iot_NanoEnergy2025_Xu_Deep_Learning_Annular
[2026-08-30 18:19:27] [reviewer] [PAPER_ID] 完成：iot_NanoEnergy2025_Xu_Deep_Learning_Annular
[2026-08-30 18:21:10] [reviewer] [PAPER_ID] 生成 paper_id：motion_NanoEnergy2025_Zhao_Self_Retracting_Triboelectric
[2026-08-30 18:21:10] [reviewer] [PAPER_ID]   subcategory=motion venue=Nano Energy date=2025-04 authors=['Leilei Zhao'] title=Self-retracting triboelectric-electromagnetic hybrid sensor 
[2026-08-30 18:21:10] [reviewer] [PAPER_ID] PDF 重命名：Self-retracting-triboelectric-electromagnetic-hybrid-sensor-for-_2025_Nano-E.pdf -> motion_NanoEnergy2025_Zhao_Self_Retracting_Triboelectric.pdf
[2026-08-30 18:21:10] [reviewer] [PAPER_ID] 目录重命名：Self-retracting-triboelectric-electromagnetic-hybrid-sensor-for-_2025_Nano-E -> motion_NanoEnergy2025_Zhao_Self_Retracting_Triboelectric
[2026-08-30 18:21:10] [reviewer] [PAPER_ID] 完成：motion_NanoEnergy2025_Zhao_Self_Retracting_Triboelectric
[2026-08-30 18:23:39] [reviewer] [PAPER_ID] 生成 paper_id：marine_AdvMater2025_Chen_Self_Sustainable_Ultrarobust
[2026-08-30 18:23:39] [reviewer] [PAPER_ID]   subcategory=marine venue=Advanced Materials date=2025-07 authors=['Pengfei Chen'] title=A Self-Sustainable, Ultrarobust and High-Power-Density Tribo
[2026-08-30 18:23:39] [reviewer] [PAPER_ID] PDF 重命名：Advanced Materials - 2025 - Chen - A Self‐Sustainable  Ultrarobust and High‐Power‐Density Triboelectric Nanogenerator for.pdf -> marine_AdvMater2025_Chen_Self_Sustainable_Ultrarobust.pdf
[2026-08-30 18:23:39] [reviewer] [PAPER_ID] 目录重命名：Advanced Materials - 2025 - Chen - A Self‐Sustainable  Ultrarobust and High‐Power‐Density Triboelectric Nanogenerator for -> marine_AdvMater2025_Chen_Self_Sustainable_Ultrarobust
[2026-08-30 18:23:39] [reviewer] [PAPER_ID] 完成：marine_AdvMater2025_Chen_Self_Sustainable_Ultrarobust
[2026-08-30 18:24:53] [reviewer] [PAPER_ID] 生成 paper_id：motion_NanoResearch2025_Lu_Magnetic_Assisted_Self
[2026-08-30 18:24:53] [reviewer] [PAPER_ID]   subcategory=motion venue=Nano Research date=2025-01 authors=['Xiaohui Lu'] title=Magnetic-assisted self-powered vehicle motion sensor based o
[2026-08-30 18:24:53] [reviewer] [PAPER_ID] PDF 重命名：Lu2024_aviation_Magnetic_assisted_self_powered_vehicle_motion_sensor_based_on_triboelect.pdf -> motion_NanoResearch2025_Lu_Magnetic_Assisted_Self.pdf
[2026-08-30 18:24:53] [reviewer] [PAPER_ID] 目录重命名：Lu2024_aviation_Magnetic_assisted_self_powered_vehicle_motion_sensor_based_on_triboelect -> motion_NanoResearch2025_Lu_Magnetic_Assisted_Self
[2026-08-30 18:24:53] [reviewer] [PAPER_ID] 完成：motion_NanoResearch2025_Lu_Magnetic_Assisted_Self
[2026-08-30 18:26:18] [reviewer] [PAPER_ID] 生成 paper_id：robotics_NanoEnergy2025_Lu_Self_Powered_Flexible
[2026-08-30 18:26:18] [reviewer] [PAPER_ID]   subcategory=robotics venue=Nano Energy date=2025-03 authors=['Mingyang Lu'] title=Self-powered flexible force-sensing sensor based on triboele
[2026-08-30 18:26:18] [reviewer] [PAPER_ID] PDF 重命名：Self-powered-flexible-force-sensing-sensor-based-on-triboelectric-_2025_Nano.pdf -> robotics_NanoEnergy2025_Lu_Self_Powered_Flexible.pdf
[2026-08-30 18:26:18] [reviewer] [PAPER_ID] 目录重命名：Self-powered-flexible-force-sensing-sensor-based-on-triboelectric-_2025_Nano -> robotics_NanoEnergy2025_Lu_Self_Powered_Flexible
[2026-08-30 18:26:18] [reviewer] [PAPER_ID] 完成：robotics_NanoEnergy2025_Lu_Self_Powered_Flexible
[2026-08-30 18:27:29] [reviewer] [PAPER_ID] 生成 paper_id：biomedical_NPJFlex2025_Shakibi_Aesthetic_Wire_Free
[2026-08-30 18:27:29] [reviewer] [PAPER_ID]   subcategory=biomedical venue=npj Flexible Electronics date=2025-08 authors=['Reyhaneh Shakibi'] title=Aesthetic, wire-free and bioresorbable dermal tattoo TENG sy
[2026-08-30 18:27:29] [reviewer] [PAPER_ID] PDF 重命名：Shakibi2025_wearable_Aesthetic_wire_free_and_bioresorbable_dermal_tattoo_TENG_system_for_self.pdf -> biomedical_NPJFlex2025_Shakibi_Aesthetic_Wire_Free.pdf
[2026-08-30 18:27:29] [reviewer] [PAPER_ID] 目录重命名：Shakibi2025_wearable_Aesthetic_wire_free_and_bioresorbable_dermal_tattoo_TENG_system_for_self -> biomedical_NPJFlex2025_Shakibi_Aesthetic_Wire_Free
[2026-08-30 18:27:29] [reviewer] [PAPER_ID] 完成：biomedical_NPJFlex2025_Shakibi_Aesthetic_Wire_Free
[2026-08-30 18:28:41] [reviewer] [PAPER_ID] 生成 paper_id：acoustic_NanoEnergy2025_Han_Thermal_Stable_Cordierite
[2026-08-30 18:28:41] [reviewer] [PAPER_ID]   subcategory=acoustic venue=Nano Energy date=2025-09 authors=['Gi Hyeon Han'] title=Thermal stable cordierite-embedded polyimide-based triboelec
[2026-08-30 18:28:41] [reviewer] [PAPER_ID] PDF 重命名：Thermal-stable-cordierite-embedded-polyimide-based-triboelectric-_2025_Nano-.pdf -> acoustic_NanoEnergy2025_Han_Thermal_Stable_Cordierite.pdf
[2026-08-30 18:28:41] [reviewer] [PAPER_ID] 目录重命名：Thermal-stable-cordierite-embedded-polyimide-based-triboelectric-_2025_Nano- -> acoustic_NanoEnergy2025_Han_Thermal_Stable_Cordierite
[2026-08-30 18:28:41] [reviewer] [PAPER_ID] 完成：acoustic_NanoEnergy2025_Han_Thermal_Stable_Cordierite
[2026-08-30 18:31:35] [reviewer] [PAPER_ID] 生成 paper_id：motion_NanoEnergy2025_Yin_Fountain_Inspired_Triboelectric
[2026-08-30 18:31:35] [reviewer] [PAPER_ID]   subcategory=motion venue=Nano Energy date=2025-02 authors=['Gefan Yin'] title=Fountain-inspired triboelectric nanogenerator as rotary ener
[2026-08-30 18:31:35] [reviewer] [PAPER_ID] PDF 重命名：Fountain-inspired-triboelectric-nanogenerator-as-rotary-energy-h_2025_Nano-E.pdf -> motion_NanoEnergy2025_Yin_Fountain_Inspired_Triboelectric.pdf
[2026-08-30 18:31:35] [reviewer] [PAPER_ID] 目录重命名：Fountain-inspired-triboelectric-nanogenerator-as-rotary-energy-h_2025_Nano-E -> motion_NanoEnergy2025_Yin_Fountain_Inspired_Triboelectric
[2026-08-30 18:31:35] [reviewer] [PAPER_ID] 完成：motion_NanoEnergy2025_Yin_Fountain_Inspired_Triboelectric
[2026-08-30 18:34:52] [reviewer] [PAPER_ID] 生成 paper_id：wind_NatComm2025_Sun_Impedance_Decoupling_Strategy
[2026-08-30 18:34:52] [reviewer] [PAPER_ID]   subcategory=wind venue=Nature Communications date=2025-06 authors=['Hao Sun'] title=Impedance decoupling strategy to enhance the real-time power
[2026-08-30 18:34:52] [reviewer] [PAPER_ID] PDF 重命名：Sun2025_wind_Impedance_decoupling_strategy_to_enhance_the_real_time_powering_performa.pdf -> wind_NatComm2025_Sun_Impedance_Decoupling_Strategy.pdf
[2026-08-30 18:34:52] [reviewer] [PAPER_ID] 目录重命名：Sun2025_wind_Impedance_decoupling_strategy_to_enhance_the_real_time_powering_performa -> wind_NatComm2025_Sun_Impedance_Decoupling_Strategy
[2026-08-30 18:34:52] [reviewer] [PAPER_ID] 完成：wind_NatComm2025_Sun_Impedance_Decoupling_Strategy
[2026-08-30 18:39:02] [reviewer] [PAPER_ID] 生成 paper_id：motion_NanoEnergy2025_Zhang_Flexible_Magnetfe_Layers
[2026-08-30 18:39:02] [reviewer] [PAPER_ID]   subcategory=motion venue=Nano Energy date=2025-04 authors=['Qin Zhang'] title=Flexible magnet/Fe layers-based triboelectric sensors for co
[2026-08-30 18:39:02] [reviewer] [PAPER_ID] PDF 重命名：Flexible-magnet-Fe-layers-based-triboelectric-sensors-for-continu_2025_Nano-.pdf -> motion_NanoEnergy2025_Zhang_Flexible_Magnetfe_Layers.pdf
[2026-08-30 18:39:02] [reviewer] [PAPER_ID] 目录重命名：Flexible-magnet-Fe-layers-based-triboelectric-sensors-for-continu_2025_Nano- -> motion_NanoEnergy2025_Zhang_Flexible_Magnetfe_Layers
[2026-08-30 18:39:02] [reviewer] [PAPER_ID] 完成：motion_NanoEnergy2025_Zhang_Flexible_Magnetfe_Layers
[2026-08-30 18:41:44] [reviewer] [PAPER_ID] 生成 paper_id：energyharv_ScienceBulletin2025_Zhang_Over_200_Times
[2026-08-30 18:41:44] [reviewer] [PAPER_ID]   subcategory=energyharv venue=Science Bulletin date=2025-01 authors=['Maoyi Zhang'] title=Over 200 times current enhancement via buckling triboelectri
[2026-08-30 18:41:44] [reviewer] [PAPER_ID] PDF 重命名：Science Bulletin-Over 200 times current enhancement via buckling triboelectric nanogenerator at ultra-low speed for monitoring the swelling of lithium ion batteries.pdf -> energyharv_ScienceBulletin2025_Zhang_Over_200_Times.pdf
[2026-08-30 18:41:44] [reviewer] [PAPER_ID] 目录重命名：Science Bulletin-Over 200 times current enhancement via buckling triboelectric nanogenerator at ultra-low speed for monitoring the swelling of lithium ion batteries -> energyharv_ScienceBulletin2025_Zhang_Over_200_Times
[2026-08-30 18:41:44] [reviewer] [PAPER_ID] 完成：energyharv_ScienceBulletin2025_Zhang_Over_200_Times
[2026-08-30 18:44:46] [reviewer] [PAPER_ID] 生成 paper_id：energyharv_NatComm2025_Gbadam_Direct_Current_Generation
[2026-08-30 18:44:46] [reviewer] [PAPER_ID]   subcategory=energyharv venue=Nature Communications date=2025-10 authors=['Gerald Selasie Gbadam'] title=Direct current generation in triboelectric nanogenerators th
[2026-08-30 18:44:46] [reviewer] [PAPER_ID] PDF 重命名：Gbadam2025_space_Direct_current_generation_in_triboelectric_nanogenerators_through_ionic.pdf -> energyharv_NatComm2025_Gbadam_Direct_Current_Generation.pdf
[2026-08-30 18:44:46] [reviewer] [PAPER_ID] 目录重命名：Gbadam2025_space_Direct_current_generation_in_triboelectric_nanogenerators_through_ionic -> energyharv_NatComm2025_Gbadam_Direct_Current_Generation
[2026-08-30 18:44:46] [reviewer] [PAPER_ID] 完成：energyharv_NatComm2025_Gbadam_Direct_Current_Generation
[2026-08-30 18:46:46] [reviewer] [PAPER_ID] 生成 paper_id：wind_UnpublishedManuscript2024_Basith_Upcycling_Waste_Materials
[2026-08-30 18:46:46] [reviewer] [PAPER_ID]   subcategory=wind venue=Unpublished manuscript date=2024-09 authors=['Sayyid Abdul Basith'] title=Upcycling of Waste Materials for the Development of Triboele
[2026-08-30 18:46:46] [reviewer] [PAPER_ID] PDF 重命名：Basith2024_wind_Upcycling_of_Waste_Materials_for_the_Development_of_Triboelectric_Nanoge.pdf -> wind_UnpublishedManuscript2024_Basith_Upcycling_Waste_Materials.pdf
[2026-08-30 18:46:46] [reviewer] [PAPER_ID] 目录重命名：Basith2024_wind_Upcycling_of_Waste_Materials_for_the_Development_of_Triboelectric_Nanoge -> wind_UnpublishedManuscript2024_Basith_Upcycling_Waste_Materials
[2026-08-30 18:46:46] [reviewer] [PAPER_ID] 完成：wind_UnpublishedManuscript2024_Basith_Upcycling_Waste_Materials
[2026-08-30 18:47:32] [orchestrator] [DISTRIBUTE] 扫描 inbox，发现 0 个 PDF
[2026-08-30 18:47:32] [orchestrator] [DISTRIBUTE] 完成：新分发 0 篇，已存在跳过 0 篇，inbox 当前 0 篇残留
[2026-08-30 18:47:32] [orchestrator] [DISTRIBUTE] cache 当前目录数：64
[2026-08-30 18:47:36] [orchestrator] [COLLECT] 扫描 cache，发现 64 个目录
[2026-08-30 18:47:36] [orchestrator] [COLLECT] 跳过 A-multi-dimensional-tactile-perception-system-based-on-triboelect_2024_Nano-：缺少 score.json 或 index.json（reviewer 尚未完成）
[2026-08-30 18:47:36] [orchestrator] [COLLECT] 跳过 ACS Nano-Neuromorphic-Computing-Assisted Triboelectric-Capacitive-Coupled Tactile Sensor Array for Wireless Mixed Reality Interaction：缺少 score.json 或 index.json（reviewer 尚未完成）
[2026-08-30 18:47:36] [orchestrator] [COLLECT] 跳过 Advanced Energy Materials - 2025 - Zhang - Fur‐Brush Disk Triboelectric Nanogenerator Driven by Cantilever Oscillating：缺少 score.json 或 index.json（reviewer 尚未完成）
[2026-08-30 18:47:36] [orchestrator] [COLLECT] 跳过 Advanced Science - 2025 - Yang - Skeleton Enhanced Dispersed Lubricant Particle Based Triboelectric Nanogenerator for：缺少 score.json 或 index.json（reviewer 尚未完成）
[2026-08-30 18:47:36] [orchestrator] [COLLECT] 跳过 Chen2026_iot_Structural_superlubricity_triboelectric_nanogenerator_with_negligible_we：缺少 score.json 或 index.json（reviewer 尚未完成）
[2026-08-30 18:47:36] [orchestrator] [COLLECT] 跳过 Deep-learning-enhanced-safety-system-for-real-time-in-situ-blade_2025_Nano-E：缺少 score.json 或 index.json（reviewer 尚未完成）
[2026-08-30 18:47:36] [orchestrator] [COLLECT] 跳过 Enhancing-the-accuracy-of-triboelectric-sensor-based-on-triboele_2025_Nano-E：缺少 score.json 或 index.json（reviewer 尚未完成）
[2026-08-30 18:47:36] [orchestrator] [COLLECT] 跳过 Hao2024_wearable_Triboelectric_nanogenerator_based_on_changing_the_nanomorphology_of_poly：缺少 score.json 或 index.json（reviewer 尚未完成）
[2026-08-30 18:47:36] [orchestrator] [COLLECT] 跳过 InfoMat-Advanced Handwriting Identification- Triboelectric Sensor Array Integrating with Deep Learning Towards High Information Security：缺少 score.json 或 index.json（reviewer 尚未完成）
[2026-08-30 18:47:36] [orchestrator] [COLLECT] 跳过 Innovative-smart-gloves-with-Phalanges-based-triboelectric-sensor_2025_Nano-：缺少 score.json 或 index.json（reviewer 尚未完成）
[2026-08-30 18:47:36] [orchestrator] [COLLECT] 跳过 Intelligent-triboelectric-sensor-for-rapid-detecting-of-oil-m_2026_Nano-Ener：缺少 score.json 或 index.json（reviewer 尚未完成）
[2026-08-30 18:47:36] [orchestrator] [COLLECT] 跳过 Keel2023_tactile_Three_dimensional_graphene_foam_based_triboelectric_nanogenerators_for_e：缺少 score.json 或 index.json（reviewer 尚未完成）
[2026-08-30 18:47:36] [orchestrator] [COLLECT] 跳过 Liu2022_energyharv_Fabrication_of_triboelectric_polymer_films_via_repeated_rheological_forg：缺少 score.json 或 index.json（reviewer 尚未完成）
[2026-08-30 18:47:36] [orchestrator] [COLLECT] 跳过 Liu2022_wind_Standardized_measurement_of_dielectric_materials_intrinsic_triboelectric：缺少 score.json 或 index.json（reviewer 尚未完成）
[2026-08-30 18:47:36] [orchestrator] [COLLECT] 跳过 MRS Bulletin-Triboelectric nanogenerators as a probe for studying charge transfer at liquid-solid interface：缺少 score.json 或 index.json（reviewer 尚未完成）
[2026-08-30 18:47:36] [orchestrator] [COLLECT] 跳过 Magnetic-repulsion-assisted-hybrid-breeze-wind-energy-harvester-wit_2025_Nan：缺少 score.json 或 index.json（reviewer 尚未完成）
[2026-08-30 18:47:36] [orchestrator] [COLLECT] 跳过 Materials Today-Fully sprayed triboelectric-piezoresistive hybrid sensor for intelligent sports analytics：缺少 score.json 或 index.json（reviewer 尚未完成）
[2026-08-30 18:47:36] [orchestrator] [COLLECT] 跳过 Multi-scale-interlocked-PDMS-PDMS-CB-triboelectric-tactile-sensor_2026_Nano-：缺少 score.json 或 index.json（reviewer 尚未完成）
[2026-08-30 18:47:36] [orchestrator] [COLLECT] 跳过 Nano Energy-Gate-Coupling-Enhanced Triboelectric-Triggered Proximity Sensory Memory in Ferroelectric Heterostructure：缺少 score.json 或 index.json（reviewer 尚未完成）
[2026-08-30 18:47:36] [orchestrator] [COLLECT] 跳过 Nano Energy-Machine Learning Enhanced Rigiflex Pillar-Membrane Triboelectric Nanogenerator for Universal Stereoscopic Recognition：缺少 score.json 或 index.json（reviewer 尚未完成）
[2026-08-30 18:47:36] [orchestrator] [COLLECT] 跳过 Nano Energy-Monolithic thermodielectric-enhanced triboelectric sensor for autonomous safety monitoring in underground engineering：缺少 score.json 或 index.json（reviewer 尚未完成）
[2026-08-30 18:47:36] [orchestrator] [COLLECT] 跳过 Nano Energy-Probing Leidenfrost effect via contact electrification：缺少 score.json 或 index.json（reviewer 尚未完成）
[2026-08-30 18:47:36] [orchestrator] [COLLECT] 跳过 Nano Letters-Flexible Tactile Sensors for 3D Force Detection：缺少 score.json 或 index.json（reviewer 尚未完成）
[2026-08-30 18:47:36] [orchestrator] [COLLECT] 跳过 Qiu2024_wearable_E_cardiac_patch_to_sense_and_repair_infarcted_myocardium：缺少 score.json 或 index.json（reviewer 尚未完成）
[2026-08-30 18:47:36] [orchestrator] [COLLECT] 跳过 Science Advances-Self-Powered Visualized Tactile-Acoustic Sensor for High-Accuracy Artificial Perception with High Brightness and Record-Low Detection Limit：缺少 score.json 或 index.json（reviewer 尚未完成）
[2026-08-30 18:47:36] [orchestrator] [COLLECT] 跳过 Shao2024_wind_Large_area_untethered_metamorphic_and_omnidirectionally_stretchable_mult：缺少 score.json 或 index.json（reviewer 尚未完成）
[2026-08-30 18:47:36] [orchestrator] [COLLECT] 跳过 Small-Bioinspired Omnidirectional Iontronic Sensors Based on Triboelectric Charge：缺少 score.json 或 index.json（reviewer 尚未完成）
[2026-08-30 18:47:36] [orchestrator] [COLLECT] 跳过 Strain-insensitive-stretchable-triboelectric-tactile-sensors-vi_2025_Nano-En：缺少 score.json 或 index.json（reviewer 尚未完成）
[2026-08-30 18:47:36] [orchestrator] [COLLECT] 跳过 Subbotina2022_space_Aqueous_synthesis_of_highly_functional_hydrophobic_and_chemically_recycl：缺少 score.json 或 index.json（reviewer 尚未完成）
[2026-08-30 18:47:36] [orchestrator] [COLLECT] 跳过 Waterproof-membrane-cavity-membrane-triboelectric-acoustic-sensor_2026_Nano-：缺少 score.json 或 index.json（reviewer 尚未完成）
[2026-08-30 18:47:36] [orchestrator] [COLLECT] 跳过 Wu2024_wind_Efficient_energy_conversion_mechanism_and_energy_storage_strategy_for_tr：缺少 score.json 或 index.json（reviewer 尚未完成）
[2026-08-30 18:47:36] [orchestrator] [COLLECT] 跳过 Xia2023_marine_Metallic_glass_based_triboelectric_nanogenerators：缺少 score.json 或 index.json（reviewer 尚未完成）
[2026-08-30 18:47:36] [orchestrator] [COLLECT] 跳过 Xu2022_space_Van_der_Waals_force_induced_intralayer_ferroelectric_to_antiferroelectri：缺少 score.json 或 index.json（reviewer 尚未完成）
[2026-08-30 18:47:36] [orchestrator] [COLLECT] 跳过 Zhao2022_iot_Underwater_wireless_communication_via_TENG_generated_Maxwell_s_displacem：缺少 score.json 或 index.json（reviewer 尚未完成）
[2026-08-30 18:47:36] [orchestrator] [COLLECT] 跳过 Zhao2025_acoustic_A_pendulum_based_nanogenerator_for_high_entropy_wave_energy_harvesting：缺少 score.json 或 index.json（reviewer 尚未完成）
[2026-08-30 18:47:36] [orchestrator] [COLLECT] [QUALIFIED] acoustic_NanoEnergy2025_Han_Thermal_Stable_Cordierite | score=4.65 | subcat=acoustic | qa=11题 (BK1=1 | BK2=1 | BK3=1 | BK4=1 | DG1=1 | DG2=1 | DG3=1 | RP1=1 | RP2=1 | RP3=1 | RP4=1) -> papers/qualified/acoustic/acoustic_NanoEnergy2025_Han_Thermal_Stable_Cordierite
[2026-08-30 18:47:36] [orchestrator] [COLLECT] 跳过 biomedical_BiosensorsAnd2025_Cho_Implantable_Multilayer_Interdigitated：缺少 score.json 或 index.json（reviewer 尚未完成）
[2026-08-30 18:47:36] [orchestrator] [COLLECT] [QUALIFIED] biomedical_NPJFlex2025_Shakibi_Aesthetic_Wire_Free | score=4.85 | subcat=biomedical | qa=11题 (BK1=1 | BK2=1 | BK3=1 | BK4=1 | DG1=1 | DG2=1 | DG3=1 | RP1=1 | RP2=1 | RP3=1 | RP4=1) -> papers/qualified/biomedical/biomedical_NPJFlex2025_Shakibi_Aesthetic_Wire_Free
[2026-08-30 18:47:36] [orchestrator] [COLLECT] [QUALIFIED] energyharv_AdvEnergyMater2025_Mulvihill_How_Test_Triboelectric | score=4.85 | subcat=energyharv | qa=11题 (BK1=1 | BK2=1 | BK3=1 | BK4=1 | DG1=1 | DG2=1 | DG3=1 | RP1=1 | RP2=1 | RP3=1 | RP4=1) -> papers/qualified/energyharv/energyharv_AdvEnergyMater2025_Mulvihill_How_Test_Triboelectric
[2026-08-30 18:47:36] [orchestrator] [COLLECT] 跳过 energyharv_NatComm2025_Gbadam_Direct_Current_Generation：无 .complete 标记（reviewer 仍在出题）
[2026-08-30 18:47:36] [orchestrator] [COLLECT] [QUALIFIED] energyharv_NatComm2025_Li_Self_Powered_Soft | score=4.85 | subcat=energyharv | qa=11题 (BK1=1 | BK2=1 | BK3=1 | BK4=1 | DG1=1 | DG2=1 | DG3=1 | RP1=1 | RP2=1 | RP3=1 | RP4=1) -> papers/qualified/energyharv/energyharv_NatComm2025_Li_Self_Powered_Soft
[2026-08-30 18:47:36] [orchestrator] [COLLECT] 跳过 energyharv_ScienceBulletin2025_Zhang_Over_200_Times：无 .complete 标记（reviewer 仍在出题）
[2026-08-30 18:47:36] [orchestrator] [COLLECT] [QUALIFIED] hmi_NanoEnergy2024_Aliyana_Investigating_Superior_Performance | score=4.85 | subcat=hmi | qa=11题 (BK1=1 | BK2=1 | BK3=1 | BK4=1 | DG1=1 | DG2=1 | DG3=1 | RP1=1 | RP2=1 | RP3=1 | RP4=1) -> papers/qualified/hmi/hmi_NanoEnergy2024_Aliyana_Investigating_Superior_Performance
[2026-08-30 18:47:36] [orchestrator] [COLLECT] 跳过 iot_AdvFunctMater2025_Lee_Metamaterial_Adhesives_Integrated：无 .complete 标记（reviewer 仍在出题）
[2026-08-30 18:47:36] [orchestrator] [COLLECT] [QUALIFIED] iot_NanoEnergy2023_Zhao_Grease_Lubricated_Triboelectric | score=5.00 | subcat=iot | qa=11题 (BK1=1 | BK2=1 | BK3=1 | BK4=1 | DG1=1 | DG2=1 | DG3=1 | RP1=1 | RP2=1 | RP3=1 | RP4=1) -> papers/qualified/iot/iot_NanoEnergy2023_Zhao_Grease_Lubricated_Triboelectric
[2026-08-30 18:47:36] [orchestrator] [COLLECT] 跳过 iot_NanoEnergy2024_Feng_Novel_Self_Powered：缺少 score.json 或 index.json（reviewer 尚未完成）
[2026-08-30 18:47:36] [orchestrator] [COLLECT] [QUALIFIED] iot_NanoEnergy2025_Xu_Deep_Learning_Annular | score=4.70 | subcat=iot | qa=11题 (BK1=1 | BK2=1 | BK3=1 | BK4=1 | DG1=1 | DG2=1 | DG3=1 | RP1=1 | RP2=1 | RP3=1 | RP4=1) -> papers/qualified/iot/iot_NanoEnergy2025_Xu_Deep_Learning_Annular
[2026-08-30 18:47:36] [orchestrator] [COLLECT] [QUALIFIED] marine_AdvMater2025_Chen_Self_Sustainable_Ultrarobust | score=5.00 | subcat=marine | qa=11题 (BK1=1 | BK2=1 | BK3=1 | BK4=1 | DG1=1 | DG2=1 | DG3=1 | RP1=1 | RP2=1 | RP3=1 | RP4=1) -> papers/qualified/marine/marine_AdvMater2025_Chen_Self_Sustainable_Ultrarobust
[2026-08-30 18:47:36] [orchestrator] [COLLECT] 跳过 marine_NatComm2026_Huang_Bubble_Burst_Induced：无 .complete 标记（reviewer 仍在出题）
[2026-08-30 18:47:36] [orchestrator] [COLLECT] [QUALIFIED] motion_NanoEnergy2025_Yin_Fountain_Inspired_Triboelectric | score=4.85 | subcat=motion | qa=11题 (BK1=1 | BK2=1 | BK3=1 | BK4=1 | DG1=1 | DG2=1 | DG3=1 | RP1=1 | RP2=1 | RP3=1 | RP4=1) -> papers/qualified/motion/motion_NanoEnergy2025_Yin_Fountain_Inspired_Triboelectric
[2026-08-30 18:47:36] [orchestrator] [COLLECT] 跳过 motion_NanoEnergy2025_Zhang_Flexible_Magnetfe_Layers：无 .complete 标记（reviewer 仍在出题）
[2026-08-30 18:47:36] [orchestrator] [COLLECT] [QUALIFIED] motion_NanoEnergy2025_Zhao_Self_Retracting_Triboelectric | score=4.85 | subcat=motion | qa=11题 (BK1=1 | BK2=1 | BK3=1 | BK4=1 | DG1=1 | DG2=1 | DG3=1 | RP1=1 | RP2=1 | RP3=1 | RP4=1) -> papers/qualified/motion/motion_NanoEnergy2025_Zhao_Self_Retracting_Triboelectric
[2026-08-30 18:47:36] [orchestrator] [COLLECT] [QUALIFIED] motion_NanoResearch2025_Lu_Magnetic_Assisted_Self | score=4.85 | subcat=motion | qa=11题 (BK1=1 | BK2=1 | BK3=1 | BK4=1 | DG1=1 | DG2=1 | DG3=1 | RP1=1 | RP2=1 | RP3=1 | RP4=1) -> papers/qualified/motion/motion_NanoResearch2025_Lu_Magnetic_Assisted_Self
[2026-08-30 18:47:36] [orchestrator] [COLLECT] 跳过 nn2c11633：缺少 score.json 或 index.json（reviewer 尚未完成）
[2026-08-30 18:47:36] [orchestrator] [COLLECT] 跳过 nn2c11633_si_001：缺少 score.json 或 index.json（reviewer 尚未完成）
[2026-08-30 18:47:36] [orchestrator] [COLLECT] [QUALIFIED] robotics_NanoEnergy2025_Lu_Self_Powered_Flexible | score=4.85 | subcat=robotics | qa=11题 (BK1=1 | BK2=1 | BK3=1 | BK4=1 | DG1=1 | DG2=1 | DG3=1 | RP1=1 | RP2=1 | RP3=1 | RP4=1) -> papers/qualified/robotics/robotics_NanoEnergy2025_Lu_Self_Powered_Flexible
[2026-08-30 18:47:36] [orchestrator] [COLLECT] 跳过 tactile_NanoEnergy2024_Wang_Enhancing_Recognition_Accuracy：缺少 score.json 或 index.json（reviewer 尚未完成）
[2026-08-30 18:47:36] [orchestrator] [COLLECT] 跳过 wearable_AdvMater2021_Su_Selfpowered_Respiration_Monitoring：无 .complete 标记（reviewer 仍在出题）
[2026-08-30 18:47:36] [orchestrator] [COLLECT] 跳过 wearable_NanoEnergy2023_He_Mechanoreceptor_Inspired_Ear__dup1：缺少 score.json 或 index.json（reviewer 尚未完成）
[2026-08-30 18:47:36] [orchestrator] [COLLECT] [QUALIFIED] wearable_NanoEnergy2023_Mao_Health_Monitoring_System | score=4.85 | subcat=wearable | qa=11题 (BK1=1 | BK2=1 | BK3=1 | BK4=1 | DG1=1 | DG2=1 | DG3=1 | RP1=1 | RP2=1 | RP3=1 | RP4=1) -> papers/qualified/wearable/wearable_NanoEnergy2023_Mao_Health_Monitoring_System
[2026-08-30 18:47:36] [orchestrator] [COLLECT] [QUALIFIED] wearable_NanoEnergy2024_Chiu_Enhancing_Self_Induced | score=4.65 | subcat=wearable | qa=11题 (BK1=1 | BK2=1 | BK3=1 | BK4=1 | DG1=1 | DG2=1 | DG3=1 | RP1=1 | RP2=1 | RP3=1 | RP4=1) -> papers/qualified/wearable/wearable_NanoEnergy2024_Chiu_Enhancing_Self_Induced
[2026-08-30 18:47:36] [orchestrator] [COLLECT] [QUALIFIED] wind_NanoResearch2026_Zhu_Effective_Wind_Energy | score=4.85 | subcat=wind | qa=11题 (BK1=1 | BK2=1 | BK3=1 | BK4=1 | DG1=1 | DG2=1 | DG3=1 | RP1=1 | RP2=1 | RP3=1 | RP4=1) -> papers/qualified/wind/wind_NanoResearch2026_Zhu_Effective_Wind_Energy
[2026-08-30 18:47:36] [orchestrator] [COLLECT] [QUALIFIED] wind_NatComm2025_Sun_Impedance_Decoupling_Strategy | score=4.80 | subcat=wind | qa=11题 (BK1=1 | BK2=1 | BK3=1 | BK4=1 | DG1=1 | DG2=1 | DG3=1 | RP1=1 | RP2=1 | RP3=1 | RP4=1) -> papers/qualified/wind/wind_NatComm2025_Sun_Impedance_Decoupling_Strategy
[2026-08-30 18:47:36] [orchestrator] [COLLECT] 跳过 wind_UnpublishedManuscript2024_Basith_Upcycling_Waste_Materials：缺少 score.json 或 index.json（reviewer 尚未完成）
[2026-08-30 18:47:36] [orchestrator] [COLLECT] 完成：qualified=16 rejected=0 skipped=48
[2026-08-30 18:47:37] [reviewer] [PAPER_ID] 生成 paper_id：tactile_NanoEnergy2025_Zhang_Strain_Insensitive_Stretchable
[2026-08-30 18:47:37] [reviewer] [PAPER_ID]   subcategory=tactile venue=Nano Energy date=2025-01 authors=['Liming Zhang'] title=Strain-insensitive stretchable triboelectric tactile sensors
[2026-08-30 18:47:37] [reviewer] [PAPER_ID] PDF 重命名：Strain-insensitive-stretchable-triboelectric-tactile-sensors-vi_2025_Nano-En.pdf -> tactile_NanoEnergy2025_Zhang_Strain_Insensitive_Stretchable.pdf
[2026-08-30 18:47:37] [reviewer] [PAPER_ID] 目录重命名：Strain-insensitive-stretchable-triboelectric-tactile-sensors-vi_2025_Nano-En -> tactile_NanoEnergy2025_Zhang_Strain_Insensitive_Stretchable
[2026-08-30 18:47:37] [reviewer] [PAPER_ID] 完成：tactile_NanoEnergy2025_Zhang_Strain_Insensitive_Stretchable
[2026-08-30 18:47:41] [orchestrator] [UPDATE] phase 保持：screening（inbox=0 cache=48）
[2026-08-30 18:47:41] [orchestrator] [UPDATE] master.json 已写入：phase=screening
[2026-08-30 18:47:46] [orchestrator] [ASSEMBLE] 跳过：papers/qualified/.validated 不存在（qa-validator 尚未完成）
[2026-08-30 18:48:41] [reviewer] [PAPER_ID] 生成 paper_id：energyharv_NatComm2024_Wu_Efficient_Energy_Conversion
[2026-08-30 18:48:41] [reviewer] [PAPER_ID]   subcategory=energyharv venue=Nature Communications date=2024-08 authors=['Huiyuan Wu'] title=Efficient energy conversion mechanism and energy storage str
[2026-08-30 18:48:41] [reviewer] [PAPER_ID] PDF 重命名：Wu2024_wind_Efficient_energy_conversion_mechanism_and_energy_storage_strategy_for_tr.pdf -> energyharv_NatComm2024_Wu_Efficient_Energy_Conversion.pdf
[2026-08-30 18:48:41] [reviewer] [PAPER_ID] 目录重命名：Wu2024_wind_Efficient_energy_conversion_mechanism_and_energy_storage_strategy_for_tr -> energyharv_NatComm2024_Wu_Efficient_Energy_Conversion
[2026-08-30 18:48:41] [reviewer] [PAPER_ID] 完成：energyharv_NatComm2024_Wu_Efficient_Energy_Conversion
[2026-08-30 18:53:10] [reviewer] [PAPER_ID] 生成 paper_id：marine_NatComm2022_Zhao_Underwater_Wireless_Communication
[2026-08-30 18:53:10] [reviewer] [PAPER_ID]   subcategory=marine venue=Nature Communications date=2022-06 authors=['Hongfa Zhao'] title=Underwater wireless communication via TENG-generated Maxwell
[2026-08-30 18:53:10] [reviewer] [PAPER_ID] PDF 重命名：Zhao2022_iot_Underwater_wireless_communication_via_TENG_generated_Maxwell_s_displacem.pdf -> marine_NatComm2022_Zhao_Underwater_Wireless_Communication.pdf
[2026-08-30 18:53:10] [reviewer] [PAPER_ID] 目录重命名：Zhao2022_iot_Underwater_wireless_communication_via_TENG_generated_Maxwell_s_displacem -> marine_NatComm2022_Zhao_Underwater_Wireless_Communication
[2026-08-30 18:53:10] [reviewer] [PAPER_ID] 完成：marine_NatComm2022_Zhao_Underwater_Wireless_Communication
[2026-08-30 18:57:23] [reviewer] [PAPER_ID] 生成 paper_id：tactile_NatComm2024_Shao_Large_Area_Untethered
[2026-08-30 18:57:23] [reviewer] [PAPER_ID]   subcategory=tactile venue=Nature Communications date=2024-02 authors=['Beibei Shao'] title=Large-area, untethered, metamorphic, and omnidirectionally s
[2026-08-30 18:57:23] [reviewer] [PAPER_ID] PDF 重命名：Shao2024_wind_Large_area_untethered_metamorphic_and_omnidirectionally_stretchable_mult.pdf -> tactile_NatComm2024_Shao_Large_Area_Untethered.pdf
[2026-08-30 18:57:23] [reviewer] [PAPER_ID] 目录重命名：Shao2024_wind_Large_area_untethered_metamorphic_and_omnidirectionally_stretchable_mult -> tactile_NatComm2024_Shao_Large_Area_Untethered
[2026-08-30 18:57:23] [reviewer] [PAPER_ID] 完成：tactile_NatComm2024_Shao_Large_Area_Untethered
[2026-08-30 18:58:22] [reviewer] [PAPER_ID] 生成 paper_id：hmi_NanoEnergy2026_Li_Gate_Coupling_Enhanced
[2026-08-30 18:58:22] [reviewer] [PAPER_ID]   subcategory=hmi venue=Nano Energy date=2026-02 authors=['Zhihao Li'] title=Gate-coupling-enhanced triboelectric-triggered proximity sen
[2026-08-30 18:58:22] [reviewer] [PAPER_ID] PDF 重命名：Nano Energy-Gate-Coupling-Enhanced Triboelectric-Triggered Proximity Sensory Memory in Ferroelectric Heterostructure.pdf -> hmi_NanoEnergy2026_Li_Gate_Coupling_Enhanced.pdf
[2026-08-30 18:58:22] [reviewer] [PAPER_ID] 目录重命名：Nano Energy-Gate-Coupling-Enhanced Triboelectric-Triggered Proximity Sensory Memory in Ferroelectric Heterostructure -> hmi_NanoEnergy2026_Li_Gate_Coupling_Enhanced
[2026-08-30 18:58:22] [reviewer] [PAPER_ID] 完成：hmi_NanoEnergy2026_Li_Gate_Coupling_Enhanced
[2026-08-30 19:02:11] [reviewer] [PAPER_ID] 生成 paper_id：tactile_NanoLett2024_Han_Flexible_Tactile_Sensors
[2026-08-30 19:02:11] [reviewer] [PAPER_ID]   subcategory=tactile venue=Nano Letters date=2024-04 authors=['Chengcheng Han'] title=Flexible Tactile Sensors for 3D Force Detection
[2026-08-30 19:02:11] [reviewer] [PAPER_ID] PDF 重命名：Nano Letters-Flexible Tactile Sensors for 3D Force Detection.pdf -> tactile_NanoLett2024_Han_Flexible_Tactile_Sensors.pdf
[2026-08-30 19:02:11] [reviewer] [PAPER_ID] 目录重命名：Nano Letters-Flexible Tactile Sensors for 3D Force Detection -> tactile_NanoLett2024_Han_Flexible_Tactile_Sensors
[2026-08-30 19:02:11] [reviewer] [PAPER_ID] 完成：tactile_NanoLett2024_Han_Flexible_Tactile_Sensors
[2026-08-30 19:03:22] [reviewer] [PAPER_ID] 生成 paper_id：biomedical_NatComm2024_Qiu_E_Cardiac_Patch
[2026-08-30 19:03:22] [reviewer] [PAPER_ID]   subcategory=biomedical venue=Nature Communications date=2024-05 authors=['Renjie Qiu'] title=E-cardiac patch to sense and repair infarcted myocardium
[2026-08-30 19:03:22] [reviewer] [PAPER_ID] PDF 重命名：Qiu2024_wearable_E_cardiac_patch_to_sense_and_repair_infarcted_myocardium.pdf -> biomedical_NatComm2024_Qiu_E_Cardiac_Patch.pdf
[2026-08-30 19:03:22] [reviewer] [PAPER_ID] 目录重命名：Qiu2024_wearable_E_cardiac_patch_to_sense_and_repair_infarcted_myocardium -> biomedical_NatComm2024_Qiu_E_Cardiac_Patch
[2026-08-30 19:03:22] [reviewer] [PAPER_ID] 完成：biomedical_NatComm2024_Qiu_E_Cardiac_Patch
[2026-08-30 19:05:35] [reviewer] [PAPER_ID] 生成 paper_id：energyharv_NatComm2022_Subbotina_Aqueous_Synthesis_Highly
[2026-08-30 19:05:35] [reviewer] [PAPER_ID]   subcategory=energyharv venue=Nature Communications date=2022-11 authors=['Elena Subbotina'] title=Aqueous synthesis of highly functional, hydrophobic, and che
[2026-08-30 19:05:35] [reviewer] [PAPER_ID] PDF 重命名：Subbotina2022_space_Aqueous_synthesis_of_highly_functional_hydrophobic_and_chemically_recycl.pdf -> energyharv_NatComm2022_Subbotina_Aqueous_Synthesis_Highly.pdf
[2026-08-30 19:05:35] [reviewer] [PAPER_ID] 目录重命名：Subbotina2022_space_Aqueous_synthesis_of_highly_functional_hydrophobic_and_chemically_recycl -> energyharv_NatComm2022_Subbotina_Aqueous_Synthesis_Highly
[2026-08-30 19:05:35] [reviewer] [PAPER_ID] 完成：energyharv_NatComm2022_Subbotina_Aqueous_Synthesis_Highly
[2026-08-30 19:07:26] [reviewer] [PAPER_ID] 生成 paper_id：wind_NanoEnergy2025_Teli_Magnetic_Repulsion_Assisted
[2026-08-30 19:07:26] [reviewer] [PAPER_ID]   subcategory=wind venue=Nano Energy date=2025-10 authors=['Aklesh Teli'] title=Magnetic repulsion-assisted hybrid breeze wind energy harves
[2026-08-30 19:07:26] [reviewer] [PAPER_ID] PDF 重命名：Magnetic-repulsion-assisted-hybrid-breeze-wind-energy-harvester-wit_2025_Nan.pdf -> wind_NanoEnergy2025_Teli_Magnetic_Repulsion_Assisted.pdf
[2026-08-30 19:07:26] [reviewer] [PAPER_ID] 目录重命名：Magnetic-repulsion-assisted-hybrid-breeze-wind-energy-harvester-wit_2025_Nan -> wind_NanoEnergy2025_Teli_Magnetic_Repulsion_Assisted
[2026-08-30 19:07:26] [reviewer] [PAPER_ID] 完成：wind_NanoEnergy2025_Teli_Magnetic_Repulsion_Assisted
[2026-08-30 19:08:49] [reviewer] [PAPER_ID] 生成 paper_id：tactile_NanoEnergy2024_Wang_Enhancing_Recognition_Accuracy
[2026-08-30 19:08:49] [reviewer] [PAPER_ID]   subcategory=tactile venue=Nano Energy date=2024-02 authors=['Sanlong Wang'] title=Enhancing the recognition accuracy of tactile sensor through
[2026-08-30 19:08:49] [reviewer] [PAPER_ID] PDF 已是正确文件名，跳过：tactile_NanoEnergy2024_Wang_Enhancing_Recognition_Accuracy.pdf
[2026-08-30 19:08:49] [reviewer] [PAPER_ID] 目录已是正确名称，跳过：tactile_NanoEnergy2024_Wang_Enhancing_Recognition_Accuracy
[2026-08-30 19:08:49] [reviewer] [PAPER_ID] 完成：tactile_NanoEnergy2024_Wang_Enhancing_Recognition_Accuracy
[2026-08-30 19:09:28] [reviewer] [PAPER_ID] 生成 paper_id：chemical_NanoEnergy2025_Li_Probing_Leidenfrost_Effect
[2026-08-30 19:09:28] [reviewer] [PAPER_ID]   subcategory=chemical venue=Nano Energy date=2025-01 authors=['Roujuan Li'] title=Probing Leidenfrost effect via contact electrification
[2026-08-30 19:09:28] [reviewer] [PAPER_ID] PDF 重命名：Nano Energy-Probing Leidenfrost effect via contact electrification.pdf -> chemical_NanoEnergy2025_Li_Probing_Leidenfrost_Effect.pdf
[2026-08-30 19:09:28] [reviewer] [PAPER_ID] 目录重命名：Nano Energy-Probing Leidenfrost effect via contact electrification -> chemical_NanoEnergy2025_Li_Probing_Leidenfrost_Effect
[2026-08-30 19:09:28] [reviewer] [PAPER_ID] 完成：chemical_NanoEnergy2025_Li_Probing_Leidenfrost_Effect
[2026-08-30 19:10:19] [reviewer] [PAPER_ID] 生成 paper_id：tactile_NanoEnergy2023_Keel_Three_Dimensional_Graphene
[2026-08-30 19:10:19] [reviewer] [PAPER_ID]   subcategory=tactile venue=Nano Energy date=2023-07 authors=['Emma Keel'] title=Three-dimensional graphene foam based triboelectric nanogene
[2026-08-30 19:10:19] [reviewer] [PAPER_ID] PDF 重命名：Keel2023_tactile_Three_dimensional_graphene_foam_based_triboelectric_nanogenerators_for_e.pdf -> tactile_NanoEnergy2023_Keel_Three_Dimensional_Graphene.pdf
[2026-08-30 19:10:19] [reviewer] [PAPER_ID] 目录重命名：Keel2023_tactile_Three_dimensional_graphene_foam_based_triboelectric_nanogenerators_for_e -> tactile_NanoEnergy2023_Keel_Three_Dimensional_Graphene
[2026-08-30 19:10:19] [reviewer] [PAPER_ID] 完成：tactile_NanoEnergy2023_Keel_Three_Dimensional_Graphene
[2026-08-30 19:14:56] [reviewer] [PAPER_ID] 生成 paper_id：hmi_Infomat2025_Zhang_Advanced_Handwriting_Identification
[2026-08-30 19:14:56] [reviewer] [PAPER_ID]   subcategory=hmi venue=InfoMat date=2025-01 authors=['Weiqiang Zhang'] title=Advanced handwriting identification: Triboelectric sensor ar
[2026-08-30 19:14:56] [reviewer] [PAPER_ID] PDF 重命名：InfoMat-Advanced Handwriting Identification- Triboelectric Sensor Array Integrating with Deep Learning Towards High Information Security.pdf -> hmi_Infomat2025_Zhang_Advanced_Handwriting_Identification.pdf
[2026-08-30 19:14:56] [reviewer] [PAPER_ID] 目录重命名：InfoMat-Advanced Handwriting Identification- Triboelectric Sensor Array Integrating with Deep Learning Towards High Information Security -> hmi_Infomat2025_Zhang_Advanced_Handwriting_Identification
[2026-08-30 19:14:56] [reviewer] [PAPER_ID] 完成：hmi_Infomat2025_Zhang_Advanced_Handwriting_Identification
[2026-08-30 19:17:28] [reviewer] [PAPER_ID] 生成 paper_id：energyharv_NatComm2022_Liu_Fabrication_Triboelectric_Polymer
[2026-08-30 19:17:28] [reviewer] [PAPER_ID]   subcategory=energyharv venue=Nature Communications date=2022-07 authors=['Zhaoqi Liu'] title=Fabrication of triboelectric polymer films via repeated rheo
[2026-08-30 19:17:28] [reviewer] [PAPER_ID] PDF 重命名：Liu2022_energyharv_Fabrication_of_triboelectric_polymer_films_via_repeated_rheological_forg.pdf -> energyharv_NatComm2022_Liu_Fabrication_Triboelectric_Polymer.pdf
[2026-08-30 19:17:28] [reviewer] [PAPER_ID] 目录重命名：Liu2022_energyharv_Fabrication_of_triboelectric_polymer_films_via_repeated_rheological_forg -> energyharv_NatComm2022_Liu_Fabrication_Triboelectric_Polymer
[2026-08-30 19:17:28] [reviewer] [PAPER_ID] 完成：energyharv_NatComm2022_Liu_Fabrication_Triboelectric_Polymer
[2026-08-30 19:18:50] [reviewer] [PAPER_ID] 生成 paper_id：biomedical_BiosensorsAnd2025_Cho_Implantable_Multilayer_Interdigitated
[2026-08-30 19:18:50] [reviewer] [PAPER_ID]   subcategory=biomedical venue=Biosensors and Bioelectronics date=2025-03 authors=['Hyunwoo Cho'] title=Implantable multilayer interdigitated triboelectric nanogene
[2026-08-30 19:18:50] [reviewer] [PAPER_ID] PDF 已是正确文件名，跳过：biomedical_BiosensorsAnd2025_Cho_Implantable_Multilayer_Interdigitated.pdf
[2026-08-30 19:18:50] [reviewer] [PAPER_ID] 目录已是正确名称，跳过：biomedical_BiosensorsAnd2025_Cho_Implantable_Multilayer_Interdigitated
[2026-08-30 19:18:50] [reviewer] [PAPER_ID] 完成：biomedical_BiosensorsAnd2025_Cho_Implantable_Multilayer_Interdigitated
[2026-08-30 19:21:55] [orchestrator] [DISTRIBUTE] 扫描 inbox，发现 0 个 PDF
[2026-08-30 19:21:55] [orchestrator] [DISTRIBUTE] 完成：新分发 0 篇，已存在跳过 0 篇，inbox 当前 0 篇残留
[2026-08-30 19:21:55] [orchestrator] [DISTRIBUTE] cache 当前目录数：48
[2026-08-30 19:22:01] [orchestrator] [COLLECT] 扫描 cache，发现 48 个目录
[2026-08-30 19:22:01] [orchestrator] [COLLECT] 跳过 A-multi-dimensional-tactile-perception-system-based-on-triboelect_2024_Nano-：缺少 score.json 或 index.json（reviewer 尚未完成）
[2026-08-30 19:22:01] [orchestrator] [COLLECT] 跳过 ACS Nano-Neuromorphic-Computing-Assisted Triboelectric-Capacitive-Coupled Tactile Sensor Array for Wireless Mixed Reality Interaction：缺少 score.json 或 index.json（reviewer 尚未完成）
[2026-08-30 19:22:01] [orchestrator] [COLLECT] 跳过 Advanced Energy Materials - 2025 - Zhang - Fur‐Brush Disk Triboelectric Nanogenerator Driven by Cantilever Oscillating：缺少 score.json 或 index.json（reviewer 尚未完成）
[2026-08-30 19:22:01] [orchestrator] [COLLECT] 跳过 Advanced Science - 2025 - Yang - Skeleton Enhanced Dispersed Lubricant Particle Based Triboelectric Nanogenerator for：缺少 score.json 或 index.json（reviewer 尚未完成）
[2026-08-30 19:22:01] [orchestrator] [COLLECT] 跳过 Chen2026_iot_Structural_superlubricity_triboelectric_nanogenerator_with_negligible_we：缺少 score.json 或 index.json（reviewer 尚未完成）
[2026-08-30 19:22:01] [orchestrator] [COLLECT] 跳过 Deep-learning-enhanced-safety-system-for-real-time-in-situ-blade_2025_Nano-E：缺少 score.json 或 index.json（reviewer 尚未完成）
[2026-08-30 19:22:01] [orchestrator] [COLLECT] 跳过 Enhancing-the-accuracy-of-triboelectric-sensor-based-on-triboele_2025_Nano-E：缺少 score.json 或 index.json（reviewer 尚未完成）
[2026-08-30 19:22:01] [orchestrator] [COLLECT] 跳过 Hao2024_wearable_Triboelectric_nanogenerator_based_on_changing_the_nanomorphology_of_poly：缺少 score.json 或 index.json（reviewer 尚未完成）
[2026-08-30 19:22:01] [orchestrator] [COLLECT] 跳过 Innovative-smart-gloves-with-Phalanges-based-triboelectric-sensor_2025_Nano-：缺少 score.json 或 index.json（reviewer 尚未完成）
[2026-08-30 19:22:01] [orchestrator] [COLLECT] 跳过 Intelligent-triboelectric-sensor-for-rapid-detecting-of-oil-m_2026_Nano-Ener：缺少 score.json 或 index.json（reviewer 尚未完成）
[2026-08-30 19:22:01] [orchestrator] [COLLECT] 跳过 Liu2022_wind_Standardized_measurement_of_dielectric_materials_intrinsic_triboelectric：缺少 score.json 或 index.json（reviewer 尚未完成）
[2026-08-30 19:22:01] [orchestrator] [COLLECT] 跳过 MRS Bulletin-Triboelectric nanogenerators as a probe for studying charge transfer at liquid-solid interface：缺少 score.json 或 index.json（reviewer 尚未完成）
[2026-08-30 19:22:01] [orchestrator] [COLLECT] 跳过 Materials Today-Fully sprayed triboelectric-piezoresistive hybrid sensor for intelligent sports analytics：缺少 score.json 或 index.json（reviewer 尚未完成）
[2026-08-30 19:22:01] [orchestrator] [COLLECT] 跳过 Multi-scale-interlocked-PDMS-PDMS-CB-triboelectric-tactile-sensor_2026_Nano-：缺少 score.json 或 index.json（reviewer 尚未完成）
[2026-08-30 19:22:01] [orchestrator] [COLLECT] 跳过 Nano Energy-Machine Learning Enhanced Rigiflex Pillar-Membrane Triboelectric Nanogenerator for Universal Stereoscopic Recognition：缺少 score.json 或 index.json（reviewer 尚未完成）
[2026-08-30 19:22:01] [orchestrator] [COLLECT] 跳过 Nano Energy-Monolithic thermodielectric-enhanced triboelectric sensor for autonomous safety monitoring in underground engineering：缺少 score.json 或 index.json（reviewer 尚未完成）
[2026-08-30 19:22:01] [orchestrator] [COLLECT] 跳过 Science Advances-Self-Powered Visualized Tactile-Acoustic Sensor for High-Accuracy Artificial Perception with High Brightness and Record-Low Detection Limit：缺少 score.json 或 index.json（reviewer 尚未完成）
[2026-08-30 19:22:01] [orchestrator] [COLLECT] 跳过 Small-Bioinspired Omnidirectional Iontronic Sensors Based on Triboelectric Charge：缺少 score.json 或 index.json（reviewer 尚未完成）
[2026-08-30 19:22:01] [orchestrator] [COLLECT] 跳过 Waterproof-membrane-cavity-membrane-triboelectric-acoustic-sensor_2026_Nano-：缺少 score.json 或 index.json（reviewer 尚未完成）
[2026-08-30 19:22:01] [orchestrator] [COLLECT] 跳过 Xia2023_marine_Metallic_glass_based_triboelectric_nanogenerators：缺少 score.json 或 index.json（reviewer 尚未完成）
[2026-08-30 19:22:01] [orchestrator] [COLLECT] 跳过 Xu2022_space_Van_der_Waals_force_induced_intralayer_ferroelectric_to_antiferroelectri：缺少 score.json 或 index.json（reviewer 尚未完成）
[2026-08-30 19:22:01] [orchestrator] [COLLECT] 跳过 Zhao2025_acoustic_A_pendulum_based_nanogenerator_for_high_entropy_wave_energy_harvesting：缺少 score.json 或 index.json（reviewer 尚未完成）
[2026-08-30 19:22:01] [orchestrator] [COLLECT] 跳过 biomedical_BiosensorsAnd2025_Cho_Implantable_Multilayer_Interdigitated：缺少 score.json 或 index.json（reviewer 尚未完成）
[2026-08-30 19:22:01] [orchestrator] [COLLECT] [QUALIFIED] biomedical_NatComm2024_Qiu_E_Cardiac_Patch | score=4.85 | subcat=biomedical | qa=11题 (BK1=1 | BK2=1 | BK3=1 | BK4=1 | DG1=1 | DG2=1 | DG3=1 | RP1=1 | RP2=1 | RP3=1 | RP4=1) -> papers/qualified/biomedical/biomedical_NatComm2024_Qiu_E_Cardiac_Patch
[2026-08-30 19:22:01] [orchestrator] [COLLECT] 跳过 chemical_NanoEnergy2025_Li_Probing_Leidenfrost_Effect：无 .complete 标记（reviewer 仍在出题）
[2026-08-30 19:22:01] [orchestrator] [COLLECT] 跳过 energyharv_NatComm2022_Liu_Fabrication_Triboelectric_Polymer：无 .complete 标记（reviewer 仍在出题）
[2026-08-30 19:22:01] [orchestrator] [COLLECT] [QUALIFIED] energyharv_NatComm2022_Subbotina_Aqueous_Synthesis_Highly | score=4.20 | subcat=energyharv | qa=11题 (BK1=1 | BK2=1 | BK3=1 | BK4=1 | DG1=1 | DG2=1 | DG3=1 | RP1=1 | RP2=1 | RP3=1 | RP4=1) -> papers/qualified/energyharv/energyharv_NatComm2022_Subbotina_Aqueous_Synthesis_Highly
[2026-08-30 19:22:01] [orchestrator] [COLLECT] [QUALIFIED] energyharv_NatComm2024_Wu_Efficient_Energy_Conversion | score=4.85 | subcat=energyharv | qa=11题 (BK1=1 | BK2=1 | BK3=1 | BK4=1 | DG1=1 | DG2=1 | DG3=1 | RP1=1 | RP2=1 | RP3=1 | RP4=1) -> papers/qualified/energyharv/energyharv_NatComm2024_Wu_Efficient_Energy_Conversion
[2026-08-30 19:22:01] [orchestrator] [COLLECT] [QUALIFIED] energyharv_NatComm2025_Gbadam_Direct_Current_Generation | score=4.85 | subcat=energyharv | qa=11题 (BK1=1 | BK2=1 | BK3=1 | BK4=1 | DG1=1 | DG2=1 | DG3=1 | RP1=1 | RP2=1 | RP3=1 | RP4=1) -> papers/qualified/energyharv/energyharv_NatComm2025_Gbadam_Direct_Current_Generation
[2026-08-30 19:22:01] [orchestrator] [COLLECT] [QUALIFIED] energyharv_ScienceBulletin2025_Zhang_Over_200_Times | score=4.65 | subcat=energyharv | qa=11题 (BK1=1 | BK2=1 | BK3=1 | BK4=1 | DG1=1 | DG2=1 | DG3=1 | RP1=1 | RP2=1 | RP3=1 | RP4=1) -> papers/qualified/energyharv/energyharv_ScienceBulletin2025_Zhang_Over_200_Times
[2026-08-30 19:22:01] [orchestrator] [COLLECT] 跳过 hmi_Infomat2025_Zhang_Advanced_Handwriting_Identification：无 .complete 标记（reviewer 仍在出题）
[2026-08-30 19:22:01] [orchestrator] [COLLECT] [QUALIFIED] hmi_NanoEnergy2026_Li_Gate_Coupling_Enhanced | score=4.85 | subcat=hmi | qa=11题 (BK1=1 | BK2=1 | BK3=1 | BK4=1 | DG1=1 | DG2=1 | DG3=1 | RP1=1 | RP2=1 | RP3=1 | RP4=1) -> papers/qualified/hmi/hmi_NanoEnergy2026_Li_Gate_Coupling_Enhanced
[2026-08-30 19:22:01] [orchestrator] [COLLECT] 跳过 iot_AdvFunctMater2025_Lee_Metamaterial_Adhesives_Integrated：无 .complete 标记（reviewer 仍在出题）
[2026-08-30 19:22:01] [orchestrator] [COLLECT] 跳过 iot_NanoEnergy2024_Feng_Novel_Self_Powered：缺少 score.json 或 index.json（reviewer 尚未完成）
[2026-08-30 19:22:01] [orchestrator] [COLLECT] [QUALIFIED] marine_NatComm2022_Zhao_Underwater_Wireless_Communication | score=4.70 | subcat=marine | qa=11题 (BK1=1 | BK2=1 | BK3=1 | BK4=1 | DG1=1 | DG2=1 | DG3=1 | RP1=1 | RP2=1 | RP3=1 | RP4=1) -> papers/qualified/marine/marine_NatComm2022_Zhao_Underwater_Wireless_Communication
[2026-08-30 19:22:01] [orchestrator] [COLLECT] 跳过 marine_NatComm2026_Huang_Bubble_Burst_Induced：无 .complete 标记（reviewer 仍在出题）
[2026-08-30 19:22:01] [orchestrator] [COLLECT] [QUALIFIED] motion_NanoEnergy2025_Zhang_Flexible_Magnetfe_Layers | score=4.85 | subcat=motion | qa=11题 (BK1=1 | BK2=1 | BK3=1 | BK4=1 | DG1=1 | DG2=1 | DG3=1 | RP1=1 | RP2=1 | RP3=1 | RP4=1) -> papers/qualified/motion/motion_NanoEnergy2025_Zhang_Flexible_Magnetfe_Layers
[2026-08-30 19:22:01] [orchestrator] [COLLECT] 跳过 nn2c11633：缺少 score.json 或 index.json（reviewer 尚未完成）
[2026-08-30 19:22:01] [orchestrator] [COLLECT] 跳过 nn2c11633_si_001：缺少 score.json 或 index.json（reviewer 尚未完成）
[2026-08-30 19:22:01] [orchestrator] [COLLECT] 跳过 tactile_NanoEnergy2023_Keel_Three_Dimensional_Graphene：无 .complete 标记（reviewer 仍在出题）
[2026-08-30 19:22:01] [orchestrator] [COLLECT] [QUALIFIED] tactile_NanoEnergy2024_Wang_Enhancing_Recognition_Accuracy | score=4.65 | subcat=tactile | qa=11题 (BK1=1 | BK2=1 | BK3=1 | BK4=1 | DG1=1 | DG2=1 | DG3=1 | RP1=1 | RP2=1 | RP3=1 | RP4=1) -> papers/qualified/tactile/tactile_NanoEnergy2024_Wang_Enhancing_Recognition_Accuracy
[2026-08-30 19:22:01] [orchestrator] [COLLECT] [QUALIFIED] tactile_NanoEnergy2025_Zhang_Strain_Insensitive_Stretchable | score=4.65 | subcat=tactile | qa=11题 (BK1=1 | BK2=1 | BK3=1 | BK4=1 | DG1=1 | DG2=1 | DG3=1 | RP1=1 | RP2=1 | RP3=1 | RP4=1) -> papers/qualified/tactile/tactile_NanoEnergy2025_Zhang_Strain_Insensitive_Stretchable
[2026-08-30 19:22:01] [orchestrator] [COLLECT] [QUALIFIED] tactile_NanoLett2024_Han_Flexible_Tactile_Sensors | score=4.65 | subcat=tactile | qa=11题 (BK1=1 | BK2=1 | BK3=1 | BK4=1 | DG1=1 | DG2=1 | DG3=1 | RP1=1 | RP2=1 | RP3=1 | RP4=1) -> papers/qualified/tactile/tactile_NanoLett2024_Han_Flexible_Tactile_Sensors
[2026-08-30 19:22:01] [orchestrator] [COLLECT] [QUALIFIED] tactile_NatComm2024_Shao_Large_Area_Untethered | score=5.00 | subcat=tactile | qa=11题 (BK1=1 | BK2=1 | BK3=1 | BK4=1 | DG1=1 | DG2=1 | DG3=1 | RP1=1 | RP2=1 | RP3=1 | RP4=1) -> papers/qualified/tactile/tactile_NatComm2024_Shao_Large_Area_Untethered
[2026-08-30 19:22:01] [orchestrator] [COLLECT] 跳过 wearable_AdvMater2021_Su_Selfpowered_Respiration_Monitoring：无 .complete 标记（reviewer 仍在出题）
[2026-08-30 19:22:01] [orchestrator] [COLLECT] 跳过 wearable_NanoEnergy2023_He_Mechanoreceptor_Inspired_Ear__dup1：缺少 score.json 或 index.json（reviewer 尚未完成）
[2026-08-30 19:22:01] [orchestrator] [COLLECT] [QUALIFIED] wind_NanoEnergy2025_Teli_Magnetic_Repulsion_Assisted | score=4.85 | subcat=wind | qa=11题 (BK1=1 | BK2=1 | BK3=1 | BK4=1 | DG1=1 | DG2=1 | DG3=1 | RP1=1 | RP2=1 | RP3=1 | RP4=1) -> papers/qualified/wind/wind_NanoEnergy2025_Teli_Magnetic_Repulsion_Assisted
[2026-08-30 19:22:01] [orchestrator] [COLLECT] [QUALIFIED] wind_UnpublishedManuscript2024_Basith_Upcycling_Waste_Materials | score=4.60 | subcat=wind | qa=11题 (BK1=1 | BK2=1 | BK3=1 | BK4=1 | DG1=1 | DG2=1 | DG3=1 | RP1=1 | RP2=1 | RP3=1 | RP4=1) -> papers/qualified/wind/wind_UnpublishedManuscript2024_Basith_Upcycling_Waste_Materials
[2026-08-30 19:22:01] [orchestrator] [COLLECT] 完成：qualified=14 rejected=0 skipped=34
[2026-08-30 19:22:05] [orchestrator] [UPDATE] phase 保持：screening（inbox=0 cache=34）
[2026-08-30 19:22:05] [orchestrator] [UPDATE] master.json 已写入：phase=screening
[2026-08-30 19:22:10] [orchestrator] [ASSEMBLE] 跳过：papers/qualified/.validated 不存在（qa-validator 尚未完成）
[2026-08-30 19:22:36] [reviewer] [PAPER_ID] 生成 paper_id：tactile_MaterialsToday2026_Huang_Fully_Sprayed_Triboelectric
[2026-08-30 19:22:36] [reviewer] [PAPER_ID]   subcategory=tactile venue=Materials Today date=2026-06 authors=['Lijun Huang'] title=Fully sprayed triboelectric-piezoresistive hybrid sensor for
[2026-08-30 19:22:36] [reviewer] [PAPER_ID] PDF 重命名：Materials Today-Fully sprayed triboelectric-piezoresistive hybrid sensor for intelligent sports analytics.pdf -> tactile_MaterialsToday2026_Huang_Fully_Sprayed_Triboelectric.pdf
[2026-08-30 19:22:36] [reviewer] [PAPER_ID] 目录重命名：Materials Today-Fully sprayed triboelectric-piezoresistive hybrid sensor for intelligent sports analytics -> tactile_MaterialsToday2026_Huang_Fully_Sprayed_Triboelectric
[2026-08-30 19:22:36] [reviewer] [PAPER_ID] 完成：tactile_MaterialsToday2026_Huang_Fully_Sprayed_Triboelectric
[2026-08-30 19:23:07] [reviewer] [PAPER_ID] 生成 paper_id：acoustic_NanoEnergy2026_Yuan_Waterproof_Membrane_Cavity
[2026-08-30 19:23:07] [reviewer] [PAPER_ID]   subcategory=acoustic venue=Nano Energy date=2026-06 authors=['Ming Yuan'] title=Waterproof membrane-cavity-membrane triboelectric acoustic s
[2026-08-30 19:23:07] [reviewer] [PAPER_ID] PDF 重命名：Waterproof-membrane-cavity-membrane-triboelectric-acoustic-sensor_2026_Nano-.pdf -> acoustic_NanoEnergy2026_Yuan_Waterproof_Membrane_Cavity.pdf
[2026-08-30 19:23:07] [reviewer] [PAPER_ID] 目录重命名：Waterproof-membrane-cavity-membrane-triboelectric-acoustic-sensor_2026_Nano- -> acoustic_NanoEnergy2026_Yuan_Waterproof_Membrane_Cavity
[2026-08-30 19:23:07] [reviewer] [PAPER_ID] 完成：acoustic_NanoEnergy2026_Yuan_Waterproof_Membrane_Cavity
[2026-08-30 19:26:42] [reviewer] [PAPER_ID] 生成 paper_id：tactile_Small2026_Zhou_Bioinspired_Omnidirectional_Iontronic
[2026-08-30 19:26:42] [reviewer] [PAPER_ID]   subcategory=tactile venue=Small date=2026-01 authors=['Zunkang Zhou'] title=Bioinspired Omnidirectional Iontronic Sensors Based on Tribo
[2026-08-30 19:26:42] [reviewer] [PAPER_ID] PDF 重命名：Small-Bioinspired Omnidirectional Iontronic Sensors Based on Triboelectric Charge.pdf -> tactile_Small2026_Zhou_Bioinspired_Omnidirectional_Iontronic.pdf
[2026-08-30 19:26:42] [reviewer] [PAPER_ID] 目录重命名：Small-Bioinspired Omnidirectional Iontronic Sensors Based on Triboelectric Charge -> tactile_Small2026_Zhou_Bioinspired_Omnidirectional_Iontronic
[2026-08-30 19:26:42] [reviewer] [PAPER_ID] 完成：tactile_Small2026_Zhou_Bioinspired_Omnidirectional_Iontronic
[2026-08-30 19:28:31] [reviewer] [PAPER_ID] 生成 paper_id：wearable_NanoResearch2025_Hao_Triboelectric_Nanogenerator_Changing
[2026-08-30 19:28:31] [reviewer] [PAPER_ID]   subcategory=wearable venue=Nano Research date=2025-02 authors=['Yijia Hao'] title=Triboelectric nanogenerator based on changing the nanomorpho
[2026-08-30 19:28:31] [reviewer] [PAPER_ID] PDF 重命名：Hao2024_wearable_Triboelectric_nanogenerator_based_on_changing_the_nanomorphology_of_poly.pdf -> wearable_NanoResearch2025_Hao_Triboelectric_Nanogenerator_Changing.pdf
[2026-08-30 19:28:31] [reviewer] [PAPER_ID] 目录重命名：Hao2024_wearable_Triboelectric_nanogenerator_based_on_changing_the_nanomorphology_of_poly -> wearable_NanoResearch2025_Hao_Triboelectric_Nanogenerator_Changing
[2026-08-30 19:28:31] [reviewer] [PAPER_ID] 完成：wearable_NanoResearch2025_Hao_Triboelectric_Nanogenerator_Changing
[2026-08-30 19:31:54] [reviewer] [PAPER_ID] 生成 paper_id：hmi_NanoEnergy2026_Nie_Multi_Scale_Interlocked
[2026-08-30 19:31:54] [reviewer] [PAPER_ID]   subcategory=hmi venue=Nano Energy date=2026-06 authors=['Qiyi Nie'] title=Multi-scale interlocked PDMS/PDMS-CB triboelectric tactile s
[2026-08-30 19:31:54] [reviewer] [PAPER_ID] PDF 重命名：Multi-scale-interlocked-PDMS-PDMS-CB-triboelectric-tactile-sensor_2026_Nano-.pdf -> hmi_NanoEnergy2026_Nie_Multi_Scale_Interlocked.pdf
[2026-08-30 19:31:54] [reviewer] [PAPER_ID] 目录重命名：Multi-scale-interlocked-PDMS-PDMS-CB-triboelectric-tactile-sensor_2026_Nano- -> hmi_NanoEnergy2026_Nie_Multi_Scale_Interlocked
[2026-08-30 19:31:54] [reviewer] [PAPER_ID] 完成：hmi_NanoEnergy2026_Nie_Multi_Scale_Interlocked
[2026-08-30 19:33:14] [reviewer] [PAPER_ID] 生成 paper_id：hmi_ACSNano2024_Xie_Neuromorphic_Computing_Assisted
[2026-08-30 19:33:14] [reviewer] [PAPER_ID]   subcategory=hmi venue=ACS Nano date=2024-06 authors=['Xinkai Xie'] title=Neuromorphic Computing-Assisted Triboelectric Capacitive-Cou
[2026-08-30 19:33:14] [reviewer] [PAPER_ID] PDF 重命名：ACS Nano-Neuromorphic-Computing-Assisted Triboelectric-Capacitive-Coupled Tactile Sensor Array for Wireless Mixed Reality Interaction.pdf -> hmi_ACSNano2024_Xie_Neuromorphic_Computing_Assisted.pdf
[2026-08-30 19:33:14] [reviewer] [PAPER_ID] 目录重命名：ACS Nano-Neuromorphic-Computing-Assisted Triboelectric-Capacitive-Coupled Tactile Sensor Array for Wireless Mixed Reality Interaction -> hmi_ACSNano2024_Xie_Neuromorphic_Computing_Assisted
[2026-08-30 19:33:14] [reviewer] [PAPER_ID] 完成：hmi_ACSNano2024_Xie_Neuromorphic_Computing_Assisted
[2026-08-30 19:36:43] [reviewer] [PAPER_ID] 生成 paper_id：aviation_NanoEnergy2025_Pan_Deep_Learning_Enhanced
[2026-08-30 19:36:43] [reviewer] [PAPER_ID]   subcategory=aviation venue=Nano Energy date=2025-04 authors=['Zhipeng Pan'] title=Deep learning-enhanced safety system for real-time in-situ b
[2026-08-30 19:36:43] [reviewer] [PAPER_ID] PDF 重命名：Deep-learning-enhanced-safety-system-for-real-time-in-situ-blade_2025_Nano-E.pdf -> aviation_NanoEnergy2025_Pan_Deep_Learning_Enhanced.pdf
[2026-08-30 19:36:43] [reviewer] [PAPER_ID] 目录重命名：Deep-learning-enhanced-safety-system-for-real-time-in-situ-blade_2025_Nano-E -> aviation_NanoEnergy2025_Pan_Deep_Learning_Enhanced
[2026-08-30 19:36:43] [reviewer] [PAPER_ID] 完成：aviation_NanoEnergy2025_Pan_Deep_Learning_Enhanced
[2026-08-30 19:37:27] [reviewer] [PAPER_ID] 生成 paper_id：iot_NanoEnergy2024_Feng_Novel_Self_Powered
[2026-08-30 19:37:27] [reviewer] [PAPER_ID]   subcategory=iot venue=Nano Energy date=2024-01 authors=['Yange Feng'] title=A novel self-powered triboelectric sensor for early waring o
[2026-08-30 19:37:27] [reviewer] [PAPER_ID] PDF 已是正确文件名，跳过：iot_NanoEnergy2024_Feng_Novel_Self_Powered.pdf
[2026-08-30 19:37:27] [reviewer] [PAPER_ID] 目录已是正确名称，跳过：iot_NanoEnergy2024_Feng_Novel_Self_Powered
[2026-08-30 19:37:27] [reviewer] [PAPER_ID] 完成：iot_NanoEnergy2024_Feng_Novel_Self_Powered
[2026-08-30 19:38:53] [reviewer] [PAPER_ID] 生成 paper_id：tactile_NanoEnergy2025_Chen_Enhancing_Accuracy_Triboelectric
[2026-08-30 19:38:53] [reviewer] [PAPER_ID]   subcategory=tactile venue=Nano Energy date=2025-03 authors=['Jun Chen'] title=Enhancing the accuracy of triboelectric sensor based on trib
[2026-08-30 19:38:53] [reviewer] [PAPER_ID] PDF 重命名：Enhancing-the-accuracy-of-triboelectric-sensor-based-on-triboele_2025_Nano-E.pdf -> tactile_NanoEnergy2025_Chen_Enhancing_Accuracy_Triboelectric.pdf
[2026-08-30 19:38:53] [reviewer] [PAPER_ID] 目录重命名：Enhancing-the-accuracy-of-triboelectric-sensor-based-on-triboele_2025_Nano-E -> tactile_NanoEnergy2025_Chen_Enhancing_Accuracy_Triboelectric
[2026-08-30 19:38:53] [reviewer] [PAPER_ID] 完成：tactile_NanoEnergy2025_Chen_Enhancing_Accuracy_Triboelectric
[2026-08-30 19:41:39] [reviewer] [PAPER_ID] 生成 paper_id：energyharv_NatComm2022_Liu_Standardized_Measurement_Dielectric
[2026-08-30 19:41:39] [reviewer] [PAPER_ID]   subcategory=energyharv venue=Nature Communications date=2022-10 authors=['Di Liu'] title=Standardized measurement of dielectric materials’ intrinsic 
[2026-08-30 19:41:39] [reviewer] [PAPER_ID] PDF 重命名：Liu2022_wind_Standardized_measurement_of_dielectric_materials_intrinsic_triboelectric.pdf -> energyharv_NatComm2022_Liu_Standardized_Measurement_Dielectric.pdf
[2026-08-30 19:41:39] [reviewer] [PAPER_ID] 目录重命名：Liu2022_wind_Standardized_measurement_of_dielectric_materials_intrinsic_triboelectric -> energyharv_NatComm2022_Liu_Standardized_Measurement_Dielectric
[2026-08-30 19:41:39] [reviewer] [PAPER_ID] 完成：energyharv_NatComm2022_Liu_Standardized_Measurement_Dielectric
[2026-08-30 19:43:56] [reviewer] [PAPER_ID] 生成 paper_id：marine_NatComm2025_Zhao_Pendulum_Nanogenerator_High
[2026-08-30 19:43:56] [reviewer] [PAPER_ID]   subcategory=marine venue=Nature Communications date=2025-06 authors=['Tiancong Zhao'] title=A pendulum-based nanogenerator for high-entropy wave energy 
[2026-08-30 19:43:56] [reviewer] [PAPER_ID] PDF 重命名：Zhao2025_acoustic_A_pendulum_based_nanogenerator_for_high_entropy_wave_energy_harvesting.pdf -> marine_NatComm2025_Zhao_Pendulum_Nanogenerator_High.pdf
[2026-08-30 19:43:56] [reviewer] [PAPER_ID] 目录重命名：Zhao2025_acoustic_A_pendulum_based_nanogenerator_for_high_entropy_wave_energy_harvesting -> marine_NatComm2025_Zhao_Pendulum_Nanogenerator_High
[2026-08-30 19:43:56] [reviewer] [PAPER_ID] 完成：marine_NatComm2025_Zhao_Pendulum_Nanogenerator_High
[2026-08-30 19:45:48] [reviewer] [PAPER_ID] 生成 paper_id：energyharv_NatComm2023_Xia_Metallic_Glass_Triboelectric
[2026-08-30 19:45:48] [reviewer] [PAPER_ID]   subcategory=energyharv venue=Nature Communications date=2023-02 authors=['Xin Xia'] title=Metallic glass-based triboelectric nanogenerators
[2026-08-30 19:45:48] [reviewer] [PAPER_ID] PDF 重命名：Xia2023_marine_Metallic_glass_based_triboelectric_nanogenerators.pdf -> energyharv_NatComm2023_Xia_Metallic_Glass_Triboelectric.pdf
[2026-08-30 19:45:48] [reviewer] [PAPER_ID] 目录重命名：Xia2023_marine_Metallic_glass_based_triboelectric_nanogenerators -> energyharv_NatComm2023_Xia_Metallic_Glass_Triboelectric
[2026-08-30 19:45:48] [reviewer] [PAPER_ID] 完成：energyharv_NatComm2023_Xia_Metallic_Glass_Triboelectric
[2026-08-30 19:52:45] [reviewer] [PAPER_ID] 生成 paper_id：iot_NatComm2026_Chen_Structural_Superlubricity_Triboelectric
[2026-08-30 19:52:45] [reviewer] [PAPER_ID]   subcategory=iot venue=Nature Communications date=2026-06 authors=['Chaojie Chen'] title=Structural superlubricity triboelectric nanogenerator with n
[2026-08-30 19:52:45] [reviewer] [PAPER_ID] PDF 重命名：Chen2026_iot_Structural_superlubricity_triboelectric_nanogenerator_with_negligible_we.pdf -> iot_NatComm2026_Chen_Structural_Superlubricity_Triboelectric.pdf
[2026-08-30 19:52:45] [reviewer] [PAPER_ID] 目录重命名：Chen2026_iot_Structural_superlubricity_triboelectric_nanogenerator_with_negligible_we -> iot_NatComm2026_Chen_Structural_Superlubricity_Triboelectric
[2026-08-30 19:52:45] [reviewer] [PAPER_ID] 完成：iot_NatComm2026_Chen_Structural_Superlubricity_Triboelectric
[2026-08-30 19:54:07] [reviewer] [PAPER_ID] 生成 paper_id：robotics_NanoEnergy2024_Xiong_Machine_Learning_Enhanced
[2026-08-30 19:54:07] [reviewer] [PAPER_ID]   subcategory=robotics venue=Nano Energy date=2024-07 authors=['Yao Xiong'] title=Machine learning enhanced rigiflex pillar-membrane triboelec
[2026-08-30 19:54:07] [reviewer] [PAPER_ID] PDF 重命名：Nano Energy-Machine Learning Enhanced Rigiflex Pillar-Membrane Triboelectric Nanogenerator for Universal Stereoscopic Recognition.pdf -> robotics_NanoEnergy2024_Xiong_Machine_Learning_Enhanced.pdf
[2026-08-30 19:54:07] [reviewer] [PAPER_ID] 目录重命名：Nano Energy-Machine Learning Enhanced Rigiflex Pillar-Membrane Triboelectric Nanogenerator for Universal Stereoscopic Recognition -> robotics_NanoEnergy2024_Xiong_Machine_Learning_Enhanced
[2026-08-30 19:54:07] [reviewer] [PAPER_ID] 完成：robotics_NanoEnergy2024_Xiong_Machine_Learning_Enhanced
[2026-08-30 19:55:27] [reviewer] [PAPER_ID] 生成 paper_id：chemical_MrsBulletin2025_Zhang_Triboelectric_Nanogenerators_As
[2026-08-30 19:55:27] [reviewer] [PAPER_ID]   subcategory=chemical venue=MRS Bulletin date=2025-03 authors=['Jinyang Zhang'] title=Triboelectric nanogenerators as a probe for studying charge 
[2026-08-30 19:55:27] [reviewer] [PAPER_ID] PDF 重命名：MRS Bulletin-Triboelectric nanogenerators as a probe for studying charge transfer at liquid-solid interface.pdf -> chemical_MrsBulletin2025_Zhang_Triboelectric_Nanogenerators_As.pdf
[2026-08-30 19:55:27] [reviewer] [PAPER_ID] 目录重命名：MRS Bulletin-Triboelectric nanogenerators as a probe for studying charge transfer at liquid-solid interface -> chemical_MrsBulletin2025_Zhang_Triboelectric_Nanogenerators_As
[2026-08-30 19:55:27] [reviewer] [PAPER_ID] 完成：chemical_MrsBulletin2025_Zhang_Triboelectric_Nanogenerators_As
[2026-08-30 19:59:06] [reviewer] [PAPER_ID] 生成 paper_id：chemical_ACSNano2023_Zhang_Triboelectric_Nanogenerator_Array
[2026-08-30 19:59:06] [reviewer] [PAPER_ID]   subcategory=chemical venue=ACS Nano date=2023-01 authors=['Jinyang Zhang'] title=Triboelectric Nanogenerator Array as a Probe for In Situ Dyn
[2026-08-30 19:59:06] [reviewer] [PAPER_ID] PDF 重命名：nn2c11633.pdf -> chemical_ACSNano2023_Zhang_Triboelectric_Nanogenerator_Array.pdf
[2026-08-30 19:59:06] [reviewer] [PAPER_ID] 目录重命名：nn2c11633 -> chemical_ACSNano2023_Zhang_Triboelectric_Nanogenerator_Array
[2026-08-30 19:59:06] [reviewer] [PAPER_ID] 完成：chemical_ACSNano2023_Zhang_Triboelectric_Nanogenerator_Array
[2026-08-30 20:00:41] [reviewer] [PAPER_ID] 生成 paper_id：energyharv_NpjComputational2022_Xu_Van_Der_Waals
[2026-08-30 20:00:41] [reviewer] [PAPER_ID]   subcategory=energyharv venue=npj Computational Materials date=2022-03 authors=['Bo Xu'] title=Van der Waals force-induced intralayer ferroelectric-to-anti
[2026-08-30 20:00:41] [reviewer] [PAPER_ID] PDF 重命名：Xu2022_space_Van_der_Waals_force_induced_intralayer_ferroelectric_to_antiferroelectri.pdf -> energyharv_NpjComputational2022_Xu_Van_Der_Waals.pdf
[2026-08-30 20:00:41] [reviewer] [PAPER_ID] 目录重命名：Xu2022_space_Van_der_Waals_force_induced_intralayer_ferroelectric_to_antiferroelectri -> energyharv_NpjComputational2022_Xu_Van_Der_Waals
[2026-08-30 20:00:41] [reviewer] [PAPER_ID] 完成：energyharv_NpjComputational2022_Xu_Van_Der_Waals
[2026-08-30 20:01:29] [orchestrator] [DISTRIBUTE] 扫描 inbox，发现 0 个 PDF
[2026-08-30 20:01:29] [orchestrator] [DISTRIBUTE] 完成：新分发 0 篇，已存在跳过 0 篇，inbox 当前 0 篇残留
[2026-08-30 20:01:29] [orchestrator] [DISTRIBUTE] cache 当前目录数：34
[2026-08-30 20:01:35] [orchestrator] [COLLECT] 扫描 cache，发现 34 个目录
[2026-08-30 20:01:35] [orchestrator] [COLLECT] 跳过 A-multi-dimensional-tactile-perception-system-based-on-triboelect_2024_Nano-：缺少 score.json 或 index.json（reviewer 尚未完成）
[2026-08-30 20:01:35] [orchestrator] [COLLECT] 跳过 Advanced Energy Materials - 2025 - Zhang - Fur‐Brush Disk Triboelectric Nanogenerator Driven by Cantilever Oscillating：缺少 score.json 或 index.json（reviewer 尚未完成）
[2026-08-30 20:01:35] [orchestrator] [COLLECT] 跳过 Advanced Science - 2025 - Yang - Skeleton Enhanced Dispersed Lubricant Particle Based Triboelectric Nanogenerator for：缺少 score.json 或 index.json（reviewer 尚未完成）
[2026-08-30 20:01:35] [orchestrator] [COLLECT] 跳过 Innovative-smart-gloves-with-Phalanges-based-triboelectric-sensor_2025_Nano-：缺少 score.json 或 index.json（reviewer 尚未完成）
[2026-08-30 20:01:35] [orchestrator] [COLLECT] 跳过 Intelligent-triboelectric-sensor-for-rapid-detecting-of-oil-m_2026_Nano-Ener：缺少 score.json 或 index.json（reviewer 尚未完成）
[2026-08-30 20:01:35] [orchestrator] [COLLECT] 跳过 Nano Energy-Monolithic thermodielectric-enhanced triboelectric sensor for autonomous safety monitoring in underground engineering：缺少 score.json 或 index.json（reviewer 尚未完成）
[2026-08-30 20:01:35] [orchestrator] [COLLECT] 跳过 Science Advances-Self-Powered Visualized Tactile-Acoustic Sensor for High-Accuracy Artificial Perception with High Brightness and Record-Low Detection Limit：缺少 score.json 或 index.json（reviewer 尚未完成）
[2026-08-30 20:01:35] [orchestrator] [COLLECT] [QUALIFIED] acoustic_NanoEnergy2026_Yuan_Waterproof_Membrane_Cavity | score=4.85 | subcat=acoustic | qa=11题 (BK1=1 | BK2=1 | BK3=1 | BK4=1 | DG1=1 | DG2=1 | DG3=1 | RP1=1 | RP2=1 | RP3=1 | RP4=1) -> papers/qualified/acoustic/acoustic_NanoEnergy2026_Yuan_Waterproof_Membrane_Cavity
[2026-08-30 20:01:35] [orchestrator] [COLLECT] [QUALIFIED] aviation_NanoEnergy2025_Pan_Deep_Learning_Enhanced | score=4.85 | subcat=aviation | qa=11题 (BK1=1 | BK2=1 | BK3=1 | BK4=1 | DG1=1 | DG2=1 | DG3=1 | RP1=1 | RP2=1 | RP3=1 | RP4=1) -> papers/qualified/aviation/aviation_NanoEnergy2025_Pan_Deep_Learning_Enhanced
[2026-08-30 20:01:35] [orchestrator] [COLLECT] [QUALIFIED] biomedical_BiosensorsAnd2025_Cho_Implantable_Multilayer_Interdigitated | score=4.85 | subcat=biomedical | qa=11题 (BK1=1 | BK2=1 | BK3=1 | BK4=1 | DG1=1 | DG2=1 | DG3=1 | RP1=1 | RP2=1 | RP3=1 | RP4=1) -> papers/qualified/biomedical/biomedical_BiosensorsAnd2025_Cho_Implantable_Multilayer_Interdigitated
[2026-08-30 20:01:35] [orchestrator] [COLLECT] 跳过 chemical_ACSNano2023_Zhang_Triboelectric_Nanogenerator_Array：缺少 score.json 或 index.json（reviewer 尚未完成）
[2026-08-30 20:01:35] [orchestrator] [COLLECT] 跳过 chemical_MrsBulletin2025_Zhang_Triboelectric_Nanogenerators_As：无 .complete 标记（reviewer 仍在出题）
[2026-08-30 20:01:35] [orchestrator] [COLLECT] [QUALIFIED] chemical_NanoEnergy2025_Li_Probing_Leidenfrost_Effect | score=4.40 | subcat=chemical | qa=11题 (BK1=1 | BK2=1 | BK3=1 | BK4=1 | DG1=1 | DG2=1 | DG3=1 | RP1=1 | RP2=1 | RP3=1 | RP4=1) -> papers/qualified/chemical/chemical_NanoEnergy2025_Li_Probing_Leidenfrost_Effect
[2026-08-30 20:01:35] [orchestrator] [COLLECT] [QUALIFIED] energyharv_NatComm2022_Liu_Fabrication_Triboelectric_Polymer | score=4.85 | subcat=energyharv | qa=11题 (BK1=1 | BK2=1 | BK3=1 | BK4=1 | DG1=1 | DG2=1 | DG3=1 | RP1=1 | RP2=1 | RP3=1 | RP4=1) -> papers/qualified/energyharv/energyharv_NatComm2022_Liu_Fabrication_Triboelectric_Polymer
[2026-08-30 20:01:35] [orchestrator] [COLLECT] [QUALIFIED] energyharv_NatComm2022_Liu_Standardized_Measurement_Dielectric | score=4.70 | subcat=energyharv | qa=11题 (BK1=1 | BK2=1 | BK3=1 | BK4=1 | DG1=1 | DG2=1 | DG3=1 | RP1=1 | RP2=1 | RP3=1 | RP4=1) -> papers/qualified/energyharv/energyharv_NatComm2022_Liu_Standardized_Measurement_Dielectric
[2026-08-30 20:01:35] [orchestrator] [COLLECT] [QUALIFIED] energyharv_NatComm2023_Xia_Metallic_Glass_Triboelectric | score=4.85 | subcat=energyharv | qa=11题 (BK1=1 | BK2=1 | BK3=1 | BK4=1 | DG1=1 | DG2=1 | DG3=1 | RP1=1 | RP2=1 | RP3=1 | RP4=1) -> papers/qualified/energyharv/energyharv_NatComm2023_Xia_Metallic_Glass_Triboelectric
[2026-08-30 20:01:35] [orchestrator] [COLLECT] 跳过 energyharv_NpjComputational2022_Xu_Van_Der_Waals：缺少 score.json 或 index.json（reviewer 尚未完成）
[2026-08-30 20:01:35] [orchestrator] [COLLECT] [QUALIFIED] hmi_ACSNano2024_Xie_Neuromorphic_Computing_Assisted | score=4.85 | subcat=hmi | qa=11题 (BK1=1 | BK2=1 | BK3=1 | BK4=1 | DG1=1 | DG2=1 | DG3=1 | RP1=1 | RP2=1 | RP3=1 | RP4=1) -> papers/qualified/hmi/hmi_ACSNano2024_Xie_Neuromorphic_Computing_Assisted
[2026-08-30 20:01:35] [orchestrator] [COLLECT] [QUALIFIED] hmi_Infomat2025_Zhang_Advanced_Handwriting_Identification | score=4.60 | subcat=hmi | qa=11题 (BK1=1 | BK2=1 | BK3=1 | BK4=1 | DG1=1 | DG2=1 | DG3=1 | RP1=1 | RP2=1 | RP3=1 | RP4=1) -> papers/qualified/hmi/hmi_Infomat2025_Zhang_Advanced_Handwriting_Identification
[2026-08-30 20:01:35] [orchestrator] [COLLECT] [QUALIFIED] hmi_NanoEnergy2026_Nie_Multi_Scale_Interlocked | score=4.85 | subcat=hmi | qa=11题 (BK1=1 | BK2=1 | BK3=1 | BK4=1 | DG1=1 | DG2=1 | DG3=1 | RP1=1 | RP2=1 | RP3=1 | RP4=1) -> papers/qualified/hmi/hmi_NanoEnergy2026_Nie_Multi_Scale_Interlocked
[2026-08-30 20:01:35] [orchestrator] [COLLECT] 跳过 iot_AdvFunctMater2025_Lee_Metamaterial_Adhesives_Integrated：无 .complete 标记（reviewer 仍在出题）
[2026-08-30 20:01:35] [orchestrator] [COLLECT] [QUALIFIED] iot_NanoEnergy2024_Feng_Novel_Self_Powered | score=4.65 | subcat=iot | qa=11题 (BK1=1 | BK2=1 | BK3=1 | BK4=1 | DG1=1 | DG2=1 | DG3=1 | RP1=1 | RP2=1 | RP3=1 | RP4=1) -> papers/qualified/iot/iot_NanoEnergy2024_Feng_Novel_Self_Powered
[2026-08-30 20:01:35] [orchestrator] [COLLECT] 跳过 iot_NatComm2026_Chen_Structural_Superlubricity_Triboelectric：无 .complete 标记（reviewer 仍在出题）
[2026-08-30 20:01:35] [orchestrator] [COLLECT] [QUALIFIED] marine_NatComm2025_Zhao_Pendulum_Nanogenerator_High | score=4.85 | subcat=marine | qa=11题 (BK1=1 | BK2=1 | BK3=1 | BK4=1 | DG1=1 | DG2=1 | DG3=1 | RP1=1 | RP2=1 | RP3=1 | RP4=1) -> papers/qualified/marine/marine_NatComm2025_Zhao_Pendulum_Nanogenerator_High
[2026-08-30 20:01:35] [orchestrator] [COLLECT] 跳过 marine_NatComm2026_Huang_Bubble_Burst_Induced：无 .complete 标记（reviewer 仍在出题）
[2026-08-30 20:01:35] [orchestrator] [COLLECT] 跳过 nn2c11633_si_001：缺少 score.json 或 index.json（reviewer 尚未完成）
[2026-08-30 20:01:35] [orchestrator] [COLLECT] 跳过 robotics_NanoEnergy2024_Xiong_Machine_Learning_Enhanced：无 .complete 标记（reviewer 仍在出题）
[2026-08-30 20:01:35] [orchestrator] [COLLECT] [QUALIFIED] tactile_MaterialsToday2026_Huang_Fully_Sprayed_Triboelectric | score=4.85 | subcat=tactile | qa=11题 (BK1=1 | BK2=1 | BK3=1 | BK4=1 | DG1=1 | DG2=1 | DG3=1 | RP1=1 | RP2=1 | RP3=1 | RP4=1) -> papers/qualified/tactile/tactile_MaterialsToday2026_Huang_Fully_Sprayed_Triboelectric
[2026-08-30 20:01:35] [orchestrator] [COLLECT] [QUALIFIED] tactile_NanoEnergy2023_Keel_Three_Dimensional_Graphene | score=4.65 | subcat=tactile | qa=11题 (BK1=1 | BK2=1 | BK3=1 | BK4=1 | DG1=1 | DG2=1 | DG3=1 | RP1=1 | RP2=1 | RP3=1 | RP4=1) -> papers/qualified/tactile/tactile_NanoEnergy2023_Keel_Three_Dimensional_Graphene
[2026-08-30 20:01:35] [orchestrator] [COLLECT] [QUALIFIED] tactile_NanoEnergy2025_Chen_Enhancing_Accuracy_Triboelectric | score=4.65 | subcat=tactile | qa=11题 (BK1=1 | BK2=1 | BK3=1 | BK4=1 | DG1=1 | DG2=1 | DG3=1 | RP1=1 | RP2=1 | RP3=1 | RP4=1) -> papers/qualified/tactile/tactile_NanoEnergy2025_Chen_Enhancing_Accuracy_Triboelectric
[2026-08-30 20:01:35] [orchestrator] [COLLECT] [QUALIFIED] tactile_Small2026_Zhou_Bioinspired_Omnidirectional_Iontronic | score=4.85 | subcat=tactile | qa=11题 (BK1=1 | BK2=1 | BK3=1 | BK4=1 | DG1=1 | DG2=1 | DG3=1 | RP1=1 | RP2=1 | RP3=1 | RP4=1) -> papers/qualified/tactile/tactile_Small2026_Zhou_Bioinspired_Omnidirectional_Iontronic
[2026-08-30 20:01:35] [orchestrator] [COLLECT] 跳过 wearable_AdvMater2021_Su_Selfpowered_Respiration_Monitoring：无 .complete 标记（reviewer 仍在出题）
[2026-08-30 20:01:35] [orchestrator] [COLLECT] 跳过 wearable_NanoEnergy2023_He_Mechanoreceptor_Inspired_Ear__dup1：缺少 score.json 或 index.json（reviewer 尚未完成）
[2026-08-30 20:01:35] [orchestrator] [COLLECT] [QUALIFIED] wearable_NanoResearch2025_Hao_Triboelectric_Nanogenerator_Changing | score=4.65 | subcat=wearable | qa=11题 (BK1=1 | BK2=1 | BK3=1 | BK4=1 | DG1=1 | DG2=1 | DG3=1 | RP1=1 | RP2=1 | RP3=1 | RP4=1) -> papers/qualified/wearable/wearable_NanoResearch2025_Hao_Triboelectric_Nanogenerator_Changing
[2026-08-30 20:01:35] [orchestrator] [COLLECT] 完成：qualified=17 rejected=0 skipped=17
[2026-08-30 20:01:40] [orchestrator] [UPDATE] phase 保持：screening（inbox=0 cache=17）
[2026-08-30 20:01:40] [orchestrator] [UPDATE] master.json 已写入：phase=screening
[2026-08-30 20:01:45] [orchestrator] [ASSEMBLE] 跳过：papers/qualified/.validated 不存在（qa-validator 尚未完成）
[2026-08-30 20:02:47] [reviewer] [PAPER_ID] 生成 paper_id：chemical_ACSNano2023_Zhang_Triboelectric_Nanogenerator_Array
[2026-08-30 20:02:47] [reviewer] [PAPER_ID]   subcategory=chemical venue=ACS Nano date=2023-01 authors=['Jinyang Zhang'] title=Triboelectric Nanogenerator Array as a Probe for In Situ Dyn
[2026-08-30 20:02:47] [reviewer] [PAPER_ID] PDF 已是正确文件名，跳过：chemical_ACSNano2023_Zhang_Triboelectric_Nanogenerator_Array.pdf
[2026-08-30 20:02:47] [reviewer] [PAPER_ID] 目录已是正确名称，跳过：chemical_ACSNano2023_Zhang_Triboelectric_Nanogenerator_Array
[2026-08-30 20:02:47] [reviewer] [PAPER_ID] 完成：chemical_ACSNano2023_Zhang_Triboelectric_Nanogenerator_Array
[2026-08-30 21:37:36] [orchestrator] [DISTRIBUTE] 扫描 inbox，发现 0 个 PDF
[2026-08-30 21:37:36] [orchestrator] [DISTRIBUTE] 完成：新分发 0 篇，已存在跳过 0 篇，inbox 当前 0 篇残留
[2026-08-30 21:37:36] [orchestrator] [DISTRIBUTE] cache 当前目录数：19
[2026-08-30 21:37:44] [orchestrator] [COLLECT] 扫描 cache，发现 18 个目录
[2026-08-30 21:37:44] [orchestrator] [COLLECT] 跳过 A-multi-dimensional-tactile-perception-system-based-on-triboelect_2024_Nano-：缺少 score.json 或 index.json（reviewer 尚未完成）
[2026-08-30 21:37:44] [orchestrator] [COLLECT] 跳过 Advanced Energy Materials - 2025 - Zhang - Fur‐Brush Disk Triboelectric Nanogenerator Driven by Cantilever Oscillating：缺少 score.json 或 index.json（reviewer 尚未完成）
[2026-08-30 21:37:44] [orchestrator] [COLLECT] 跳过 Advanced Science - 2025 - Yang - Skeleton Enhanced Dispersed Lubricant Particle Based Triboelectric Nanogenerator for：缺少 score.json 或 index.json（reviewer 尚未完成）
[2026-08-30 21:37:44] [orchestrator] [COLLECT] 跳过 Innovative-smart-gloves-with-Phalanges-based-triboelectric-sensor_2025_Nano-：缺少 score.json 或 index.json（reviewer 尚未完成）
[2026-08-30 21:37:44] [orchestrator] [COLLECT] 跳过 Intelligent-triboelectric-sensor-for-rapid-detecting-of-oil-m_2026_Nano-Ener：缺少 score.json 或 index.json（reviewer 尚未完成）
[2026-08-30 21:37:44] [orchestrator] [COLLECT] 跳过 Nano Energy-Monolithic thermodielectric-enhanced triboelectric sensor for autonomous safety monitoring in underground engineering：缺少 score.json 或 index.json（reviewer 尚未完成）
[2026-08-30 21:37:44] [orchestrator] [COLLECT] 跳过 Science Advances-Self-Powered Visualized Tactile-Acoustic Sensor for High-Accuracy Artificial Perception with High Brightness and Record-Low Detection Limit：缺少 score.json 或 index.json（reviewer 尚未完成）
[2026-08-30 21:37:44] [orchestrator] [COLLECT] [QUALIFIED] chemical_ACSNano2023_Zhang_Triboelectric_Nanogenerator_Array | score=4.65 | subcat=chemical | qa=11题 (BK1=1 | BK2=1 | BK3=1 | BK4=1 | DG1=1 | DG2=1 | DG3=1 | RP1=1 | RP2=1 | RP3=1 | RP4=1) -> papers/qualified/chemical/chemical_ACSNano2023_Zhang_Triboelectric_Nanogenerator_Array
[2026-08-30 21:37:44] [orchestrator] [COLLECT] [QUALIFIED] chemical_MrsBulletin2025_Zhang_Triboelectric_Nanogenerators_As | score=4.85 | subcat=chemical | qa=11题 (BK1=1 | BK2=1 | BK3=1 | BK4=1 | DG1=1 | DG2=1 | DG3=1 | RP1=1 | RP2=1 | RP3=1 | RP4=1) -> papers/qualified/chemical/chemical_MrsBulletin2025_Zhang_Triboelectric_Nanogenerators_As
[2026-08-30 21:37:44] [orchestrator] [COLLECT] 跳过 energyharv_NpjComputational2022_Xu_Van_Der_Waals：无 .complete 标记（reviewer 仍在出题）
[2026-08-30 21:37:44] [orchestrator] [COLLECT] 跳过 iot_AdvFunctMater2025_Lee_Metamaterial_Adhesives_Integrated：无 .complete 标记（reviewer 仍在出题）
[2026-08-30 21:37:44] [orchestrator] [COLLECT] [QUALIFIED] iot_NanoEnergy2026_Li_Compact_Hybrid_Synchronous | score=4.85 | subcat=iot | qa=11题 (BK1=1 | BK2=1 | BK3=1 | BK4=1 | DG1=1 | DG2=1 | DG3=1 | RP1=1 | RP2=1 | RP3=1 | RP4=1) -> papers/qualified/iot/iot_NanoEnergy2026_Li_Compact_Hybrid_Synchronous
[2026-08-30 21:37:44] [orchestrator] [COLLECT] [QUALIFIED] iot_NatComm2026_Chen_Structural_Superlubricity_Triboelectric | score=4.85 | subcat=iot | qa=11题 (BK1=1 | BK2=1 | BK3=1 | BK4=1 | DG1=1 | DG2=1 | DG3=1 | RP1=1 | RP2=1 | RP3=1 | RP4=1) -> papers/qualified/iot/iot_NatComm2026_Chen_Structural_Superlubricity_Triboelectric
[2026-08-30 21:37:44] [orchestrator] [COLLECT] 跳过 marine_NatComm2026_Huang_Bubble_Burst_Induced：无 .complete 标记（reviewer 仍在出题）
[2026-08-30 21:37:44] [orchestrator] [COLLECT] 跳过 nn2c11633_si_001：缺少 score.json 或 index.json（reviewer 尚未完成）
[2026-08-30 21:37:44] [orchestrator] [COLLECT] [QUALIFIED] robotics_NanoEnergy2024_Xiong_Machine_Learning_Enhanced | score=4.85 | subcat=robotics | qa=11题 (BK1=1 | BK2=1 | BK3=1 | BK4=1 | DG1=1 | DG2=1 | DG3=1 | RP1=1 | RP2=1 | RP3=1 | RP4=1) -> papers/qualified/robotics/robotics_NanoEnergy2024_Xiong_Machine_Learning_Enhanced
[2026-08-30 21:37:44] [orchestrator] [COLLECT] 跳过 wearable_AdvMater2021_Su_Selfpowered_Respiration_Monitoring：无 .complete 标记（reviewer 仍在出题）
[2026-08-30 21:37:44] [orchestrator] [COLLECT] 跳过 wearable_NanoEnergy2023_He_Mechanoreceptor_Inspired_Ear__dup1：缺少 score.json 或 index.json（reviewer 尚未完成）
[2026-08-30 21:37:44] [orchestrator] [COLLECT] 完成：qualified=5 rejected=0 skipped=13
[2026-08-30 21:37:52] [orchestrator] [UPDATE] phase 保持：screening（inbox=0 cache=13）
[2026-08-30 21:37:52] [orchestrator] [UPDATE] master.json 已写入：phase=screening
[2026-08-30 21:39:02] [orchestrator] [DISTRIBUTE] 扫描 inbox，发现 0 个 PDF
[2026-08-30 21:39:02] [orchestrator] [DISTRIBUTE] 完成：新分发 0 篇，已存在跳过 0 篇，inbox 当前 0 篇残留
[2026-08-30 21:39:02] [orchestrator] [DISTRIBUTE] cache 当前目录数：14
[2026-08-30 21:40:38] [orchestrator] [UPDATE] phase 切换：screening -> calibration（inbox=0 cache=0）
[2026-08-30 21:40:38] [orchestrator] [UPDATE] master.json 已写入：phase=calibration
[2026-08-30 22:10:33] [orchestrator] [DISTRIBUTE] 扫描 inbox，发现 0 个 PDF
[2026-08-30 22:10:33] [orchestrator] [DISTRIBUTE] 完成：新分发 0 篇，已存在跳过 0 篇，inbox 当前 0 篇残留
[2026-08-30 22:10:33] [orchestrator] [DISTRIBUTE] cache 当前目录数：1
[2026-08-30 22:11:22] [orchestrator] [COLLECT] 扫描 cache，发现 0 个目录
[2026-08-30 22:11:22] [orchestrator] [COLLECT] 完成：qualified=0 rejected=0 skipped=0
[2026-08-30 22:11:41] [orchestrator] [UPDATE] phase 保持：calibration（inbox=0 cache=0）
[2026-08-30 22:11:41] [orchestrator] [UPDATE] master.json 已写入：phase=calibration
[2026-08-30 22:12:51] [orchestrator] [ASSEMBLE] 跳过：papers/qualified/.validated 不存在（qa-validator 尚未完成）
[2026-08-30 22:18:55] [orchestrator] [UPDATE] phase 保持：calibration（inbox=0 cache=0）
[2026-08-30 22:18:55] [orchestrator] [UPDATE] master.json 已写入：phase=calibration
[2026-08-30 22:59:21] [orchestrator] [ASSEMBLE] 跳过：papers/qualified/.validated 不存在（qa-validator 尚未完成）
[2026-08-30 23:28:19] [orchestrator] [ASSEMBLE] 开始组装 benchmark...
[2026-08-30 23:28:19] [orchestrator] [ASSEMBLE] 扫描到 5335 道题
[2026-08-30 23:28:21] [orchestrator] [ASSEMBLE] 复制完成：总计 5335 题，复制 5335 题，跳过 0 题
[2026-08-30 23:28:21] [orchestrator] [ASSEMBLE]   L1: 1940 题
[2026-08-30 23:28:21] [orchestrator] [ASSEMBLE]   L2: 1940 题
[2026-08-30 23:28:21] [orchestrator] [ASSEMBLE]   L3: 1455 题
[2026-08-30 23:28:21] [orchestrator] [ASSEMBLE] phase -> ready，benchmark 已就绪
